{"level":"warn","message":"DB connection started","service":"auth-service","timestamp":"2025-08-06T18:34:52.725Z"}
{"0":"N","1":"o","10":"R","11":"L","12":" ","13":"f","14":"o","15":"u","16":"n","17":"d","2":" ","3":"M","4":"U","5":"N","6":"G","7":"U","8":"_","9":"U","level":"warn","message":"MUNGU_DB error:","service":"auth-service","timestamp":"2025-08-06T18:34:52.727Z"}
{"level":"error","message":"DB error: No MUNGU_URL found","service":"auth-service","stack":"Error: No MUNGU_URL found\n    at dbConnectFunc (/Users/home/Desktop/projects/social-media-microservices/authservices/src/confiq/dbConnect.ts:12:19)\n    at Server.<anonymous> (/Users/home/Desktop/projects/social-media-microservices/authservices/src/server.ts:48:28)\n    at Server.f (/Users/home/Desktop/projects/social-media-microservices/authservices/node_modules/once/once.js:25:25)\n    at Object.onceWrapper (node:events:621:28)\n    at Server.emit (node:events:519:35)\n    at Server.emit (node:domain:489:12)\n    at emitListeningNT (node:net:1982:10)\n    at processTicksAndRejections (node:internal/process/task_queues:89:21)","timestamp":"2025-08-06T18:34:52.734Z"}
{"level":"warn","message":"App started at port 3001","service":"auth-service","timestamp":"2025-08-06T18:34:52.735Z"}
{"level":"info","message":"Successfully connected to Redis","service":"auth-service","timestamp":"2025-08-06T18:34:52.739Z"}
{"level":"info","message":"Redis client is ready","service":"auth-service","timestamp":"2025-08-06T18:34:52.855Z"}
{"level":"warn","message":"DB connection started","service":"auth-service","timestamp":"2025-08-06T18:38:03.841Z"}
{"level":"info","message":"Successfully connected to Redis","service":"auth-service","timestamp":"2025-08-06T18:38:03.851Z"}
{"level":"info","message":"Redis client is ready","service":"auth-service","timestamp":"2025-08-06T18:38:03.862Z"}
{"cause":{"commonWireVersion":0,"compatible":true,"heartbeatFrequencyMS":10000,"localThresholdMS":15,"logicalSessionTimeoutMinutes":null,"maxElectionId":null,"maxSetVersion":null,"servers":{"ac-4e4tmwf-shard-00-00.br1camr.mongodb.net:27017":{"$clusterTime":null,"address":"ac-4e4tmwf-shard-00-00.br1camr.mongodb.net:27017","arbiters":[],"electionId":null,"error":{"beforeHandshake":false,"errorLabelSet":{}},"hosts":[],"iscryptd":false,"lastUpdateTime":3236992336,"lastWriteDate":0,"logicalSessionTimeoutMinutes":null,"maxBsonObjectSize":null,"maxMessageSizeBytes":null,"maxWireVersion":0,"maxWriteBatchSize":null,"me":null,"minRoundTripTime":0,"minWireVersion":0,"passives":[],"primary":null,"roundTripTime":-1,"setName":null,"setVersion":null,"tags":{},"topologyVersion":null,"type":"Unknown"},"ac-4e4tmwf-shard-00-01.br1camr.mongodb.net:27017":{"$clusterTime":null,"address":"ac-4e4tmwf-shard-00-01.br1camr.mongodb.net:27017","arbiters":[],"electionId":null,"error":{"beforeHandshake":false,"errorLabelSet":{}},"hosts":[],"iscryptd":false,"lastUpdateTime":3236992363,"lastWriteDate":0,"logicalSessionTimeoutMinutes":null,"maxBsonObjectSize":null,"maxMessageSizeBytes":null,"maxWireVersion":0,"maxWriteBatchSize":null,"me":null,"minRoundTripTime":0,"minWireVersion":0,"passives":[],"primary":null,"roundTripTime":-1,"setName":null,"setVersion":null,"tags":{},"topologyVersion":null,"type":"Unknown"},"ac-4e4tmwf-shard-00-02.br1camr.mongodb.net:27017":{"$clusterTime":null,"address":"ac-4e4tmwf-shard-00-02.br1camr.mongodb.net:27017","arbiters":[],"electionId":null,"error":{"beforeHandshake":false,"errorLabelSet":{}},"hosts":[],"iscryptd":false,"lastUpdateTime":3236992364,"lastWriteDate":0,"logicalSessionTimeoutMinutes":null,"maxBsonObjectSize":null,"maxMessageSizeBytes":null,"maxWireVersion":0,"maxWriteBatchSize":null,"me":null,"minRoundTripTime":0,"minWireVersion":0,"passives":[],"primary":null,"roundTripTime":-1,"setName":null,"setVersion":null,"tags":{},"topologyVersion":null,"type":"Unknown"}},"setName":"atlas-4xua10-shard-0","stale":false,"type":"ReplicaSetNoPrimary"},"errorLabelSet":{},"level":"error","message":"Could not connect to any servers in your MongoDB Atlas cluster. One common reason is that you're trying to access the database from an IP that isn't whitelisted. Make sure your current IP address is on your Atlas cluster's IP whitelist: https://www.mongodb.com/docs/atlas/security-whitelist/","reason":{"commonWireVersion":0,"compatible":true,"heartbeatFrequencyMS":10000,"localThresholdMS":15,"logicalSessionTimeoutMinutes":null,"maxElectionId":null,"maxSetVersion":null,"servers":{"ac-4e4tmwf-shard-00-00.br1camr.mongodb.net:27017":{"$clusterTime":null,"address":"ac-4e4tmwf-shard-00-00.br1camr.mongodb.net:27017","arbiters":[],"electionId":null,"error":{"beforeHandshake":false,"errorLabelSet":{}},"hosts":[],"iscryptd":false,"lastUpdateTime":3236992336,"lastWriteDate":0,"logicalSessionTimeoutMinutes":null,"maxBsonObjectSize":null,"maxMessageSizeBytes":null,"maxWireVersion":0,"maxWriteBatchSize":null,"me":null,"minRoundTripTime":0,"minWireVersion":0,"passives":[],"primary":null,"roundTripTime":-1,"setName":null,"setVersion":null,"tags":{},"topologyVersion":null,"type":"Unknown"},"ac-4e4tmwf-shard-00-01.br1camr.mongodb.net:27017":{"$clusterTime":null,"address":"ac-4e4tmwf-shard-00-01.br1camr.mongodb.net:27017","arbiters":[],"electionId":null,"error":{"beforeHandshake":false,"errorLabelSet":{}},"hosts":[],"iscryptd":false,"lastUpdateTime":3236992363,"lastWriteDate":0,"logicalSessionTimeoutMinutes":null,"maxBsonObjectSize":null,"maxMessageSizeBytes":null,"maxWireVersion":0,"maxWriteBatchSize":null,"me":null,"minRoundTripTime":0,"minWireVersion":0,"passives":[],"primary":null,"roundTripTime":-1,"setName":null,"setVersion":null,"tags":{},"topologyVersion":null,"type":"Unknown"},"ac-4e4tmwf-shard-00-02.br1camr.mongodb.net:27017":{"$clusterTime":null,"address":"ac-4e4tmwf-shard-00-02.br1camr.mongodb.net:27017","arbiters":[],"electionId":null,"error":{"beforeHandshake":false,"errorLabelSet":{}},"hosts":[],"iscryptd":false,"lastUpdateTime":3236992364,"lastWriteDate":0,"logicalSessionTimeoutMinutes":null,"maxBsonObjectSize":null,"maxMessageSizeBytes":null,"maxWireVersion":0,"maxWriteBatchSize":null,"me":null,"minRoundTripTime":0,"minWireVersion":0,"passives":[],"primary":null,"roundTripTime":-1,"setName":null,"setVersion":null,"tags":{},"topologyVersion":null,"type":"Unknown"}},"setName":"atlas-4xua10-shard-0","stale":false,"type":"ReplicaSetNoPrimary"},"service":"auth-service","stack":"MongooseServerSelectionError: Could not connect to any servers in your MongoDB Atlas cluster. One common reason is that you're trying to access the database from an IP that isn't whitelisted. Make sure your current IP address is on your Atlas cluster's IP whitelist: https://www.mongodb.com/docs/atlas/security-whitelist/\n    at _handleConnectionErrors (/Users/home/Desktop/projects/social-media-microservices/authservices/node_modules/mongoose/lib/connection.js:1165:11)\n    at NativeConnection.openUri (/Users/home/Desktop/projects/social-media-microservices/authservices/node_modules/mongoose/lib/connection.js:1096:11)\n    at async dbConnectFunc (/Users/home/Desktop/projects/social-media-microservices/authservices/src/confiq/dbConnect.ts:14:21)\n    at async Server.<anonymous> (/Users/home/Desktop/projects/social-media-microservices/authservices/src/server.ts:49:9)","timestamp":"2025-08-06T18:38:33.912Z"}
{"level":"warn","message":"App started at port 3001","service":"auth-service","timestamp":"2025-08-06T18:38:33.917Z"}
{"level":"warn","message":"DB connection started","service":"auth-service","timestamp":"2025-08-08T07:04:57.774Z"}
{"level":"info","message":"Successfully connected to Redis","service":"auth-service","timestamp":"2025-08-08T07:04:57.784Z"}
{"level":"info","message":"Redis client is ready","service":"auth-service","timestamp":"2025-08-08T07:04:57.792Z"}
{"cause":{"commonWireVersion":0,"compatible":true,"heartbeatFrequencyMS":10000,"localThresholdMS":15,"logicalSessionTimeoutMinutes":null,"maxElectionId":null,"maxSetVersion":null,"servers":{"ac-4e4tmwf-shard-00-00.br1camr.mongodb.net:27017":{"$clusterTime":null,"address":"ac-4e4tmwf-shard-00-00.br1camr.mongodb.net:27017","arbiters":[],"electionId":null,"error":{"beforeHandshake":false,"errorLabelSet":{}},"hosts":[],"iscryptd":false,"lastUpdateTime":3368211802,"lastWriteDate":0,"logicalSessionTimeoutMinutes":null,"maxBsonObjectSize":null,"maxMessageSizeBytes":null,"maxWireVersion":0,"maxWriteBatchSize":null,"me":null,"minRoundTripTime":0,"minWireVersion":0,"passives":[],"primary":null,"roundTripTime":-1,"setName":null,"setVersion":null,"tags":{},"topologyVersion":null,"type":"Unknown"},"ac-4e4tmwf-shard-00-01.br1camr.mongodb.net:27017":{"$clusterTime":null,"address":"ac-4e4tmwf-shard-00-01.br1camr.mongodb.net:27017","arbiters":[],"electionId":null,"error":{"beforeHandshake":false,"errorLabelSet":{}},"hosts":[],"iscryptd":false,"lastUpdateTime":3368211825,"lastWriteDate":0,"logicalSessionTimeoutMinutes":null,"maxBsonObjectSize":null,"maxMessageSizeBytes":null,"maxWireVersion":0,"maxWriteBatchSize":null,"me":null,"minRoundTripTime":0,"minWireVersion":0,"passives":[],"primary":null,"roundTripTime":-1,"setName":null,"setVersion":null,"tags":{},"topologyVersion":null,"type":"Unknown"},"ac-4e4tmwf-shard-00-02.br1camr.mongodb.net:27017":{"$clusterTime":null,"address":"ac-4e4tmwf-shard-00-02.br1camr.mongodb.net:27017","arbiters":[],"electionId":null,"error":{"beforeHandshake":false,"errorLabelSet":{}},"hosts":[],"iscryptd":false,"lastUpdateTime":3368211803,"lastWriteDate":0,"logicalSessionTimeoutMinutes":null,"maxBsonObjectSize":null,"maxMessageSizeBytes":null,"maxWireVersion":0,"maxWriteBatchSize":null,"me":null,"minRoundTripTime":0,"minWireVersion":0,"passives":[],"primary":null,"roundTripTime":-1,"setName":null,"setVersion":null,"tags":{},"topologyVersion":null,"type":"Unknown"}},"setName":"atlas-4xua10-shard-0","stale":false,"type":"ReplicaSetNoPrimary"},"errorLabelSet":{},"level":"error","message":"Could not connect to any servers in your MongoDB Atlas cluster. One common reason is that you're trying to access the database from an IP that isn't whitelisted. Make sure your current IP address is on your Atlas cluster's IP whitelist: https://www.mongodb.com/docs/atlas/security-whitelist/","reason":{"commonWireVersion":0,"compatible":true,"heartbeatFrequencyMS":10000,"localThresholdMS":15,"logicalSessionTimeoutMinutes":null,"maxElectionId":null,"maxSetVersion":null,"servers":{"ac-4e4tmwf-shard-00-00.br1camr.mongodb.net:27017":{"$clusterTime":null,"address":"ac-4e4tmwf-shard-00-00.br1camr.mongodb.net:27017","arbiters":[],"electionId":null,"error":{"beforeHandshake":false,"errorLabelSet":{}},"hosts":[],"iscryptd":false,"lastUpdateTime":3368211802,"lastWriteDate":0,"logicalSessionTimeoutMinutes":null,"maxBsonObjectSize":null,"maxMessageSizeBytes":null,"maxWireVersion":0,"maxWriteBatchSize":null,"me":null,"minRoundTripTime":0,"minWireVersion":0,"passives":[],"primary":null,"roundTripTime":-1,"setName":null,"setVersion":null,"tags":{},"topologyVersion":null,"type":"Unknown"},"ac-4e4tmwf-shard-00-01.br1camr.mongodb.net:27017":{"$clusterTime":null,"address":"ac-4e4tmwf-shard-00-01.br1camr.mongodb.net:27017","arbiters":[],"electionId":null,"error":{"beforeHandshake":false,"errorLabelSet":{}},"hosts":[],"iscryptd":false,"lastUpdateTime":3368211825,"lastWriteDate":0,"logicalSessionTimeoutMinutes":null,"maxBsonObjectSize":null,"maxMessageSizeBytes":null,"maxWireVersion":0,"maxWriteBatchSize":null,"me":null,"minRoundTripTime":0,"minWireVersion":0,"passives":[],"primary":null,"roundTripTime":-1,"setName":null,"setVersion":null,"tags":{},"topologyVersion":null,"type":"Unknown"},"ac-4e4tmwf-shard-00-02.br1camr.mongodb.net:27017":{"$clusterTime":null,"address":"ac-4e4tmwf-shard-00-02.br1camr.mongodb.net:27017","arbiters":[],"electionId":null,"error":{"beforeHandshake":false,"errorLabelSet":{}},"hosts":[],"iscryptd":false,"lastUpdateTime":3368211803,"lastWriteDate":0,"logicalSessionTimeoutMinutes":null,"maxBsonObjectSize":null,"maxMessageSizeBytes":null,"maxWireVersion":0,"maxWriteBatchSize":null,"me":null,"minRoundTripTime":0,"minWireVersion":0,"passives":[],"primary":null,"roundTripTime":-1,"setName":null,"setVersion":null,"tags":{},"topologyVersion":null,"type":"Unknown"}},"setName":"atlas-4xua10-shard-0","stale":false,"type":"ReplicaSetNoPrimary"},"service":"auth-service","stack":"MongooseServerSelectionError: Could not connect to any servers in your MongoDB Atlas cluster. One common reason is that you're trying to access the database from an IP that isn't whitelisted. Make sure your current IP address is on your Atlas cluster's IP whitelist: https://www.mongodb.com/docs/atlas/security-whitelist/\n    at _handleConnectionErrors (/Users/home/Desktop/projects/social-media-microservices/authservices/node_modules/mongoose/lib/connection.js:1165:11)\n    at NativeConnection.openUri (/Users/home/Desktop/projects/social-media-microservices/authservices/node_modules/mongoose/lib/connection.js:1096:11)\n    at async dbConnectFunc (/Users/home/Desktop/projects/social-media-microservices/authservices/src/confiq/dbConnect.ts:14:21)\n    at async Server.<anonymous> (/Users/home/Desktop/projects/social-media-microservices/authservices/src/server.ts:60:9)","timestamp":"2025-08-08T07:05:27.849Z"}
{"level":"warn","message":"App started at port 3001","service":"auth-service","timestamp":"2025-08-08T07:05:27.853Z"}
{"level":"warn","message":"DB connection started","service":"auth-service","timestamp":"2025-08-08T07:13:48.117Z"}
{"level":"info","message":"Successfully connected to Redis","service":"auth-service","timestamp":"2025-08-08T07:13:48.131Z"}
{"level":"info","message":"Redis client is ready","service":"auth-service","timestamp":"2025-08-08T07:13:48.139Z"}
{"level":"warn","message":"App started at port 3001","service":"auth-service","timestamp":"2025-08-08T07:13:48.720Z"}
{"level":"info","message":"DB connection started","service":"auth-service","timestamp":"2025-08-08T07:16:50.842Z"}
{"level":"info","message":"Successfully connected to Redis","service":"auth-service","timestamp":"2025-08-08T07:16:50.859Z"}
{"level":"info","message":"Redis client is ready","service":"auth-service","timestamp":"2025-08-08T07:16:50.864Z"}
{"level":"info","message":"MongoDb  connected successfully","service":"auth-service","timestamp":"2025-08-08T07:16:51.445Z"}
{"level":"info","message":"App started at port 3001","service":"auth-service","timestamp":"2025-08-08T07:16:51.446Z"}
{"level":"info","message":"DB connection started","service":"auth-service","timestamp":"2025-08-08T07:28:42.159Z"}
{"level":"info","message":"Successfully connected to Redis","service":"auth-service","timestamp":"2025-08-08T07:28:42.170Z"}
{"level":"info","message":"Redis client is ready","service":"auth-service","timestamp":"2025-08-08T07:28:42.180Z"}
{"level":"info","message":"MongoDb  connected successfully","service":"auth-service","timestamp":"2025-08-08T07:28:42.762Z"}
{"level":"info","message":"App started at port 8000","service":"auth-service","timestamp":"2025-08-08T07:28:42.763Z"}
{"level":"info","message":"DB connection started","service":"auth-service","timestamp":"2025-08-08T07:39:05.171Z"}
{"level":"info","message":"Successfully connected to Redis","service":"auth-service","timestamp":"2025-08-08T07:39:05.191Z"}
{"level":"info","message":"Redis client is ready","service":"auth-service","timestamp":"2025-08-08T07:39:05.199Z"}
{"level":"info","message":"MongoDb  connected successfully","service":"auth-service","timestamp":"2025-08-08T07:39:05.757Z"}
{"level":"info","message":"App started at port 8000","service":"auth-service","timestamp":"2025-08-08T07:39:05.758Z"}
{"level":"warn","message":"Checking for rate limit","service":"auth-service","timestamp":"2025-08-08T07:39:18.424Z"}
{"level":"info","message":"request from / having a method of GET","service":"auth-service","timestamp":"2025-08-08T07:39:18.445Z"}
{"level":"warn","message":"Checking for rate limit","service":"auth-service","timestamp":"2025-08-08T07:39:22.169Z"}
{"level":"info","message":"request from / having a method of GET","service":"auth-service","timestamp":"2025-08-08T07:39:22.172Z"}
{"level":"warn","message":"Checking for rate limit","service":"auth-service","timestamp":"2025-08-08T07:39:44.531Z"}
{"level":"info","message":"request from /api/auth/register having a method of GET","service":"auth-service","timestamp":"2025-08-08T07:39:44.533Z"}
{"level":"warn","message":"Checking for rate limit","service":"auth-service","timestamp":"2025-08-08T07:41:21.224Z"}
{"level":"info","message":"request from / having a method of GET","service":"auth-service","timestamp":"2025-08-08T07:41:21.227Z"}
{"level":"warn","message":"Checking for rate limit","service":"auth-service","timestamp":"2025-08-08T07:43:04.056Z"}
{"level":"info","message":"request from / having a method of GET","service":"auth-service","timestamp":"2025-08-08T07:43:04.061Z"}
{"level":"warn","message":"Checking for rate limit","service":"auth-service","timestamp":"2025-08-08T07:43:11.360Z"}
{"level":"info","message":"request from / having a method of GET","service":"auth-service","timestamp":"2025-08-08T07:43:11.364Z"}
{"level":"warn","message":"Checking for rate limit","service":"auth-service","timestamp":"2025-08-08T07:43:57.365Z"}
{"level":"info","message":"request from / having a method of GET","service":"auth-service","timestamp":"2025-08-08T07:43:57.394Z"}
{"level":"warn","message":"Checking for rate limit","service":"auth-service","timestamp":"2025-08-08T07:44:00.211Z"}
{"level":"info","message":"request from / having a method of GET","service":"auth-service","timestamp":"2025-08-08T07:44:00.215Z"}
{"level":"warn","message":"Checking for rate limit","service":"auth-service","timestamp":"2025-08-08T07:44:07.352Z"}
{"level":"info","message":"request from / having a method of GET","service":"auth-service","timestamp":"2025-08-08T07:44:07.354Z"}
{"level":"info","message":"DB connection started","service":"auth-service","timestamp":"2025-08-08T07:57:24.217Z"}
{"level":"info","message":"Successfully connected to Redis","service":"auth-service","timestamp":"2025-08-08T07:57:24.227Z"}
{"level":"info","message":"Redis client is ready","service":"auth-service","timestamp":"2025-08-08T07:57:24.238Z"}
{"level":"info","message":"MongoDb  connected successfully","service":"auth-service","timestamp":"2025-08-08T07:57:24.863Z"}
{"level":"info","message":"App started at port 8000","service":"auth-service","timestamp":"2025-08-08T07:57:24.863Z"}
{"level":"warn","message":"Checking for rate limit","service":"auth-service","timestamp":"2025-08-08T07:59:05.503Z"}
{"level":"info","message":"request from / having a method of GET","service":"auth-service","timestamp":"2025-08-08T07:59:05.521Z"}
{"level":"warn","message":"Checking for rate limit","service":"auth-service","timestamp":"2025-08-08T08:00:57.324Z"}
{"level":"info","message":"request from /api/auth/register having a method of GET","service":"auth-service","timestamp":"2025-08-08T08:00:57.365Z"}
{"level":"warn","message":"Checking for rate limit","service":"auth-service","timestamp":"2025-08-08T08:02:31.093Z"}
{"level":"info","message":"request from / having a method of GET","service":"auth-service","timestamp":"2025-08-08T08:02:31.102Z"}
{"level":"warn","message":"Checking for rate limit","service":"auth-service","timestamp":"2025-08-08T08:03:12.786Z"}
{"level":"info","message":"request from / having a method of GET","service":"auth-service","timestamp":"2025-08-08T08:03:12.794Z"}
{"level":"warn","message":"Checking for rate limit","service":"auth-service","timestamp":"2025-08-08T08:04:06.196Z"}
{"level":"info","message":"request from / having a method of GET","service":"auth-service","timestamp":"2025-08-08T08:04:06.203Z"}
{"level":"warn","message":"Checking for rate limit","service":"auth-service","timestamp":"2025-08-08T08:06:46.191Z"}
{"level":"info","message":"request from / having a method of GET","service":"auth-service","timestamp":"2025-08-08T08:06:46.422Z"}
{"level":"info","message":"DB connection started","service":"auth-service","timestamp":"2025-08-08T08:07:42.644Z"}
{"level":"info","message":"Successfully connected to Redis","service":"auth-service","timestamp":"2025-08-08T08:07:42.655Z"}
{"level":"info","message":"Redis client is ready","service":"auth-service","timestamp":"2025-08-08T08:07:42.673Z"}
{"level":"info","message":"MongoDb  connected successfully","service":"auth-service","timestamp":"2025-08-08T08:07:43.207Z"}
{"level":"info","message":"App started at port 8000","service":"auth-service","timestamp":"2025-08-08T08:07:43.207Z"}
{"level":"warn","message":"Checking for rate limit","service":"auth-service","timestamp":"2025-08-08T08:08:22.218Z"}
{"level":"info","message":"request from / having a method of GET","service":"auth-service","timestamp":"2025-08-08T08:08:22.221Z"}
{"level":"warn","message":"Checking for rate limit","service":"auth-service","timestamp":"2025-08-08T08:08:34.030Z"}
{"level":"info","message":"request from / having a method of GET","service":"auth-service","timestamp":"2025-08-08T08:08:34.033Z"}
{"level":"warn","message":"Checking for rate limit","service":"auth-service","timestamp":"2025-08-08T08:08:34.336Z"}
{"level":"info","message":"request from /favicon.ico having a method of GET","service":"auth-service","timestamp":"2025-08-08T08:08:34.363Z"}
{"level":"warn","message":"Checking for rate limit","service":"auth-service","timestamp":"2025-08-08T08:08:53.687Z"}
{"level":"info","message":"request from /api/auth/register having a method of GET","service":"auth-service","timestamp":"2025-08-08T08:08:53.690Z"}
{"level":"warn","message":"Checking for rate limit","service":"auth-service","timestamp":"2025-08-08T08:09:05.460Z"}
{"level":"info","message":"request from /api/auth/register having a method of POST","service":"auth-service","timestamp":"2025-08-08T08:09:05.462Z"}
{"level":"info","message":"user hit the register controller","service":"auth-service","timestamp":"2025-08-08T08:09:05.463Z"}
{"0":"\"","1":"u","10":" ","11":"i","12":"s","13":" ","14":"r","15":"e","16":"q","17":"u","18":"i","19":"r","2":"s","20":"e","21":"d","3":"e","4":"r","5":"N","6":"a","7":"m","8":"e","9":"\"","level":"error","message":"user registration error","service":"auth-service","timestamp":"2025-08-08T08:09:05.469Z"}
{"level":"warn","message":"Checking for rate limit","service":"auth-service","timestamp":"2025-08-08T08:11:47.614Z"}
{"level":"info","message":"request from /api/auth/register having a method of POST","service":"auth-service","timestamp":"2025-08-08T08:11:47.628Z"}
{"level":"info","message":"user hit the register controller","service":"auth-service","timestamp":"2025-08-08T08:11:47.628Z"}
{"0":"\"","1":"e","10":" ","11":"r","12":"e","13":"q","14":"u","15":"i","16":"r","17":"e","18":"d","2":"m","3":"a","4":"i","5":"l","6":"\"","7":" ","8":"i","9":"s","level":"error","message":"user registration error","service":"auth-service","timestamp":"2025-08-08T08:11:47.642Z"}
{"level":"warn","message":"Checking for rate limit","service":"auth-service","timestamp":"2025-08-08T08:12:02.202Z"}
{"level":"info","message":"request from /api/auth/register having a method of POST","service":"auth-service","timestamp":"2025-08-08T08:12:02.205Z"}
{"level":"info","message":"user hit the register controller","service":"auth-service","timestamp":"2025-08-08T08:12:02.205Z"}
{"0":"\"","1":"e","10":"s","11":"t","12":" ","13":"b","14":"e","15":" ","16":"a","17":" ","18":"v","19":"a","2":"m","20":"l","21":"i","22":"d","23":" ","24":"e","25":"m","26":"a","27":"i","28":"l","3":"a","4":"i","5":"l","6":"\"","7":" ","8":"m","9":"u","level":"error","message":"user registration error","service":"auth-service","timestamp":"2025-08-08T08:12:02.209Z"}
{"level":"warn","message":"Checking for rate limit","service":"auth-service","timestamp":"2025-08-08T08:12:14.357Z"}
{"level":"info","message":"request from /api/auth/register having a method of POST","service":"auth-service","timestamp":"2025-08-08T08:12:14.364Z"}
{"level":"info","message":"user hit the register controller","service":"auth-service","timestamp":"2025-08-08T08:12:14.365Z"}
{"0":"\"","1":"p","10":" ","11":"i","12":"s","13":" ","14":"r","15":"e","16":"q","17":"u","18":"i","19":"r","2":"a","20":"e","21":"d","3":"s","4":"s","5":"w","6":"o","7":"r","8":"d","9":"\"","level":"error","message":"user registration error","service":"auth-service","timestamp":"2025-08-08T08:12:14.381Z"}
{"level":"warn","message":"Checking for rate limit","service":"auth-service","timestamp":"2025-08-08T08:12:33.423Z"}
{"level":"info","message":"request from /api/auth/register having a method of POST","service":"auth-service","timestamp":"2025-08-08T08:12:33.428Z"}
{"level":"info","message":"user hit the register controller","service":"auth-service","timestamp":"2025-08-08T08:12:33.428Z"}
{"0":"\"","1":"p","10":" ","11":"l","12":"e","13":"n","14":"g","15":"t","16":"h","17":" ","18":"m","19":"u","2":"a","20":"s","21":"t","22":" ","23":"b","24":"e","25":" ","26":"a","27":"t","28":" ","29":"l","3":"s","30":"e","31":"a","32":"s","33":"t","34":" ","35":"5","36":" ","37":"c","38":"h","39":"a","4":"s","40":"r","41":"a","42":"c","43":"t","44":"e","45":"r","46":"s","47":" ","48":"l","49":"o","5":"w","50":"n","51":"g","6":"o","7":"r","8":"d","9":"\"","level":"error","message":"user registration error","service":"auth-service","timestamp":"2025-08-08T08:12:33.430Z"}
{"level":"warn","message":"Checking for rate limit","service":"auth-service","timestamp":"2025-08-08T08:12:40.135Z"}
{"level":"info","message":"request from /api/auth/register having a method of POST","service":"auth-service","timestamp":"2025-08-08T08:12:40.146Z"}
{"level":"info","message":"user hit the register controller","service":"auth-service","timestamp":"2025-08-08T08:12:40.147Z"}
{"level":"error","message":"Registration error Can't save() the same doc multiple times in parallel. Document: 6895b17891b4105417294f9d","service":"auth-service","stack":"ParallelSaveError: Can't save() the same doc multiple times in parallel. Document: 6895b17891b4105417294f9d\n    at model.save (/Users/home/Desktop/projects/social-media-microservices/authservices/node_modules/mongoose/lib/model.js:617:20)\n    at model.<anonymous> (/Users/home/Desktop/projects/social-media-microservices/authservices/src/model/userSchema.ts:38:24)","timestamp":"2025-08-08T08:12:40.295Z"}
{"level":"warn","message":"Checking for rate limit","service":"auth-service","timestamp":"2025-08-08T08:12:47.951Z"}
{"level":"info","message":"request from /api/auth/register having a method of POST","service":"auth-service","timestamp":"2025-08-08T08:12:47.954Z"}
{"level":"info","message":"user hit the register controller","service":"auth-service","timestamp":"2025-08-08T08:12:47.954Z"}
{"level":"error","message":"Registration error Can't save() the same doc multiple times in parallel. Document: 6895b17f91b4105417294f9e","service":"auth-service","stack":"ParallelSaveError: Can't save() the same doc multiple times in parallel. Document: 6895b17f91b4105417294f9e\n    at model.save (/Users/home/Desktop/projects/social-media-microservices/authservices/node_modules/mongoose/lib/model.js:617:20)\n    at model.<anonymous> (/Users/home/Desktop/projects/social-media-microservices/authservices/src/model/userSchema.ts:38:24)","timestamp":"2025-08-08T08:12:48.044Z"}
{"level":"warn","message":"Checking for rate limit","service":"auth-service","timestamp":"2025-08-08T08:20:10.651Z"}
{"level":"info","message":"request from /api/auth/register having a method of POST","service":"auth-service","timestamp":"2025-08-08T08:20:10.740Z"}
{"level":"info","message":"user hit the register controller","service":"auth-service","timestamp":"2025-08-08T08:20:10.741Z"}
{"level":"error","message":"Registration error Can't save() the same doc multiple times in parallel. Document: 6895b33a91b4105417294f9f","service":"auth-service","stack":"ParallelSaveError: Can't save() the same doc multiple times in parallel. Document: 6895b33a91b4105417294f9f\n    at model.save (/Users/home/Desktop/projects/social-media-microservices/authservices/node_modules/mongoose/lib/model.js:617:20)\n    at model.<anonymous> (/Users/home/Desktop/projects/social-media-microservices/authservices/src/model/userSchema.ts:38:24)","timestamp":"2025-08-08T08:20:10.849Z"}
{"level":"warn","message":"Checking for rate limit","service":"auth-service","timestamp":"2025-08-08T08:20:12.287Z"}
{"level":"info","message":"request from /api/auth/register having a method of POST","service":"auth-service","timestamp":"2025-08-08T08:20:12.294Z"}
{"level":"info","message":"user hit the register controller","service":"auth-service","timestamp":"2025-08-08T08:20:12.295Z"}
{"level":"error","message":"Registration error Can't save() the same doc multiple times in parallel. Document: 6895b33c91b4105417294fa0","service":"auth-service","stack":"ParallelSaveError: Can't save() the same doc multiple times in parallel. Document: 6895b33c91b4105417294fa0\n    at model.save (/Users/home/Desktop/projects/social-media-microservices/authservices/node_modules/mongoose/lib/model.js:617:20)\n    at model.<anonymous> (/Users/home/Desktop/projects/social-media-microservices/authservices/src/model/userSchema.ts:38:24)","timestamp":"2025-08-08T08:20:12.365Z"}
{"level":"info","message":"DB connection started","service":"auth-service","timestamp":"2025-08-08T08:23:09.183Z"}
{"level":"info","message":"Successfully connected to Redis","service":"auth-service","timestamp":"2025-08-08T08:23:09.193Z"}
{"level":"info","message":"Redis client is ready","service":"auth-service","timestamp":"2025-08-08T08:23:09.206Z"}
{"level":"info","message":"MongoDb  connected successfully","service":"auth-service","timestamp":"2025-08-08T08:23:09.791Z"}
{"level":"info","message":"App started at port 8000","service":"auth-service","timestamp":"2025-08-08T08:23:09.792Z"}
{"level":"warn","message":"Checking for rate limit","service":"auth-service","timestamp":"2025-08-08T08:23:43.821Z"}
{"level":"info","message":"request from /api/auth/register having a method of POST","service":"auth-service","timestamp":"2025-08-08T08:23:43.840Z"}
{"level":"info","message":"user hit the register controller","service":"auth-service","timestamp":"2025-08-08T08:23:43.841Z"}
{"level":"error","message":"Registration error Can't save() the same doc multiple times in parallel. Document: 6895b40f4a1d5c89178c72bd","service":"auth-service","stack":"ParallelSaveError: Can't save() the same doc multiple times in parallel. Document: 6895b40f4a1d5c89178c72bd\n    at model.save (/Users/home/Desktop/projects/social-media-microservices/authservices/node_modules/mongoose/lib/model.js:617:20)\n    at model.<anonymous> (/Users/home/Desktop/projects/social-media-microservices/authservices/src/model/userSchema.ts:38:24)","timestamp":"2025-08-08T08:23:43.972Z"}
{"level":"warn","message":"Checking for rate limit","service":"auth-service","timestamp":"2025-08-08T08:34:20.167Z"}
{"level":"info","message":"request from /api/auth/register having a method of POST","service":"auth-service","timestamp":"2025-08-08T08:34:20.195Z"}
{"level":"info","message":"user hit the register controller","service":"auth-service","timestamp":"2025-08-08T08:34:20.201Z"}
{"level":"error","message":"Registration error Can't save() the same doc multiple times in parallel. Document: 6895b68c4a1d5c89178c72bf","service":"auth-service","stack":"ParallelSaveError: Can't save() the same doc multiple times in parallel. Document: 6895b68c4a1d5c89178c72bf\n    at model.save (/Users/home/Desktop/projects/social-media-microservices/authservices/node_modules/mongoose/lib/model.js:617:20)\n    at model.<anonymous> (/Users/home/Desktop/projects/social-media-microservices/authservices/src/model/userSchema.ts:38:24)","timestamp":"2025-08-08T08:34:20.466Z"}
{"level":"warn","message":"Checking for rate limit","service":"auth-service","timestamp":"2025-08-08T08:34:22.349Z"}
{"level":"info","message":"request from /api/auth/register having a method of POST","service":"auth-service","timestamp":"2025-08-08T08:34:22.355Z"}
{"level":"info","message":"user hit the register controller","service":"auth-service","timestamp":"2025-08-08T08:34:22.355Z"}
{"level":"error","message":"Registration error Can't save() the same doc multiple times in parallel. Document: 6895b68e4a1d5c89178c72c1","service":"auth-service","stack":"ParallelSaveError: Can't save() the same doc multiple times in parallel. Document: 6895b68e4a1d5c89178c72c1\n    at model.save (/Users/home/Desktop/projects/social-media-microservices/authservices/node_modules/mongoose/lib/model.js:617:20)\n    at model.<anonymous> (/Users/home/Desktop/projects/social-media-microservices/authservices/src/model/userSchema.ts:38:24)","timestamp":"2025-08-08T08:34:22.553Z"}
{"level":"warn","message":"Checking for rate limit","service":"auth-service","timestamp":"2025-08-08T08:35:54.083Z"}
{"level":"info","message":"request from /api/auth/register having a method of POST","service":"auth-service","timestamp":"2025-08-08T08:35:54.088Z"}
{"level":"info","message":"user hit the register controller","service":"auth-service","timestamp":"2025-08-08T08:35:54.088Z"}
{"level":"error","message":"Registration error Can't save() the same doc multiple times in parallel. Document: 6895b6ea4a1d5c89178c72c3","service":"auth-service","stack":"ParallelSaveError: Can't save() the same doc multiple times in parallel. Document: 6895b6ea4a1d5c89178c72c3\n    at model.save (/Users/home/Desktop/projects/social-media-microservices/authservices/node_modules/mongoose/lib/model.js:617:20)\n    at model.<anonymous> (/Users/home/Desktop/projects/social-media-microservices/authservices/src/model/userSchema.ts:38:24)","timestamp":"2025-08-08T08:35:54.283Z"}
{"level":"warn","message":"Checking for rate limit","service":"auth-service","timestamp":"2025-08-08T08:35:55.427Z"}
{"level":"info","message":"request from /api/auth/register having a method of POST","service":"auth-service","timestamp":"2025-08-08T08:35:55.440Z"}
{"level":"info","message":"user hit the register controller","service":"auth-service","timestamp":"2025-08-08T08:35:55.441Z"}
{"level":"error","message":"Registration error Can't save() the same doc multiple times in parallel. Document: 6895b6eb4a1d5c89178c72c5","service":"auth-service","stack":"ParallelSaveError: Can't save() the same doc multiple times in parallel. Document: 6895b6eb4a1d5c89178c72c5\n    at model.save (/Users/home/Desktop/projects/social-media-microservices/authservices/node_modules/mongoose/lib/model.js:617:20)\n    at model.<anonymous> (/Users/home/Desktop/projects/social-media-microservices/authservices/src/model/userSchema.ts:38:24)","timestamp":"2025-08-08T08:35:55.543Z"}
{"level":"warn","message":"Checking for rate limit","service":"auth-service","timestamp":"2025-08-08T08:35:56.445Z"}
{"level":"info","message":"request from /api/auth/register having a method of POST","service":"auth-service","timestamp":"2025-08-08T08:35:56.448Z"}
{"level":"info","message":"user hit the register controller","service":"auth-service","timestamp":"2025-08-08T08:35:56.448Z"}
{"level":"error","message":"Registration error Can't save() the same doc multiple times in parallel. Document: 6895b6ec4a1d5c89178c72c7","service":"auth-service","stack":"ParallelSaveError: Can't save() the same doc multiple times in parallel. Document: 6895b6ec4a1d5c89178c72c7\n    at model.save (/Users/home/Desktop/projects/social-media-microservices/authservices/node_modules/mongoose/lib/model.js:617:20)\n    at model.<anonymous> (/Users/home/Desktop/projects/social-media-microservices/authservices/src/model/userSchema.ts:38:24)","timestamp":"2025-08-08T08:35:56.551Z"}
{"level":"info","message":"DB connection started","service":"auth-service","timestamp":"2025-08-08T08:36:23.945Z"}
{"level":"info","message":"Successfully connected to Redis","service":"auth-service","timestamp":"2025-08-08T08:36:23.958Z"}
{"level":"info","message":"Redis client is ready","service":"auth-service","timestamp":"2025-08-08T08:36:23.971Z"}
{"level":"info","message":"MongoDb  connected successfully","service":"auth-service","timestamp":"2025-08-08T08:36:24.521Z"}
{"level":"info","message":"App started at port 8000","service":"auth-service","timestamp":"2025-08-08T08:36:24.522Z"}
{"level":"warn","message":"Checking for rate limit","service":"auth-service","timestamp":"2025-08-08T08:36:33.951Z"}
{"level":"info","message":"request from /api/auth/register having a method of POST","service":"auth-service","timestamp":"2025-08-08T08:36:33.954Z"}
{"level":"info","message":"user hit the register controller","service":"auth-service","timestamp":"2025-08-08T08:36:33.954Z"}
{"level":"warn","message":"Checking for rate limit","service":"auth-service","timestamp":"2025-08-08T08:38:42.724Z"}
{"level":"info","message":"request from /api/auth/register having a method of POST","service":"auth-service","timestamp":"2025-08-08T08:38:42.735Z"}
{"level":"info","message":"user hit the register controller","service":"auth-service","timestamp":"2025-08-08T08:38:42.738Z"}
{"level":"warn","message":"Checking for rate limit","service":"auth-service","timestamp":"2025-08-08T08:38:44.177Z"}
{"level":"info","message":"request from /api/auth/register having a method of POST","service":"auth-service","timestamp":"2025-08-08T08:38:44.179Z"}
{"level":"info","message":"user hit the register controller","service":"auth-service","timestamp":"2025-08-08T08:38:44.179Z"}
{"level":"warn","message":"Checking for rate limit","service":"auth-service","timestamp":"2025-08-08T08:39:03.562Z"}
{"level":"info","message":"request from /api/auth/register having a method of POST","service":"auth-service","timestamp":"2025-08-08T08:39:03.570Z"}
{"level":"info","message":"user hit the register controller","service":"auth-service","timestamp":"2025-08-08T08:39:03.572Z"}
{"level":"warn","message":"Checking for rate limit","service":"auth-service","timestamp":"2025-08-08T08:39:04.616Z"}
{"level":"info","message":"request from /api/auth/register having a method of POST","service":"auth-service","timestamp":"2025-08-08T08:39:04.617Z"}
{"level":"info","message":"user hit the register controller","service":"auth-service","timestamp":"2025-08-08T08:39:04.617Z"}
{"level":"info","message":"DB connection started","service":"auth-service","timestamp":"2025-08-08T08:39:36.080Z"}
{"level":"info","message":"Successfully connected to Redis","service":"auth-service","timestamp":"2025-08-08T08:39:36.093Z"}
{"level":"info","message":"Redis client is ready","service":"auth-service","timestamp":"2025-08-08T08:39:36.099Z"}
{"level":"info","message":"MongoDb  connected successfully","service":"auth-service","timestamp":"2025-08-08T08:39:36.600Z"}
{"level":"info","message":"App started at port 8000","service":"auth-service","timestamp":"2025-08-08T08:39:36.601Z"}
{"level":"warn","message":"Checking for rate limit","service":"auth-service","timestamp":"2025-08-08T08:39:56.416Z"}
{"level":"info","message":"request from /api/auth/register having a method of POST","service":"auth-service","timestamp":"2025-08-08T08:39:56.422Z"}
{"level":"info","message":"user hit the register controller","service":"auth-service","timestamp":"2025-08-08T08:39:56.423Z"}
{"level":"error","message":"Registration error Can't save() the same doc multiple times in parallel. Document: 6895b7dc48ff6a1606236550","service":"auth-service","stack":"ParallelSaveError: Can't save() the same doc multiple times in parallel. Document: 6895b7dc48ff6a1606236550\n    at model.save (/Users/home/Desktop/projects/social-media-microservices/authservices/node_modules/mongoose/lib/model.js:617:20)\n    at model.<anonymous> (/Users/home/Desktop/projects/social-media-microservices/authservices/src/model/userSchema.ts:38:24)","timestamp":"2025-08-08T08:39:56.536Z"}
{"level":"warn","message":"Checking for rate limit","service":"auth-service","timestamp":"2025-08-08T08:41:06.181Z"}
{"level":"info","message":"request from /api/auth/register having a method of POST","service":"auth-service","timestamp":"2025-08-08T08:41:06.185Z"}
{"level":"info","message":"user hit the register controller","service":"auth-service","timestamp":"2025-08-08T08:41:06.185Z"}
{"level":"error","message":"Registration error Can't save() the same doc multiple times in parallel. Document: 6895b82248ff6a1606236552","service":"auth-service","stack":"ParallelSaveError: Can't save() the same doc multiple times in parallel. Document: 6895b82248ff6a1606236552\n    at model.save (/Users/home/Desktop/projects/social-media-microservices/authservices/node_modules/mongoose/lib/model.js:617:20)\n    at model.<anonymous> (/Users/home/Desktop/projects/social-media-microservices/authservices/src/model/userSchema.ts:38:24)","timestamp":"2025-08-08T08:41:06.285Z"}
{"level":"info","message":"DB connection started","service":"auth-service","timestamp":"2025-08-08T08:41:58.706Z"}
{"level":"info","message":"Successfully connected to Redis","service":"auth-service","timestamp":"2025-08-08T08:41:58.716Z"}
{"level":"info","message":"Redis client is ready","service":"auth-service","timestamp":"2025-08-08T08:41:58.722Z"}
{"level":"info","message":"MongoDb  connected successfully","service":"auth-service","timestamp":"2025-08-08T08:41:59.295Z"}
{"level":"info","message":"App started at port 8000","service":"auth-service","timestamp":"2025-08-08T08:41:59.296Z"}
{"level":"warn","message":"Checking for rate limit","service":"auth-service","timestamp":"2025-08-08T08:42:10.858Z"}
{"level":"info","message":"request from /api/auth/register having a method of POST","service":"auth-service","timestamp":"2025-08-08T08:42:10.861Z"}
{"level":"info","message":"user hit the register controller","service":"auth-service","timestamp":"2025-08-08T08:42:10.862Z"}
{"level":"error","message":"Registration error Can't save() the same doc multiple times in parallel. Document: 6895b862d796ebfca7363f87","service":"auth-service","stack":"ParallelSaveError: Can't save() the same doc multiple times in parallel. Document: 6895b862d796ebfca7363f87\n    at model.save (/Users/home/Desktop/projects/social-media-microservices/authservices/node_modules/mongoose/lib/model.js:617:20)\n    at model.<anonymous> (/Users/home/Desktop/projects/social-media-microservices/authservices/src/model/userSchema.ts:38:24)","timestamp":"2025-08-08T08:42:10.979Z"}
{"level":"warn","message":"Checking for rate limit","service":"auth-service","timestamp":"2025-08-08T08:42:12.504Z"}
{"level":"info","message":"request from /api/auth/register having a method of POST","service":"auth-service","timestamp":"2025-08-08T08:42:12.509Z"}
{"level":"info","message":"user hit the register controller","service":"auth-service","timestamp":"2025-08-08T08:42:12.510Z"}
{"level":"error","message":"Registration error Can't save() the same doc multiple times in parallel. Document: 6895b864d796ebfca7363f89","service":"auth-service","stack":"ParallelSaveError: Can't save() the same doc multiple times in parallel. Document: 6895b864d796ebfca7363f89\n    at model.save (/Users/home/Desktop/projects/social-media-microservices/authservices/node_modules/mongoose/lib/model.js:617:20)\n    at model.<anonymous> (/Users/home/Desktop/projects/social-media-microservices/authservices/src/model/userSchema.ts:38:24)","timestamp":"2025-08-08T08:42:12.624Z"}
{"level":"info","message":"DB connection started","service":"auth-service","timestamp":"2025-08-08T08:44:29.447Z"}
{"level":"info","message":"Successfully connected to Redis","service":"auth-service","timestamp":"2025-08-08T08:44:29.458Z"}
{"level":"info","message":"Redis client is ready","service":"auth-service","timestamp":"2025-08-08T08:44:29.461Z"}
{"level":"info","message":"MongoDb  connected successfully","service":"auth-service","timestamp":"2025-08-08T08:44:29.964Z"}
{"level":"info","message":"App started at port 8000","service":"auth-service","timestamp":"2025-08-08T08:44:29.964Z"}
{"level":"info","message":"DB connection started","service":"auth-service","timestamp":"2025-08-08T08:44:44.784Z"}
{"level":"info","message":"Successfully connected to Redis","service":"auth-service","timestamp":"2025-08-08T08:44:44.795Z"}
{"level":"info","message":"Redis client is ready","service":"auth-service","timestamp":"2025-08-08T08:44:44.796Z"}
{"level":"info","message":"MongoDb  connected successfully","service":"auth-service","timestamp":"2025-08-08T08:44:45.310Z"}
{"level":"info","message":"App started at port 8000","service":"auth-service","timestamp":"2025-08-08T08:44:45.311Z"}
{"level":"warn","message":"Checking for rate limit","service":"auth-service","timestamp":"2025-08-08T08:44:50.317Z"}
{"level":"info","message":"request from /api/auth/register having a method of POST","service":"auth-service","timestamp":"2025-08-08T08:44:50.320Z"}
{"level":"info","message":"user hit the register controller","service":"auth-service","timestamp":"2025-08-08T08:44:50.321Z"}
{"level":"error","message":"Registration error Can't save() the same doc multiple times in parallel. Document: 6895b90225ba8832220d4bb3","service":"auth-service","stack":"ParallelSaveError: Can't save() the same doc multiple times in parallel. Document: 6895b90225ba8832220d4bb3\n    at model.save (/Users/home/Desktop/projects/social-media-microservices/authservices/node_modules/mongoose/lib/model.js:617:20)\n    at model.<anonymous> (/Users/home/Desktop/projects/social-media-microservices/authservices/src/model/userSchema.ts:38:24)","timestamp":"2025-08-08T08:44:50.555Z"}
{"level":"info","message":"DB connection started","service":"auth-service","timestamp":"2025-08-08T08:45:18.454Z"}
{"level":"info","message":"Successfully connected to Redis","service":"auth-service","timestamp":"2025-08-08T08:45:18.466Z"}
{"level":"info","message":"Redis client is ready","service":"auth-service","timestamp":"2025-08-08T08:45:18.468Z"}
{"level":"info","message":"DB connection started","service":"auth-service","timestamp":"2025-08-08T08:45:21.917Z"}
{"level":"info","message":"Successfully connected to Redis","service":"auth-service","timestamp":"2025-08-08T08:45:21.926Z"}
{"level":"info","message":"Redis client is ready","service":"auth-service","timestamp":"2025-08-08T08:45:21.927Z"}
{"level":"info","message":"MongoDb  connected successfully","service":"auth-service","timestamp":"2025-08-08T08:45:22.413Z"}
{"level":"info","message":"App started at port 8000","service":"auth-service","timestamp":"2025-08-08T08:45:22.413Z"}
{"level":"info","message":"DB connection started","service":"auth-service","timestamp":"2025-08-08T08:45:25.992Z"}
{"level":"info","message":"Successfully connected to Redis","service":"auth-service","timestamp":"2025-08-08T08:45:26.005Z"}
{"level":"info","message":"Redis client is ready","service":"auth-service","timestamp":"2025-08-08T08:45:26.006Z"}
{"level":"info","message":"MongoDb  connected successfully","service":"auth-service","timestamp":"2025-08-08T08:45:26.488Z"}
{"level":"info","message":"App started at port 8000","service":"auth-service","timestamp":"2025-08-08T08:45:26.489Z"}
{"level":"warn","message":"Checking for rate limit","service":"auth-service","timestamp":"2025-08-08T08:45:30.308Z"}
{"level":"info","message":"request from /api/auth/register having a method of POST","service":"auth-service","timestamp":"2025-08-08T08:45:30.311Z"}
{"level":"info","message":"user hit the register controller","service":"auth-service","timestamp":"2025-08-08T08:45:30.312Z"}
{"level":"error","message":"Registration error Can't save() the same doc multiple times in parallel. Document: 6895b92ae0756292bd5d1cf1","service":"auth-service","stack":"ParallelSaveError: Can't save() the same doc multiple times in parallel. Document: 6895b92ae0756292bd5d1cf1\n    at model.save (/Users/home/Desktop/projects/social-media-microservices/authservices/node_modules/mongoose/lib/model.js:617:20)\n    at model.<anonymous> (/Users/home/Desktop/projects/social-media-microservices/authservices/src/model/userSchema.ts:38:24)","timestamp":"2025-08-08T08:45:30.515Z"}
{"level":"info","message":"DB connection started","service":"auth-service","timestamp":"2025-08-08T08:45:54.270Z"}
{"level":"info","message":"Successfully connected to Redis","service":"auth-service","timestamp":"2025-08-08T08:45:54.282Z"}
{"level":"info","message":"Redis client is ready","service":"auth-service","timestamp":"2025-08-08T08:45:54.285Z"}
{"level":"info","message":"MongoDb  connected successfully","service":"auth-service","timestamp":"2025-08-08T08:45:54.869Z"}
{"level":"info","message":"App started at port 8000","service":"auth-service","timestamp":"2025-08-08T08:45:54.870Z"}
{"level":"info","message":"DB connection started","service":"auth-service","timestamp":"2025-08-08T08:48:34.366Z"}
{"level":"info","message":"Successfully connected to Redis","service":"auth-service","timestamp":"2025-08-08T08:48:34.381Z"}
{"level":"info","message":"Redis client is ready","service":"auth-service","timestamp":"2025-08-08T08:48:34.404Z"}
{"level":"info","message":"MongoDb  connected successfully","service":"auth-service","timestamp":"2025-08-08T08:48:34.938Z"}
{"level":"info","message":"App started at port 8000","service":"auth-service","timestamp":"2025-08-08T08:48:34.938Z"}
{"level":"warn","message":"Checking for rate limit","service":"auth-service","timestamp":"2025-08-08T08:48:50.248Z"}
{"level":"info","message":"request from /api/auth/register having a method of POST","service":"auth-service","timestamp":"2025-08-08T08:48:50.254Z"}
{"level":"info","message":"user hit the register controller","service":"auth-service","timestamp":"2025-08-08T08:48:50.255Z"}
{"level":"info","message":"user created","service":"auth-service","timestamp":"2025-08-08T08:48:50.425Z"}
{"level":"info","message":"DB connection started","service":"auth-service","timestamp":"2025-08-08T08:49:09.162Z"}
{"level":"info","message":"Successfully connected to Redis","service":"auth-service","timestamp":"2025-08-08T08:49:09.184Z"}
{"level":"info","message":"Redis client is ready","service":"auth-service","timestamp":"2025-08-08T08:49:09.204Z"}
{"level":"info","message":"MongoDb  connected successfully","service":"auth-service","timestamp":"2025-08-08T08:49:09.862Z"}
{"level":"info","message":"App started at port 8000","service":"auth-service","timestamp":"2025-08-08T08:49:09.863Z"}
{"level":"info","message":"DB connection started","service":"auth-service","timestamp":"2025-08-08T08:50:16.472Z"}
{"level":"info","message":"Successfully connected to Redis","service":"auth-service","timestamp":"2025-08-08T08:50:16.482Z"}
{"level":"info","message":"Redis client is ready","service":"auth-service","timestamp":"2025-08-08T08:50:16.493Z"}
{"level":"info","message":"MongoDb  connected successfully","service":"auth-service","timestamp":"2025-08-08T08:50:17.031Z"}
{"level":"info","message":"App started at port 8000","service":"auth-service","timestamp":"2025-08-08T08:50:17.032Z"}
{"level":"warn","message":"Checking for rate limit","service":"auth-service","timestamp":"2025-08-08T08:50:24.766Z"}
{"level":"info","message":"request from /api/auth/register having a method of POST","service":"auth-service","timestamp":"2025-08-08T08:50:24.771Z"}
{"level":"info","message":"user hit the register controller","service":"auth-service","timestamp":"2025-08-08T08:50:24.771Z"}
{"level":"warn","message":"Attempted registration with existing email","service":"auth-service","timestamp":"2025-08-08T08:50:24.817Z"}
{"level":"warn","message":"Checking for rate limit","service":"auth-service","timestamp":"2025-08-08T08:50:41.599Z"}
{"level":"info","message":"request from /api/auth/register having a method of POST","service":"auth-service","timestamp":"2025-08-08T08:50:41.603Z"}
{"level":"info","message":"user hit the register controller","service":"auth-service","timestamp":"2025-08-08T08:50:41.603Z"}
{"level":"info","message":"user created","service":"auth-service","timestamp":"2025-08-08T08:50:41.774Z"}
{"level":"warn","message":"new refresh token schema created","service":"auth-service","timestamp":"2025-08-08T08:50:41.776Z"}
{"level":"info","message":"DB connection started","service":"auth-service","timestamp":"2025-08-08T08:51:56.354Z"}
{"level":"info","message":"Successfully connected to Redis","service":"auth-service","timestamp":"2025-08-08T08:51:56.368Z"}
{"level":"info","message":"Redis client is ready","service":"auth-service","timestamp":"2025-08-08T08:51:56.375Z"}
{"level":"info","message":"MongoDb  connected successfully","service":"auth-service","timestamp":"2025-08-08T08:51:57.013Z"}
{"level":"info","message":"App started at port 8000","service":"auth-service","timestamp":"2025-08-08T08:51:57.014Z"}
{"level":"info","message":"DB connection started","service":"auth-service","timestamp":"2025-08-08T08:52:12.573Z"}
{"level":"info","message":"Successfully connected to Redis","service":"auth-service","timestamp":"2025-08-08T08:52:12.590Z"}
{"level":"info","message":"Redis client is ready","service":"auth-service","timestamp":"2025-08-08T08:52:12.593Z"}
{"level":"info","message":"DB connection started","service":"auth-service","timestamp":"2025-08-08T08:52:15.756Z"}
{"level":"info","message":"Successfully connected to Redis","service":"auth-service","timestamp":"2025-08-08T08:52:15.766Z"}
{"level":"info","message":"Redis client is ready","service":"auth-service","timestamp":"2025-08-08T08:52:15.768Z"}
{"level":"info","message":"MongoDb  connected successfully","service":"auth-service","timestamp":"2025-08-08T08:52:16.273Z"}
{"level":"info","message":"App started at port 8000","service":"auth-service","timestamp":"2025-08-08T08:52:16.273Z"}
{"level":"warn","message":"Checking for rate limit","service":"auth-service","timestamp":"2025-08-08T08:52:45.173Z"}
{"level":"info","message":"request from /api/auth/register having a method of POST","service":"auth-service","timestamp":"2025-08-08T08:52:45.177Z"}
{"level":"info","message":"user hit the register controller","service":"auth-service","timestamp":"2025-08-08T08:52:45.179Z"}
{"level":"info","message":"user created","service":"auth-service","timestamp":"2025-08-08T08:52:45.331Z"}
{"_message":"RefreshToken validation failed","errors":{"token":{"kind":"required","message":"Path `token` is required.","name":"ValidatorError","path":"token","properties":{"message":"Path `token` is required.","path":"token","type":"required"}},"user":{"kind":"required","message":"Path `user` is required.","name":"ValidatorError","path":"user","properties":{"message":"Path `user` is required.","path":"user","type":"required"}}},"level":"error","message":"Registration error RefreshToken validation failed: user: Path `user` is required., token: Path `token` is required.","service":"auth-service","stack":"ValidationError: RefreshToken validation failed: user: Path `user` is required., token: Path `token` is required.\n    at model.Document.invalidate (/Users/home/Desktop/projects/social-media-microservices/authservices/node_modules/mongoose/lib/document.js:3358:32)\n    at /Users/home/Desktop/projects/social-media-microservices/authservices/node_modules/mongoose/lib/document.js:3119:17\n    at /Users/home/Desktop/projects/social-media-microservices/authservices/node_modules/mongoose/lib/schemaType.js:1410:9\n    at processTicksAndRejections (node:internal/process/task_queues:85:11)","timestamp":"2025-08-08T08:52:45.338Z"}
{"level":"warn","message":"Checking for rate limit","service":"auth-service","timestamp":"2025-08-08T08:53:29.076Z"}
{"level":"info","message":"request from / having a method of GET","service":"auth-service","timestamp":"2025-08-08T08:53:29.086Z"}
{"level":"info","message":"DB connection started","service":"auth-service","timestamp":"2025-08-08T08:54:27.795Z"}
{"level":"info","message":"Successfully connected to Redis","service":"auth-service","timestamp":"2025-08-08T08:54:27.808Z"}
{"level":"info","message":"Redis client is ready","service":"auth-service","timestamp":"2025-08-08T08:54:27.810Z"}
{"level":"info","message":"MongoDb  connected successfully","service":"auth-service","timestamp":"2025-08-08T08:54:28.335Z"}
{"level":"info","message":"App started at port 8000","service":"auth-service","timestamp":"2025-08-08T08:54:28.336Z"}
{"level":"warn","message":"Checking for rate limit","service":"auth-service","timestamp":"2025-08-08T08:54:53.719Z"}
{"level":"info","message":"request from /api/auth/register having a method of POST","service":"auth-service","timestamp":"2025-08-08T08:54:53.725Z"}
{"level":"info","message":"user hit the register controller","service":"auth-service","timestamp":"2025-08-08T08:54:53.727Z"}
{"level":"warn","message":"Attempted registration with existing email","service":"auth-service","timestamp":"2025-08-08T08:54:53.786Z"}
{"level":"warn","message":"Checking for rate limit","service":"auth-service","timestamp":"2025-08-08T08:55:18.758Z"}
{"level":"info","message":"request from /api/auth/register having a method of POST","service":"auth-service","timestamp":"2025-08-08T08:55:18.771Z"}
{"level":"info","message":"user hit the register controller","service":"auth-service","timestamp":"2025-08-08T08:55:18.772Z"}
{"level":"info","message":"user created","service":"auth-service","timestamp":"2025-08-08T08:55:18.956Z"}
{"_message":"RefreshToken validation failed","errors":{"token":{"kind":"required","message":"Path `token` is required.","name":"ValidatorError","path":"token","properties":{"message":"Path `token` is required.","path":"token","type":"required"}},"user":{"kind":"required","message":"Path `user` is required.","name":"ValidatorError","path":"user","properties":{"message":"Path `user` is required.","path":"user","type":"required"}}},"level":"error","message":"Registration error RefreshToken validation failed: user: Path `user` is required., token: Path `token` is required.","service":"auth-service","stack":"ValidationError: RefreshToken validation failed: user: Path `user` is required., token: Path `token` is required.\n    at model.Document.invalidate (/Users/home/Desktop/projects/social-media-microservices/authservices/node_modules/mongoose/lib/document.js:3358:32)\n    at /Users/home/Desktop/projects/social-media-microservices/authservices/node_modules/mongoose/lib/document.js:3119:17\n    at /Users/home/Desktop/projects/social-media-microservices/authservices/node_modules/mongoose/lib/schemaType.js:1410:9\n    at processTicksAndRejections (node:internal/process/task_queues:85:11)","timestamp":"2025-08-08T08:55:18.963Z"}
{"level":"info","message":"DB connection started","service":"auth-service","timestamp":"2025-08-08T08:59:21.525Z"}
{"level":"info","message":"Successfully connected to Redis","service":"auth-service","timestamp":"2025-08-08T08:59:21.543Z"}
{"level":"info","message":"Redis client is ready","service":"auth-service","timestamp":"2025-08-08T08:59:21.553Z"}
{"level":"info","message":"MongoDb  connected successfully","service":"auth-service","timestamp":"2025-08-08T08:59:22.205Z"}
{"level":"info","message":"App started at port 8000","service":"auth-service","timestamp":"2025-08-08T08:59:22.206Z"}
{"level":"info","message":"DB connection started","service":"auth-service","timestamp":"2025-08-08T09:00:17.237Z"}
{"level":"info","message":"Successfully connected to Redis","service":"auth-service","timestamp":"2025-08-08T09:00:17.250Z"}
{"level":"info","message":"Redis client is ready","service":"auth-service","timestamp":"2025-08-08T09:00:17.255Z"}
{"level":"info","message":"MongoDb  connected successfully","service":"auth-service","timestamp":"2025-08-08T09:00:17.752Z"}
{"level":"info","message":"App started at port 8000","service":"auth-service","timestamp":"2025-08-08T09:00:17.753Z"}
{"level":"info","message":"DB connection started","service":"auth-service","timestamp":"2025-08-08T09:01:03.116Z"}
{"level":"info","message":"Successfully connected to Redis","service":"auth-service","timestamp":"2025-08-08T09:01:03.131Z"}
{"level":"info","message":"Redis client is ready","service":"auth-service","timestamp":"2025-08-08T09:01:03.134Z"}
{"level":"info","message":"MongoDb  connected successfully","service":"auth-service","timestamp":"2025-08-08T09:01:03.785Z"}
{"level":"info","message":"App started at port 8000","service":"auth-service","timestamp":"2025-08-08T09:01:03.786Z"}
{"level":"info","message":"DB connection started","service":"auth-service","timestamp":"2025-08-08T09:01:38.963Z"}
{"level":"info","message":"Successfully connected to Redis","service":"auth-service","timestamp":"2025-08-08T09:01:38.975Z"}
{"level":"info","message":"Redis client is ready","service":"auth-service","timestamp":"2025-08-08T09:01:38.979Z"}
{"level":"info","message":"MongoDb  connected successfully","service":"auth-service","timestamp":"2025-08-08T09:01:39.515Z"}
{"level":"info","message":"App started at port 8000","service":"auth-service","timestamp":"2025-08-08T09:01:39.515Z"}
{"level":"info","message":"DB connection started","service":"auth-service","timestamp":"2025-08-08T09:01:45.670Z"}
{"level":"info","message":"Successfully connected to Redis","service":"auth-service","timestamp":"2025-08-08T09:01:45.683Z"}
{"level":"info","message":"Redis client is ready","service":"auth-service","timestamp":"2025-08-08T09:01:45.685Z"}
{"level":"info","message":"MongoDb  connected successfully","service":"auth-service","timestamp":"2025-08-08T09:01:46.155Z"}
{"level":"info","message":"App started at port 8000","service":"auth-service","timestamp":"2025-08-08T09:01:46.156Z"}
{"level":"info","message":"DB connection started","service":"auth-service","timestamp":"2025-08-08T09:06:28.830Z"}
{"level":"info","message":"Successfully connected to Redis","service":"auth-service","timestamp":"2025-08-08T09:06:28.849Z"}
{"level":"info","message":"Redis client is ready","service":"auth-service","timestamp":"2025-08-08T09:06:28.860Z"}
{"level":"info","message":"MongoDb  connected successfully","service":"auth-service","timestamp":"2025-08-08T09:06:29.443Z"}
{"level":"info","message":"App started at port 8000","service":"auth-service","timestamp":"2025-08-08T09:06:29.444Z"}
{"level":"info","message":"DB connection started","service":"auth-service","timestamp":"2025-08-08T09:06:35.225Z"}
{"level":"info","message":"DB connection started","service":"auth-service","timestamp":"2025-08-08T09:06:43.795Z"}
{"level":"info","message":"Successfully connected to Redis","service":"auth-service","timestamp":"2025-08-08T09:06:43.807Z"}
{"level":"info","message":"Redis client is ready","service":"auth-service","timestamp":"2025-08-08T09:06:43.808Z"}
{"level":"info","message":"MongoDb  connected successfully","service":"auth-service","timestamp":"2025-08-08T09:06:44.277Z"}
{"level":"info","message":"App started at port 8000","service":"auth-service","timestamp":"2025-08-08T09:06:44.278Z"}
{"level":"info","message":"DB connection started","service":"auth-service","timestamp":"2025-08-08T09:09:34.689Z"}
{"level":"info","message":"Successfully connected to Redis","service":"auth-service","timestamp":"2025-08-08T09:09:34.700Z"}
{"level":"info","message":"Redis client is ready","service":"auth-service","timestamp":"2025-08-08T09:09:34.703Z"}
{"level":"info","message":"MongoDb  connected successfully","service":"auth-service","timestamp":"2025-08-08T09:09:35.290Z"}
{"level":"info","message":"App started at port 8000","service":"auth-service","timestamp":"2025-08-08T09:09:35.290Z"}
{"level":"warn","message":"Checking for rate limit","service":"auth-service","timestamp":"2025-08-08T09:09:48.569Z"}
{"level":"info","message":"request from /api/auth/register having a method of POST","service":"auth-service","timestamp":"2025-08-08T09:09:48.594Z"}
{"level":"info","message":"user hit the register controller","service":"auth-service","timestamp":"2025-08-08T09:09:48.597Z"}
{"level":"info","message":"user created","service":"auth-service","timestamp":"2025-08-08T09:09:48.751Z"}
{"level":"warn","message":"new refresh token schema created","service":"auth-service","timestamp":"2025-08-08T09:09:48.792Z"}
{"level":"warn","message":"Checking for rate limit","service":"auth-service","timestamp":"2025-08-08T09:37:10.619Z"}
{"level":"info","message":"request from / having a method of GET","service":"auth-service","timestamp":"2025-08-08T09:37:10.673Z"}
{"level":"warn","message":"Checking for rate limit","service":"auth-service","timestamp":"2025-08-08T09:51:52.559Z"}
{"level":"info","message":"request from / having a method of GET","service":"auth-service","timestamp":"2025-08-08T09:51:52.587Z"}
{"level":"warn","message":"Checking for rate limit","service":"auth-service","timestamp":"2025-08-08T13:11:19.679Z"}
{"level":"info","message":"request from /api/auth/register having a method of POST","service":"auth-service","timestamp":"2025-08-08T13:11:19.712Z"}
{"level":"info","message":"user hit the register controller","service":"auth-service","timestamp":"2025-08-08T13:11:19.715Z"}
{"level":"warn","message":"Attempted registration with existing email","service":"auth-service","timestamp":"2025-08-08T13:11:19.831Z"}
{"level":"warn","message":"Checking for rate limit","service":"auth-service","timestamp":"2025-08-08T13:11:53.473Z"}
{"level":"info","message":"request from /api/auth/register having a method of POST","service":"auth-service","timestamp":"2025-08-08T13:11:53.482Z"}
{"level":"info","message":"user hit the register controller","service":"auth-service","timestamp":"2025-08-08T13:11:53.483Z"}
{"level":"warn","message":"Attempted registration with existing email","service":"auth-service","timestamp":"2025-08-08T13:11:53.536Z"}
{"level":"warn","message":"Checking for rate limit","service":"auth-service","timestamp":"2025-08-08T13:12:05.645Z"}
{"level":"info","message":"request from /api/auth/register having a method of POST","service":"auth-service","timestamp":"2025-08-08T13:12:05.655Z"}
{"level":"info","message":"user hit the register controller","service":"auth-service","timestamp":"2025-08-08T13:12:05.656Z"}
{"level":"info","message":"user created","service":"auth-service","timestamp":"2025-08-08T13:12:05.821Z"}
{"code":11000,"errorLabelSet":{},"errorResponse":{"code":11000,"errmsg":"E11000 duplicate key error collection: test.refreshtokens index: token_1 dup key: { token: null }","index":0,"keyPattern":{"token":1},"keyValue":{"token":null}},"index":0,"keyPattern":{"token":1},"keyValue":{"token":null},"level":"error","message":"Registration error E11000 duplicate key error collection: test.refreshtokens index: token_1 dup key: { token: null }","service":"auth-service","stack":"MongoServerError: E11000 duplicate key error collection: test.refreshtokens index: token_1 dup key: { token: null }\n    at InsertOneOperation.execute (/Users/home/Desktop/projects/social-media-microservices/authservices/node_modules/mongodb/src/operations/insert.ts:88:13)\n    at processTicksAndRejections (node:internal/process/task_queues:105:5)\n    at async tryOperation (/Users/home/Desktop/projects/social-media-microservices/authservices/node_modules/mongodb/src/operations/execute_operation.ts:283:14)\n    at async executeOperation (/Users/home/Desktop/projects/social-media-microservices/authservices/node_modules/mongodb/src/operations/execute_operation.ts:115:12)\n    at async Collection.insertOne (/Users/home/Desktop/projects/social-media-microservices/authservices/node_modules/mongodb/src/collection.ts:286:12)","timestamp":"2025-08-08T13:12:05.889Z"}
{"level":"warn","message":"Checking for rate limit","service":"auth-service","timestamp":"2025-08-08T13:12:48.023Z"}
{"level":"info","message":"request from /api/auth/register having a method of POST","service":"auth-service","timestamp":"2025-08-08T13:12:48.029Z"}
{"level":"info","message":"user hit the register controller","service":"auth-service","timestamp":"2025-08-08T13:12:48.029Z"}
{"level":"warn","message":"Attempted registration with existing email","service":"auth-service","timestamp":"2025-08-08T13:12:48.068Z"}
{"level":"warn","message":"Checking for rate limit","service":"auth-service","timestamp":"2025-08-08T13:13:00.195Z"}
{"level":"info","message":"request from /api/auth/register having a method of POST","service":"auth-service","timestamp":"2025-08-08T13:13:00.198Z"}
{"level":"info","message":"user hit the register controller","service":"auth-service","timestamp":"2025-08-08T13:13:00.198Z"}
{"level":"info","message":"user created","service":"auth-service","timestamp":"2025-08-08T13:13:00.418Z"}
{"code":11000,"errorLabelSet":{},"errorResponse":{"code":11000,"errmsg":"E11000 duplicate key error collection: test.refreshtokens index: token_1 dup key: { token: null }","index":0,"keyPattern":{"token":1},"keyValue":{"token":null}},"index":0,"keyPattern":{"token":1},"keyValue":{"token":null},"level":"error","message":"Registration error E11000 duplicate key error collection: test.refreshtokens index: token_1 dup key: { token: null }","service":"auth-service","stack":"MongoServerError: E11000 duplicate key error collection: test.refreshtokens index: token_1 dup key: { token: null }\n    at InsertOneOperation.execute (/Users/home/Desktop/projects/social-media-microservices/authservices/node_modules/mongodb/src/operations/insert.ts:88:13)\n    at processTicksAndRejections (node:internal/process/task_queues:105:5)\n    at async tryOperation (/Users/home/Desktop/projects/social-media-microservices/authservices/node_modules/mongodb/src/operations/execute_operation.ts:283:14)\n    at async executeOperation (/Users/home/Desktop/projects/social-media-microservices/authservices/node_modules/mongodb/src/operations/execute_operation.ts:115:12)\n    at async Collection.insertOne (/Users/home/Desktop/projects/social-media-microservices/authservices/node_modules/mongodb/src/collection.ts:286:12)","timestamp":"2025-08-08T13:13:00.451Z"}
{"level":"warn","message":"Checking for rate limit","service":"auth-service","timestamp":"2025-08-08T13:14:06.531Z"}
{"level":"info","message":"request from /api/auth/register having a method of POST","service":"auth-service","timestamp":"2025-08-08T13:14:06.536Z"}
{"level":"info","message":"user hit the register controller","service":"auth-service","timestamp":"2025-08-08T13:14:06.537Z"}
{"level":"warn","message":"Attempted registration with existing email","service":"auth-service","timestamp":"2025-08-08T13:14:06.585Z"}
{"level":"warn","message":"Checking for rate limit","service":"auth-service","timestamp":"2025-08-08T13:14:08.465Z"}
{"level":"info","message":"request from /api/auth/register having a method of POST","service":"auth-service","timestamp":"2025-08-08T13:14:08.466Z"}
{"level":"info","message":"user hit the register controller","service":"auth-service","timestamp":"2025-08-08T13:14:08.466Z"}
{"level":"warn","message":"Attempted registration with existing email","service":"auth-service","timestamp":"2025-08-08T13:14:08.502Z"}
{"level":"warn","message":"Checking for rate limit","service":"auth-service","timestamp":"2025-08-08T13:14:09.645Z"}
{"level":"info","message":"request from /api/auth/register having a method of POST","service":"auth-service","timestamp":"2025-08-08T13:14:09.648Z"}
{"level":"info","message":"user hit the register controller","service":"auth-service","timestamp":"2025-08-08T13:14:09.649Z"}
{"level":"warn","message":"Attempted registration with existing email","service":"auth-service","timestamp":"2025-08-08T13:14:09.699Z"}
{"level":"warn","message":"Checking for rate limit","service":"auth-service","timestamp":"2025-08-08T13:14:16.656Z"}
{"level":"info","message":"request from /api/auth/register having a method of POST","service":"auth-service","timestamp":"2025-08-08T13:14:16.659Z"}
{"level":"info","message":"user hit the register controller","service":"auth-service","timestamp":"2025-08-08T13:14:16.660Z"}
{"level":"info","message":"user created","service":"auth-service","timestamp":"2025-08-08T13:14:16.818Z"}
{"code":11000,"errorLabelSet":{},"errorResponse":{"code":11000,"errmsg":"E11000 duplicate key error collection: test.refreshtokens index: token_1 dup key: { token: null }","index":0,"keyPattern":{"token":1},"keyValue":{"token":null}},"index":0,"keyPattern":{"token":1},"keyValue":{"token":null},"level":"error","message":"Registration error E11000 duplicate key error collection: test.refreshtokens index: token_1 dup key: { token: null }","service":"auth-service","stack":"MongoServerError: E11000 duplicate key error collection: test.refreshtokens index: token_1 dup key: { token: null }\n    at InsertOneOperation.execute (/Users/home/Desktop/projects/social-media-microservices/authservices/node_modules/mongodb/src/operations/insert.ts:88:13)\n    at processTicksAndRejections (node:internal/process/task_queues:105:5)\n    at async tryOperation (/Users/home/Desktop/projects/social-media-microservices/authservices/node_modules/mongodb/src/operations/execute_operation.ts:283:14)\n    at async executeOperation (/Users/home/Desktop/projects/social-media-microservices/authservices/node_modules/mongodb/src/operations/execute_operation.ts:115:12)\n    at async Collection.insertOne (/Users/home/Desktop/projects/social-media-microservices/authservices/node_modules/mongodb/src/collection.ts:286:12)","timestamp":"2025-08-08T13:14:16.851Z"}
{"level":"info","message":"DB connection started","service":"auth-service","timestamp":"2025-08-08T13:18:50.934Z"}
{"level":"info","message":"Successfully connected to Redis","service":"auth-service","timestamp":"2025-08-08T13:18:50.951Z"}
{"level":"info","message":"Redis client is ready","service":"auth-service","timestamp":"2025-08-08T13:18:50.968Z"}
{"level":"info","message":"MongoDb  connected successfully","service":"auth-service","timestamp":"2025-08-08T13:18:51.985Z"}
{"level":"info","message":"App started at port 8000","service":"auth-service","timestamp":"2025-08-08T13:18:51.986Z"}
{"level":"info","message":"DB connection started","service":"auth-service","timestamp":"2025-08-08T13:19:34.541Z"}
{"level":"info","message":"Successfully connected to Redis","service":"auth-service","timestamp":"2025-08-08T13:19:34.553Z"}
{"level":"info","message":"Redis client is ready","service":"auth-service","timestamp":"2025-08-08T13:19:34.558Z"}
{"level":"info","message":"MongoDb  connected successfully","service":"auth-service","timestamp":"2025-08-08T13:19:35.153Z"}
{"level":"info","message":"App started at port 8000","service":"auth-service","timestamp":"2025-08-08T13:19:35.154Z"}
{"level":"info","message":"DB connection started","service":"auth-service","timestamp":"2025-08-08T13:19:39.166Z"}
{"level":"info","message":"Successfully connected to Redis","service":"auth-service","timestamp":"2025-08-08T13:19:39.177Z"}
{"level":"info","message":"Redis client is ready","service":"auth-service","timestamp":"2025-08-08T13:19:39.179Z"}
{"level":"info","message":"MongoDb  connected successfully","service":"auth-service","timestamp":"2025-08-08T13:19:39.730Z"}
{"level":"info","message":"App started at port 8000","service":"auth-service","timestamp":"2025-08-08T13:19:39.730Z"}
{"level":"info","message":"DB connection started","service":"auth-service","timestamp":"2025-08-08T13:20:04.599Z"}
{"level":"info","message":"Successfully connected to Redis","service":"auth-service","timestamp":"2025-08-08T13:20:04.610Z"}
{"level":"info","message":"Redis client is ready","service":"auth-service","timestamp":"2025-08-08T13:20:04.613Z"}
{"level":"info","message":"MongoDb  connected successfully","service":"auth-service","timestamp":"2025-08-08T13:20:05.360Z"}
{"level":"info","message":"App started at port 8000","service":"auth-service","timestamp":"2025-08-08T13:20:05.361Z"}
{"level":"warn","message":"Checking for rate limit","service":"auth-service","timestamp":"2025-08-08T13:20:21.797Z"}
{"level":"info","message":"request from /api/auth/register having a method of POST","service":"auth-service","timestamp":"2025-08-08T13:20:21.803Z"}
{"level":"info","message":"user hit the register controller","service":"auth-service","timestamp":"2025-08-08T13:20:21.803Z"}
{"level":"warn","message":"Attempted registration with existing email","service":"auth-service","timestamp":"2025-08-08T13:20:22.293Z"}
{"level":"warn","message":"Checking for rate limit","service":"auth-service","timestamp":"2025-08-08T13:20:52.639Z"}
{"level":"info","message":"request from /api/auth/register having a method of POST","service":"auth-service","timestamp":"2025-08-08T13:20:52.645Z"}
{"level":"info","message":"user hit the register controller","service":"auth-service","timestamp":"2025-08-08T13:20:52.646Z"}
{"level":"warn","message":"Attempted registration with existing email","service":"auth-service","timestamp":"2025-08-08T13:20:52.691Z"}
{"level":"warn","message":"Checking for rate limit","service":"auth-service","timestamp":"2025-08-08T13:20:53.866Z"}
{"level":"info","message":"request from /api/auth/register having a method of POST","service":"auth-service","timestamp":"2025-08-08T13:20:53.868Z"}
{"level":"info","message":"user hit the register controller","service":"auth-service","timestamp":"2025-08-08T13:20:53.868Z"}
{"level":"warn","message":"Attempted registration with existing email","service":"auth-service","timestamp":"2025-08-08T13:20:53.970Z"}
{"level":"warn","message":"Checking for rate limit","service":"auth-service","timestamp":"2025-08-08T13:20:54.840Z"}
{"level":"info","message":"request from /api/auth/register having a method of POST","service":"auth-service","timestamp":"2025-08-08T13:20:54.845Z"}
{"level":"info","message":"user hit the register controller","service":"auth-service","timestamp":"2025-08-08T13:20:54.846Z"}
{"level":"warn","message":"Attempted registration with existing email","service":"auth-service","timestamp":"2025-08-08T13:20:54.911Z"}
{"level":"warn","message":"Checking for rate limit","service":"auth-service","timestamp":"2025-08-08T13:20:56.039Z"}
{"level":"info","message":"request from /api/auth/register having a method of POST","service":"auth-service","timestamp":"2025-08-08T13:20:56.040Z"}
{"level":"info","message":"user hit the register controller","service":"auth-service","timestamp":"2025-08-08T13:20:56.040Z"}
{"level":"warn","message":"Attempted registration with existing email","service":"auth-service","timestamp":"2025-08-08T13:20:56.078Z"}
{"level":"warn","message":"Checking for rate limit","service":"auth-service","timestamp":"2025-08-08T13:20:56.864Z"}
{"level":"info","message":"request from /api/auth/register having a method of POST","service":"auth-service","timestamp":"2025-08-08T13:20:56.866Z"}
{"level":"info","message":"user hit the register controller","service":"auth-service","timestamp":"2025-08-08T13:20:56.866Z"}
{"level":"warn","message":"Attempted registration with existing email","service":"auth-service","timestamp":"2025-08-08T13:20:56.913Z"}
{"level":"warn","message":"Checking for rate limit","service":"auth-service","timestamp":"2025-08-08T13:20:57.742Z"}
{"level":"info","message":"request from /api/auth/register having a method of POST","service":"auth-service","timestamp":"2025-08-08T13:20:57.742Z"}
{"level":"info","message":"user hit the register controller","service":"auth-service","timestamp":"2025-08-08T13:20:57.742Z"}
{"level":"warn","message":"Attempted registration with existing email","service":"auth-service","timestamp":"2025-08-08T13:20:57.780Z"}
{"level":"warn","message":"Checking for rate limit","service":"auth-service","timestamp":"2025-08-08T13:20:58.218Z"}
{"level":"info","message":"request from /api/auth/register having a method of POST","service":"auth-service","timestamp":"2025-08-08T13:20:58.221Z"}
{"level":"info","message":"user hit the register controller","service":"auth-service","timestamp":"2025-08-08T13:20:58.222Z"}
{"level":"warn","message":"Attempted registration with existing email","service":"auth-service","timestamp":"2025-08-08T13:20:58.259Z"}
{"level":"warn","message":"Checking for rate limit","service":"auth-service","timestamp":"2025-08-08T13:21:06.616Z"}
{"level":"info","message":"request from /api/auth/register having a method of POST","service":"auth-service","timestamp":"2025-08-08T13:21:06.619Z"}
{"level":"info","message":"user hit the register controller","service":"auth-service","timestamp":"2025-08-08T13:21:06.619Z"}
{"level":"info","message":"user created","service":"auth-service","timestamp":"2025-08-08T13:21:06.795Z"}
{"code":11000,"errorLabelSet":{},"errorResponse":{"code":11000,"errmsg":"E11000 duplicate key error collection: test.refreshtokens index: token_1 dup key: { token: null }","index":0,"keyPattern":{"token":1},"keyValue":{"token":null}},"index":0,"keyPattern":{"token":1},"keyValue":{"token":null},"level":"error","message":"Registration error E11000 duplicate key error collection: test.refreshtokens index: token_1 dup key: { token: null }","service":"auth-service","stack":"MongoServerError: E11000 duplicate key error collection: test.refreshtokens index: token_1 dup key: { token: null }\n    at InsertOneOperation.execute (/Users/home/Desktop/projects/social-media-microservices/authservices/node_modules/mongodb/src/operations/insert.ts:88:13)\n    at processTicksAndRejections (node:internal/process/task_queues:105:5)\n    at async tryOperation (/Users/home/Desktop/projects/social-media-microservices/authservices/node_modules/mongodb/src/operations/execute_operation.ts:283:14)\n    at async executeOperation (/Users/home/Desktop/projects/social-media-microservices/authservices/node_modules/mongodb/src/operations/execute_operation.ts:115:12)\n    at async Collection.insertOne (/Users/home/Desktop/projects/social-media-microservices/authservices/node_modules/mongodb/src/collection.ts:286:12)","timestamp":"2025-08-08T13:21:06.856Z"}
{"level":"info","message":"DB connection started","service":"auth-service","timestamp":"2025-08-08T13:25:29.649Z"}
{"level":"info","message":"Successfully connected to Redis","service":"auth-service","timestamp":"2025-08-08T13:25:29.666Z"}
{"level":"info","message":"Redis client is ready","service":"auth-service","timestamp":"2025-08-08T13:25:29.674Z"}
{"level":"info","message":"MongoDb  connected successfully","service":"auth-service","timestamp":"2025-08-08T13:25:30.322Z"}
{"level":"info","message":"App started at port 8000","service":"auth-service","timestamp":"2025-08-08T13:25:30.324Z"}
{"level":"info","message":"DB connection started","service":"auth-service","timestamp":"2025-08-08T13:25:32.418Z"}
{"level":"info","message":"Successfully connected to Redis","service":"auth-service","timestamp":"2025-08-08T13:25:32.430Z"}
{"level":"info","message":"Redis client is ready","service":"auth-service","timestamp":"2025-08-08T13:25:32.432Z"}
{"level":"info","message":"MongoDb  connected successfully","service":"auth-service","timestamp":"2025-08-08T13:25:32.932Z"}
{"level":"info","message":"App started at port 8000","service":"auth-service","timestamp":"2025-08-08T13:25:32.933Z"}
{"level":"info","message":"DB connection started","service":"auth-service","timestamp":"2025-08-08T13:25:52.903Z"}
{"level":"info","message":"Successfully connected to Redis","service":"auth-service","timestamp":"2025-08-08T13:25:52.913Z"}
{"level":"info","message":"Redis client is ready","service":"auth-service","timestamp":"2025-08-08T13:25:52.921Z"}
{"level":"info","message":"MongoDb  connected successfully","service":"auth-service","timestamp":"2025-08-08T13:25:53.455Z"}
{"level":"info","message":"App started at port 8000","service":"auth-service","timestamp":"2025-08-08T13:25:53.455Z"}
{"level":"info","message":"DB connection started","service":"auth-service","timestamp":"2025-08-08T13:26:06.281Z"}
{"level":"info","message":"Successfully connected to Redis","service":"auth-service","timestamp":"2025-08-08T13:26:06.298Z"}
{"level":"info","message":"Redis client is ready","service":"auth-service","timestamp":"2025-08-08T13:26:06.301Z"}
{"level":"info","message":"MongoDb  connected successfully","service":"auth-service","timestamp":"2025-08-08T13:26:06.880Z"}
{"level":"info","message":"App started at port 8000","service":"auth-service","timestamp":"2025-08-08T13:26:06.881Z"}
{"level":"warn","message":"Checking for rate limit","service":"auth-service","timestamp":"2025-08-08T13:26:21.785Z"}
{"level":"info","message":"request from /api/auth/register having a method of POST","service":"auth-service","timestamp":"2025-08-08T13:26:21.798Z"}
{"level":"info","message":"user hit the register controller","service":"auth-service","timestamp":"2025-08-08T13:26:21.798Z"}
{"level":"warn","message":"Attempted registration with existing email","service":"auth-service","timestamp":"2025-08-08T13:26:21.863Z"}
{"level":"warn","message":"Checking for rate limit","service":"auth-service","timestamp":"2025-08-08T13:26:27.591Z"}
{"level":"info","message":"request from /api/auth/register having a method of POST","service":"auth-service","timestamp":"2025-08-08T13:26:27.598Z"}
{"level":"info","message":"user hit the register controller","service":"auth-service","timestamp":"2025-08-08T13:26:27.599Z"}
{"level":"info","message":"user created","service":"auth-service","timestamp":"2025-08-08T13:26:27.763Z"}
{"code":11000,"errorLabelSet":{},"errorResponse":{"code":11000,"errmsg":"E11000 duplicate key error collection: test.refreshtokens index: token_1 dup key: { token: null }","index":0,"keyPattern":{"token":1},"keyValue":{"token":null}},"index":0,"keyPattern":{"token":1},"keyValue":{"token":null},"level":"error","message":"Registration error E11000 duplicate key error collection: test.refreshtokens index: token_1 dup key: { token: null }","service":"auth-service","stack":"MongoServerError: E11000 duplicate key error collection: test.refreshtokens index: token_1 dup key: { token: null }\n    at InsertOneOperation.execute (/Users/home/Desktop/projects/social-media-microservices/authservices/node_modules/mongodb/src/operations/insert.ts:88:13)\n    at processTicksAndRejections (node:internal/process/task_queues:105:5)\n    at async tryOperation (/Users/home/Desktop/projects/social-media-microservices/authservices/node_modules/mongodb/src/operations/execute_operation.ts:283:14)\n    at async executeOperation (/Users/home/Desktop/projects/social-media-microservices/authservices/node_modules/mongodb/src/operations/execute_operation.ts:115:12)\n    at async Collection.insertOne (/Users/home/Desktop/projects/social-media-microservices/authservices/node_modules/mongodb/src/collection.ts:286:12)","timestamp":"2025-08-08T13:26:27.812Z"}
{"level":"info","message":"DB connection started","service":"auth-service","timestamp":"2025-08-08T13:27:07.867Z"}
{"level":"info","message":"Successfully connected to Redis","service":"auth-service","timestamp":"2025-08-08T13:27:07.913Z"}
{"level":"info","message":"Redis client is ready","service":"auth-service","timestamp":"2025-08-08T13:27:07.919Z"}
{"level":"info","message":"MongoDb  connected successfully","service":"auth-service","timestamp":"2025-08-08T13:27:09.048Z"}
{"level":"info","message":"App started at port 8000","service":"auth-service","timestamp":"2025-08-08T13:27:09.049Z"}
{"level":"warn","message":"Checking for rate limit","service":"auth-service","timestamp":"2025-08-08T13:27:17.364Z"}
{"level":"info","message":"request from /api/auth/register having a method of POST","service":"auth-service","timestamp":"2025-08-08T13:27:17.367Z"}
{"level":"info","message":"user hit the register controller","service":"auth-service","timestamp":"2025-08-08T13:27:17.368Z"}
{"level":"info","message":"user created","service":"auth-service","timestamp":"2025-08-08T13:27:17.619Z"}
{"code":11000,"errorLabelSet":{},"errorResponse":{"code":11000,"errmsg":"E11000 duplicate key error collection: test.refreshtokens index: token_1 dup key: { token: null }","index":0,"keyPattern":{"token":1},"keyValue":{"token":null}},"index":0,"keyPattern":{"token":1},"keyValue":{"token":null},"level":"error","message":"Registration error E11000 duplicate key error collection: test.refreshtokens index: token_1 dup key: { token: null }","service":"auth-service","stack":"MongoServerError: E11000 duplicate key error collection: test.refreshtokens index: token_1 dup key: { token: null }\n    at InsertOneOperation.execute (/Users/home/Desktop/projects/social-media-microservices/authservices/node_modules/mongodb/src/operations/insert.ts:88:13)\n    at processTicksAndRejections (node:internal/process/task_queues:105:5)\n    at async tryOperation (/Users/home/Desktop/projects/social-media-microservices/authservices/node_modules/mongodb/src/operations/execute_operation.ts:283:14)\n    at async executeOperation (/Users/home/Desktop/projects/social-media-microservices/authservices/node_modules/mongodb/src/operations/execute_operation.ts:115:12)\n    at async Collection.insertOne (/Users/home/Desktop/projects/social-media-microservices/authservices/node_modules/mongodb/src/collection.ts:286:12)","timestamp":"2025-08-08T13:27:17.671Z"}
{"level":"info","message":"DB connection started","service":"auth-service","timestamp":"2025-08-08T13:28:02.376Z"}
{"level":"info","message":"Successfully connected to Redis","service":"auth-service","timestamp":"2025-08-08T13:28:02.389Z"}
{"level":"info","message":"Redis client is ready","service":"auth-service","timestamp":"2025-08-08T13:28:02.393Z"}
{"level":"info","message":"MongoDb  connected successfully","service":"auth-service","timestamp":"2025-08-08T13:28:05.654Z"}
{"level":"info","message":"App started at port 8000","service":"auth-service","timestamp":"2025-08-08T13:28:05.655Z"}
{"level":"info","message":"DB connection started","service":"auth-service","timestamp":"2025-08-08T13:28:42.607Z"}
{"level":"info","message":"Successfully connected to Redis","service":"auth-service","timestamp":"2025-08-08T13:28:42.618Z"}
{"level":"info","message":"Redis client is ready","service":"auth-service","timestamp":"2025-08-08T13:28:42.621Z"}
{"level":"info","message":"MongoDb  connected successfully","service":"auth-service","timestamp":"2025-08-08T13:28:43.967Z"}
{"level":"info","message":"App started at port 8000","service":"auth-service","timestamp":"2025-08-08T13:28:43.968Z"}
{"level":"warn","message":"Checking for rate limit","service":"auth-service","timestamp":"2025-08-08T13:29:11.182Z"}
{"level":"info","message":"request from /api/auth/register having a method of POST","service":"auth-service","timestamp":"2025-08-08T13:29:11.186Z"}
{"level":"info","message":"user hit the register controller","service":"auth-service","timestamp":"2025-08-08T13:29:11.187Z"}
{"level":"info","message":"user created","service":"auth-service","timestamp":"2025-08-08T13:29:11.369Z"}
{"code":11000,"errorLabelSet":{},"errorResponse":{"code":11000,"errmsg":"E11000 duplicate key error collection: test.refreshtokens index: token_1 dup key: { token: null }","index":0,"keyPattern":{"token":1},"keyValue":{"token":null}},"index":0,"keyPattern":{"token":1},"keyValue":{"token":null},"level":"error","message":"Registration error E11000 duplicate key error collection: test.refreshtokens index: token_1 dup key: { token: null }","service":"auth-service","stack":"MongoServerError: E11000 duplicate key error collection: test.refreshtokens index: token_1 dup key: { token: null }\n    at InsertOneOperation.execute (/Users/home/Desktop/projects/social-media-microservices/authservices/node_modules/mongodb/src/operations/insert.ts:88:13)\n    at processTicksAndRejections (node:internal/process/task_queues:105:5)\n    at async tryOperation (/Users/home/Desktop/projects/social-media-microservices/authservices/node_modules/mongodb/src/operations/execute_operation.ts:283:14)\n    at async executeOperation (/Users/home/Desktop/projects/social-media-microservices/authservices/node_modules/mongodb/src/operations/execute_operation.ts:115:12)\n    at async Collection.insertOne (/Users/home/Desktop/projects/social-media-microservices/authservices/node_modules/mongodb/src/collection.ts:286:12)","timestamp":"2025-08-08T13:29:11.433Z"}
{"level":"info","message":"DB connection started","service":"auth-service","timestamp":"2025-08-08T13:31:14.496Z"}
{"level":"info","message":"Successfully connected to Redis","service":"auth-service","timestamp":"2025-08-08T13:31:14.510Z"}
{"level":"info","message":"Redis client is ready","service":"auth-service","timestamp":"2025-08-08T13:31:14.516Z"}
{"level":"info","message":"MongoDb  connected successfully","service":"auth-service","timestamp":"2025-08-08T13:31:16.871Z"}
{"level":"info","message":"App started at port 8000","service":"auth-service","timestamp":"2025-08-08T13:31:16.871Z"}
{"level":"warn","message":"Checking for rate limit","service":"auth-service","timestamp":"2025-08-08T13:31:33.970Z"}
{"level":"info","message":"request from /api/auth/register having a method of POST","service":"auth-service","timestamp":"2025-08-08T13:31:33.974Z"}
{"level":"info","message":"user hit the register controller","service":"auth-service","timestamp":"2025-08-08T13:31:33.977Z"}
{"level":"info","message":"user created","service":"auth-service","timestamp":"2025-08-08T13:31:35.144Z"}
{"code":11000,"errorLabelSet":{},"errorResponse":{"code":11000,"errmsg":"E11000 duplicate key error collection: test.refreshtokens index: token_1 dup key: { token: null }","index":0,"keyPattern":{"token":1},"keyValue":{"token":null}},"index":0,"keyPattern":{"token":1},"keyValue":{"token":null},"level":"error","message":"Registration error E11000 duplicate key error collection: test.refreshtokens index: token_1 dup key: { token: null }","service":"auth-service","stack":"MongoServerError: E11000 duplicate key error collection: test.refreshtokens index: token_1 dup key: { token: null }\n    at InsertOneOperation.execute (/Users/home/Desktop/projects/social-media-microservices/authservices/node_modules/mongodb/src/operations/insert.ts:88:13)\n    at processTicksAndRejections (node:internal/process/task_queues:105:5)\n    at async tryOperation (/Users/home/Desktop/projects/social-media-microservices/authservices/node_modules/mongodb/src/operations/execute_operation.ts:283:14)\n    at async executeOperation (/Users/home/Desktop/projects/social-media-microservices/authservices/node_modules/mongodb/src/operations/execute_operation.ts:115:12)\n    at async Collection.insertOne (/Users/home/Desktop/projects/social-media-microservices/authservices/node_modules/mongodb/src/collection.ts:286:12)","timestamp":"2025-08-08T13:31:35.259Z"}
{"level":"info","message":"DB connection started","service":"auth-service","timestamp":"2025-08-08T13:31:53.189Z"}
{"level":"info","message":"Successfully connected to Redis","service":"auth-service","timestamp":"2025-08-08T13:31:53.204Z"}
{"level":"info","message":"Redis client is ready","service":"auth-service","timestamp":"2025-08-08T13:31:53.207Z"}
{"level":"info","message":"MongoDb  connected successfully","service":"auth-service","timestamp":"2025-08-08T13:32:02.145Z"}
{"level":"info","message":"App started at port 8000","service":"auth-service","timestamp":"2025-08-08T13:32:02.146Z"}
{"level":"warn","message":"Checking for rate limit","service":"auth-service","timestamp":"2025-08-08T13:33:07.971Z"}
{"level":"info","message":"request from /api/auth/register having a method of POST","service":"auth-service","timestamp":"2025-08-08T13:33:07.982Z"}
{"level":"info","message":"user hit the register controller","service":"auth-service","timestamp":"2025-08-08T13:33:07.983Z"}
{"level":"info","message":"user created","service":"auth-service","timestamp":"2025-08-08T13:33:08.159Z"}
{"level":"warn","message":"new refresh token schema created","service":"auth-service","timestamp":"2025-08-08T13:33:08.214Z"}
{"level":"warn","message":"Checking for rate limit","service":"auth-service","timestamp":"2025-08-08T13:33:42.009Z"}
{"level":"info","message":"request from /api/auth/register having a method of POST","service":"auth-service","timestamp":"2025-08-08T13:33:42.023Z"}
{"level":"info","message":"user hit the register controller","service":"auth-service","timestamp":"2025-08-08T13:33:42.024Z"}
{"level":"info","message":"user created","service":"auth-service","timestamp":"2025-08-08T13:33:42.162Z"}
{"level":"warn","message":"new refresh token schema created","service":"auth-service","timestamp":"2025-08-08T13:33:42.194Z"}
{"level":"warn","message":"Checking for rate limit","service":"auth-service","timestamp":"2025-08-08T13:34:45.115Z"}
{"level":"info","message":"request from /api/auth/register having a method of POST","service":"auth-service","timestamp":"2025-08-08T13:34:45.123Z"}
{"level":"info","message":"user hit the register controller","service":"auth-service","timestamp":"2025-08-08T13:34:45.123Z"}
{"level":"info","message":"user created","service":"auth-service","timestamp":"2025-08-08T13:34:45.281Z"}
{"level":"warn","message":"new refresh token schema created","service":"auth-service","timestamp":"2025-08-08T13:34:45.355Z"}
{"level":"warn","message":"Checking for rate limit","service":"auth-service","timestamp":"2025-08-08T13:34:53.115Z"}
{"level":"info","message":"request from /api/auth/register having a method of POST","service":"auth-service","timestamp":"2025-08-08T13:34:53.118Z"}
{"level":"info","message":"user hit the register controller","service":"auth-service","timestamp":"2025-08-08T13:34:53.119Z"}
{"level":"info","message":"user created","service":"auth-service","timestamp":"2025-08-08T13:34:53.266Z"}
{"level":"warn","message":"new refresh token schema created","service":"auth-service","timestamp":"2025-08-08T13:34:53.299Z"}
{"level":"warn","message":"Checking for rate limit","service":"auth-service","timestamp":"2025-08-08T13:35:00.865Z"}
{"level":"info","message":"request from /api/auth/register having a method of POST","service":"auth-service","timestamp":"2025-08-08T13:35:00.867Z"}
{"level":"info","message":"user hit the register controller","service":"auth-service","timestamp":"2025-08-08T13:35:00.867Z"}
{"level":"info","message":"user created","service":"auth-service","timestamp":"2025-08-08T13:35:01.003Z"}
{"level":"warn","message":"new refresh token schema created","service":"auth-service","timestamp":"2025-08-08T13:35:01.037Z"}
{"level":"info","message":"DB connection started","service":"auth-service","timestamp":"2025-08-22T00:02:37.560Z"}
{"level":"info","message":"Successfully connected to Redis","service":"auth-service","timestamp":"2025-08-22T00:02:37.578Z"}
{"level":"info","message":"Redis client is ready","service":"auth-service","timestamp":"2025-08-22T00:02:37.611Z"}
{"level":"info","message":"MongoDb  connected successfully","service":"auth-service","timestamp":"2025-08-22T00:02:38.148Z"}
{"level":"info","message":"App started at port 8000","service":"auth-service","timestamp":"2025-08-22T00:02:38.149Z"}
{"level":"info","message":"DB connection started","service":"auth-service","timestamp":"2025-08-22T00:02:59.833Z"}
{"level":"info","message":"Successfully connected to Redis","service":"auth-service","timestamp":"2025-08-22T00:02:59.844Z"}
{"level":"info","message":"Redis client is ready","service":"auth-service","timestamp":"2025-08-22T00:02:59.855Z"}
{"level":"info","message":"MongoDb  connected successfully","service":"auth-service","timestamp":"2025-08-22T00:03:00.302Z"}
{"level":"info","message":"App started at port 8000","service":"auth-service","timestamp":"2025-08-22T00:03:00.302Z"}
{"level":"info","message":"DB connection started","service":"auth-service","timestamp":"2025-08-22T00:03:08.905Z"}
{"level":"info","message":"Successfully connected to Redis","service":"auth-service","timestamp":"2025-08-22T00:03:08.920Z"}
{"level":"info","message":"Redis client is ready","service":"auth-service","timestamp":"2025-08-22T00:03:08.925Z"}
{"level":"info","message":"MongoDb  connected successfully","service":"auth-service","timestamp":"2025-08-22T00:03:09.394Z"}
{"level":"info","message":"App started at port 8000","service":"auth-service","timestamp":"2025-08-22T00:03:09.394Z"}
{"level":"info","message":"DB connection started","service":"auth-service","timestamp":"2025-08-22T00:03:30.779Z"}
{"level":"info","message":"Successfully connected to Redis","service":"auth-service","timestamp":"2025-08-22T00:03:30.793Z"}
{"level":"info","message":"Redis client is ready","service":"auth-service","timestamp":"2025-08-22T00:03:30.795Z"}
{"level":"info","message":"MongoDb  connected successfully","service":"auth-service","timestamp":"2025-08-22T00:03:31.269Z"}
{"level":"info","message":"App started at port 8000","service":"auth-service","timestamp":"2025-08-22T00:03:31.270Z"}
{"level":"info","message":"DB connection started","service":"auth-service","timestamp":"2025-08-22T00:03:39.564Z"}
{"level":"info","message":"Successfully connected to Redis","service":"auth-service","timestamp":"2025-08-22T00:03:39.591Z"}
{"level":"info","message":"Redis client is ready","service":"auth-service","timestamp":"2025-08-22T00:03:39.594Z"}
{"level":"info","message":"MongoDb  connected successfully","service":"auth-service","timestamp":"2025-08-22T00:03:40.126Z"}
{"level":"info","message":"App started at port 8000","service":"auth-service","timestamp":"2025-08-22T00:03:40.127Z"}
{"level":"info","message":"DB connection started","service":"auth-service","timestamp":"2025-08-22T00:03:47.325Z"}
{"level":"info","message":"Successfully connected to Redis","service":"auth-service","timestamp":"2025-08-22T00:03:47.339Z"}
{"level":"info","message":"Redis client is ready","service":"auth-service","timestamp":"2025-08-22T00:03:47.341Z"}
{"level":"info","message":"MongoDb  connected successfully","service":"auth-service","timestamp":"2025-08-22T00:03:47.821Z"}
{"level":"info","message":"App started at port 8000","service":"auth-service","timestamp":"2025-08-22T00:03:47.822Z"}
{"level":"info","message":"DB connection started","service":"auth-service","timestamp":"2025-08-22T00:03:50.786Z"}
{"level":"info","message":"Successfully connected to Redis","service":"auth-service","timestamp":"2025-08-22T00:03:50.797Z"}
{"level":"info","message":"Redis client is ready","service":"auth-service","timestamp":"2025-08-22T00:03:50.798Z"}
{"level":"info","message":"MongoDb  connected successfully","service":"auth-service","timestamp":"2025-08-22T00:03:51.291Z"}
{"level":"info","message":"App started at port 8000","service":"auth-service","timestamp":"2025-08-22T00:03:51.296Z"}
{"level":"info","message":"DB connection started","service":"auth-service","timestamp":"2025-08-22T00:04:10.608Z"}
{"level":"info","message":"Successfully connected to Redis","service":"auth-service","timestamp":"2025-08-22T00:04:10.622Z"}
{"level":"info","message":"Redis client is ready","service":"auth-service","timestamp":"2025-08-22T00:04:10.624Z"}
{"level":"info","message":"MongoDb  connected successfully","service":"auth-service","timestamp":"2025-08-22T00:04:11.142Z"}
{"level":"info","message":"App started at port 8000","service":"auth-service","timestamp":"2025-08-22T00:04:11.143Z"}
{"level":"info","message":"DB connection started","service":"auth-service","timestamp":"2025-08-22T00:04:20.016Z"}
{"level":"info","message":"Successfully connected to Redis","service":"auth-service","timestamp":"2025-08-22T00:04:20.028Z"}
{"level":"info","message":"Redis client is ready","service":"auth-service","timestamp":"2025-08-22T00:04:20.033Z"}
{"level":"info","message":"MongoDb  connected successfully","service":"auth-service","timestamp":"2025-08-22T00:04:20.493Z"}
{"level":"info","message":"App started at port 8000","service":"auth-service","timestamp":"2025-08-22T00:04:20.494Z"}
{"level":"info","message":"DB connection started","service":"auth-service","timestamp":"2025-08-22T00:04:40.548Z"}
{"level":"info","message":"Successfully connected to Redis","service":"auth-service","timestamp":"2025-08-22T00:04:40.561Z"}
{"level":"info","message":"Redis client is ready","service":"auth-service","timestamp":"2025-08-22T00:04:40.567Z"}
{"level":"info","message":"MongoDb  connected successfully","service":"auth-service","timestamp":"2025-08-22T00:04:41.025Z"}
{"level":"info","message":"App started at port 8000","service":"auth-service","timestamp":"2025-08-22T00:04:41.026Z"}
{"level":"info","message":"DB connection started","service":"auth-service","timestamp":"2025-08-22T00:04:48.928Z"}
{"level":"info","message":"Successfully connected to Redis","service":"auth-service","timestamp":"2025-08-22T00:04:48.938Z"}
{"level":"info","message":"Redis client is ready","service":"auth-service","timestamp":"2025-08-22T00:04:48.940Z"}
{"level":"info","message":"MongoDb  connected successfully","service":"auth-service","timestamp":"2025-08-22T00:04:49.416Z"}
{"level":"info","message":"App started at port 8000","service":"auth-service","timestamp":"2025-08-22T00:04:49.416Z"}
{"level":"info","message":"DB connection started","service":"auth-service","timestamp":"2025-08-22T00:16:03.167Z"}
{"level":"info","message":"Successfully connected to Redis","service":"auth-service","timestamp":"2025-08-22T00:16:03.189Z"}
{"level":"info","message":"Redis client is ready","service":"auth-service","timestamp":"2025-08-22T00:16:03.203Z"}
{"level":"info","message":"DB connection started","service":"auth-service","timestamp":"2025-08-22T00:16:06.258Z"}
{"level":"info","message":"Successfully connected to Redis","service":"auth-service","timestamp":"2025-08-22T00:16:06.271Z"}
{"level":"info","message":"Redis client is ready","service":"auth-service","timestamp":"2025-08-22T00:16:06.279Z"}
{"level":"info","message":"MongoDb  connected successfully","service":"auth-service","timestamp":"2025-08-22T00:16:06.761Z"}
{"level":"info","message":"App started at port 8000","service":"auth-service","timestamp":"2025-08-22T00:16:06.761Z"}
{"level":"info","message":"DB connection started","service":"auth-service","timestamp":"2025-08-22T00:16:10.443Z"}
{"level":"info","message":"Successfully connected to Redis","service":"auth-service","timestamp":"2025-08-22T00:16:10.454Z"}
{"level":"info","message":"Redis client is ready","service":"auth-service","timestamp":"2025-08-22T00:16:10.456Z"}
{"level":"info","message":"MongoDb  connected successfully","service":"auth-service","timestamp":"2025-08-22T00:16:10.907Z"}
{"level":"info","message":"App started at port 8000","service":"auth-service","timestamp":"2025-08-22T00:16:10.907Z"}
{"level":"info","message":"DB connection started","service":"auth-service","timestamp":"2025-08-22T00:16:28.175Z"}
{"level":"info","message":"Successfully connected to Redis","service":"auth-service","timestamp":"2025-08-22T00:16:28.199Z"}
{"level":"info","message":"Redis client is ready","service":"auth-service","timestamp":"2025-08-22T00:16:28.290Z"}
{"level":"info","message":"MongoDb  connected successfully","service":"auth-service","timestamp":"2025-08-22T00:16:28.643Z"}
{"level":"info","message":"App started at port 8000","service":"auth-service","timestamp":"2025-08-22T00:16:28.644Z"}
{"level":"info","message":"DB connection started","service":"auth-service","timestamp":"2025-08-22T00:16:38.483Z"}
{"level":"info","message":"Successfully connected to Redis","service":"auth-service","timestamp":"2025-08-22T00:16:38.503Z"}
{"level":"info","message":"Redis client is ready","service":"auth-service","timestamp":"2025-08-22T00:16:38.505Z"}
{"level":"info","message":"DB connection started","service":"auth-service","timestamp":"2025-08-22T00:16:42.826Z"}
{"level":"info","message":"Successfully connected to Redis","service":"auth-service","timestamp":"2025-08-22T00:16:42.838Z"}
{"level":"info","message":"Redis client is ready","service":"auth-service","timestamp":"2025-08-22T00:16:42.841Z"}
{"level":"info","message":"MongoDb  connected successfully","service":"auth-service","timestamp":"2025-08-22T00:16:43.322Z"}
{"level":"info","message":"App started at port 8000","service":"auth-service","timestamp":"2025-08-22T00:16:43.323Z"}
{"level":"info","message":"DB connection started","service":"auth-service","timestamp":"2025-08-22T00:16:50.588Z"}
{"level":"info","message":"Successfully connected to Redis","service":"auth-service","timestamp":"2025-08-22T00:16:50.603Z"}
{"level":"info","message":"Redis client is ready","service":"auth-service","timestamp":"2025-08-22T00:16:50.604Z"}
{"level":"info","message":"MongoDb  connected successfully","service":"auth-service","timestamp":"2025-08-22T00:16:51.084Z"}
{"level":"info","message":"App started at port 8000","service":"auth-service","timestamp":"2025-08-22T00:16:51.085Z"}
{"level":"info","message":"DB connection started","service":"auth-service","timestamp":"2025-08-22T00:19:38.153Z"}
{"level":"info","message":"Successfully connected to Redis","service":"auth-service","timestamp":"2025-08-22T00:19:38.168Z"}
{"level":"info","message":"Redis client is ready","service":"auth-service","timestamp":"2025-08-22T00:19:38.170Z"}
{"level":"info","message":"MongoDb  connected successfully","service":"auth-service","timestamp":"2025-08-22T00:19:38.727Z"}
{"level":"info","message":"App started at port 8000","service":"auth-service","timestamp":"2025-08-22T00:19:38.728Z"}
{"level":"info","message":"DB connection started","service":"auth-service","timestamp":"2025-08-22T00:19:57.487Z"}
{"level":"info","message":"Successfully connected to Redis","service":"auth-service","timestamp":"2025-08-22T00:19:57.504Z"}
{"level":"info","message":"Redis client is ready","service":"auth-service","timestamp":"2025-08-22T00:19:57.508Z"}
{"level":"info","message":"MongoDb  connected successfully","service":"auth-service","timestamp":"2025-08-22T00:19:57.967Z"}
{"level":"info","message":"App started at port 8000","service":"auth-service","timestamp":"2025-08-22T00:19:57.968Z"}
{"level":"info","message":"DB connection started","service":"auth-service","timestamp":"2025-08-22T00:20:23.580Z"}
{"level":"info","message":"Successfully connected to Redis","service":"auth-service","timestamp":"2025-08-22T00:20:23.590Z"}
{"level":"info","message":"Redis client is ready","service":"auth-service","timestamp":"2025-08-22T00:20:23.592Z"}
{"level":"info","message":"MongoDb  connected successfully","service":"auth-service","timestamp":"2025-08-22T00:20:24.071Z"}
{"level":"info","message":"App started at port 8000","service":"auth-service","timestamp":"2025-08-22T00:20:24.071Z"}
{"level":"info","message":"DB connection started","service":"auth-service","timestamp":"2025-08-22T00:20:35.077Z"}
{"level":"info","message":"Successfully connected to Redis","service":"auth-service","timestamp":"2025-08-22T00:20:35.088Z"}
{"level":"info","message":"Redis client is ready","service":"auth-service","timestamp":"2025-08-22T00:20:35.093Z"}
{"level":"info","message":"MongoDb  connected successfully","service":"auth-service","timestamp":"2025-08-22T00:20:35.557Z"}
{"level":"info","message":"App started at port 8000","service":"auth-service","timestamp":"2025-08-22T00:20:35.558Z"}
{"level":"info","message":"DB connection started","service":"auth-service","timestamp":"2025-08-22T00:20:43.117Z"}
{"level":"info","message":"Successfully connected to Redis","service":"auth-service","timestamp":"2025-08-22T00:20:43.127Z"}
{"level":"info","message":"Redis client is ready","service":"auth-service","timestamp":"2025-08-22T00:20:43.129Z"}
{"level":"info","message":"MongoDb  connected successfully","service":"auth-service","timestamp":"2025-08-22T00:20:43.687Z"}
{"level":"info","message":"App started at port 8000","service":"auth-service","timestamp":"2025-08-22T00:20:43.688Z"}
{"level":"info","message":"DB connection started","service":"auth-service","timestamp":"2025-08-22T00:21:16.457Z"}
{"level":"info","message":"Successfully connected to Redis","service":"auth-service","timestamp":"2025-08-22T00:21:16.500Z"}
{"level":"info","message":"Redis client is ready","service":"auth-service","timestamp":"2025-08-22T00:21:16.562Z"}
{"level":"info","message":"MongoDb  connected successfully","service":"auth-service","timestamp":"2025-08-22T00:21:17.084Z"}
{"level":"info","message":"App started at port 8000","service":"auth-service","timestamp":"2025-08-22T00:21:17.085Z"}
{"level":"info","message":"DB connection started","service":"auth-service","timestamp":"2025-08-22T00:21:32.078Z"}
{"level":"info","message":"Successfully connected to Redis","service":"auth-service","timestamp":"2025-08-22T00:21:32.090Z"}
{"level":"info","message":"Redis client is ready","service":"auth-service","timestamp":"2025-08-22T00:21:32.094Z"}
{"level":"info","message":"MongoDb  connected successfully","service":"auth-service","timestamp":"2025-08-22T00:21:32.605Z"}
{"level":"info","message":"App started at port 8000","service":"auth-service","timestamp":"2025-08-22T00:21:32.609Z"}
{"level":"info","message":"DB connection started","service":"auth-service","timestamp":"2025-08-22T00:21:36.759Z"}
{"level":"info","message":"Successfully connected to Redis","service":"auth-service","timestamp":"2025-08-22T00:21:36.775Z"}
{"level":"info","message":"Redis client is ready","service":"auth-service","timestamp":"2025-08-22T00:21:36.786Z"}
{"level":"info","message":"MongoDb  connected successfully","service":"auth-service","timestamp":"2025-08-22T00:21:37.237Z"}
{"level":"info","message":"App started at port 8000","service":"auth-service","timestamp":"2025-08-22T00:21:37.237Z"}
{"level":"info","message":"DB connection started","service":"auth-service","timestamp":"2025-08-22T00:22:36.277Z"}
{"level":"info","message":"Successfully connected to Redis","service":"auth-service","timestamp":"2025-08-22T00:22:36.310Z"}
{"level":"info","message":"Redis client is ready","service":"auth-service","timestamp":"2025-08-22T00:22:36.323Z"}
{"level":"info","message":"MongoDb  connected successfully","service":"auth-service","timestamp":"2025-08-22T00:22:36.876Z"}
{"level":"info","message":"App started at port 8000","service":"auth-service","timestamp":"2025-08-22T00:22:36.876Z"}
{"level":"info","message":"DB connection started","service":"auth-service","timestamp":"2025-08-22T00:23:03.750Z"}
{"level":"info","message":"Successfully connected to Redis","service":"auth-service","timestamp":"2025-08-22T00:23:03.771Z"}
{"level":"info","message":"Redis client is ready","service":"auth-service","timestamp":"2025-08-22T00:23:03.783Z"}
{"level":"info","message":"MongoDb  connected successfully","service":"auth-service","timestamp":"2025-08-22T00:23:04.318Z"}
{"level":"info","message":"App started at port 8000","service":"auth-service","timestamp":"2025-08-22T00:23:04.319Z"}
{"level":"info","message":"DB connection started","service":"auth-service","timestamp":"2025-08-22T00:24:23.766Z"}
{"level":"info","message":"Successfully connected to Redis","service":"auth-service","timestamp":"2025-08-22T00:24:23.777Z"}
{"level":"info","message":"Redis client is ready","service":"auth-service","timestamp":"2025-08-22T00:24:23.780Z"}
{"level":"info","message":"DB connection started","service":"auth-service","timestamp":"2025-08-22T00:24:31.711Z"}
{"level":"info","message":"Successfully connected to Redis","service":"auth-service","timestamp":"2025-08-22T00:24:31.724Z"}
{"level":"info","message":"Redis client is ready","service":"auth-service","timestamp":"2025-08-22T00:24:31.726Z"}
{"level":"info","message":"MongoDb  connected successfully","service":"auth-service","timestamp":"2025-08-22T00:24:32.191Z"}
{"level":"info","message":"App started at port 8000","service":"auth-service","timestamp":"2025-08-22T00:24:32.192Z"}
{"level":"info","message":"DB connection started","service":"auth-service","timestamp":"2025-08-22T00:47:19.433Z"}
{"level":"info","message":"Successfully connected to Redis","service":"auth-service","timestamp":"2025-08-22T00:47:19.451Z"}
{"level":"info","message":"Redis client is ready","service":"auth-service","timestamp":"2025-08-22T00:47:19.478Z"}
{"level":"info","message":"MongoDb  connected successfully","service":"auth-service","timestamp":"2025-08-22T00:47:20.051Z"}
{"level":"info","message":"App started at port 8000","service":"auth-service","timestamp":"2025-08-22T00:47:20.051Z"}
{"level":"info","message":"DB connection started","service":"auth-service","timestamp":"2025-08-22T00:47:49.659Z"}
{"level":"info","message":"Successfully connected to Redis","service":"auth-service","timestamp":"2025-08-22T00:47:49.670Z"}
{"level":"info","message":"Redis client is ready","service":"auth-service","timestamp":"2025-08-22T00:47:49.673Z"}
{"level":"info","message":"DB connection started","service":"auth-service","timestamp":"2025-08-22T00:47:52.469Z"}
{"level":"info","message":"Successfully connected to Redis","service":"auth-service","timestamp":"2025-08-22T00:47:52.484Z"}
{"level":"info","message":"Redis client is ready","service":"auth-service","timestamp":"2025-08-22T00:47:52.485Z"}
{"level":"info","message":"MongoDb  connected successfully","service":"auth-service","timestamp":"2025-08-22T00:47:52.941Z"}
{"level":"info","message":"App started at port 8000","service":"auth-service","timestamp":"2025-08-22T00:47:52.942Z"}
{"level":"info","message":"DB connection started","service":"auth-service","timestamp":"2025-08-22T00:48:00.336Z"}
{"level":"info","message":"Successfully connected to Redis","service":"auth-service","timestamp":"2025-08-22T00:48:00.358Z"}
{"level":"info","message":"Redis client is ready","service":"auth-service","timestamp":"2025-08-22T00:48:00.359Z"}
{"level":"info","message":"MongoDb  connected successfully","service":"auth-service","timestamp":"2025-08-22T00:48:00.834Z"}
{"level":"info","message":"App started at port 8000","service":"auth-service","timestamp":"2025-08-22T00:48:00.835Z"}
{"level":"info","message":"DB connection started","service":"auth-service","timestamp":"2025-08-22T00:48:05.633Z"}
{"level":"info","message":"Successfully connected to Redis","service":"auth-service","timestamp":"2025-08-22T00:48:05.643Z"}
{"level":"info","message":"Redis client is ready","service":"auth-service","timestamp":"2025-08-22T00:48:05.644Z"}
{"level":"info","message":"DB connection started","service":"auth-service","timestamp":"2025-08-22T00:48:08.453Z"}
{"level":"info","message":"Successfully connected to Redis","service":"auth-service","timestamp":"2025-08-22T00:48:08.465Z"}
{"level":"info","message":"Redis client is ready","service":"auth-service","timestamp":"2025-08-22T00:48:08.467Z"}
{"level":"info","message":"MongoDb  connected successfully","service":"auth-service","timestamp":"2025-08-22T00:48:08.967Z"}
{"level":"info","message":"App started at port 8000","service":"auth-service","timestamp":"2025-08-22T00:48:08.968Z"}
{"level":"info","message":"DB connection started","service":"auth-service","timestamp":"2025-08-22T00:48:28.749Z"}
{"level":"info","message":"Successfully connected to Redis","service":"auth-service","timestamp":"2025-08-22T00:48:28.770Z"}
{"level":"info","message":"Redis client is ready","service":"auth-service","timestamp":"2025-08-22T00:48:28.792Z"}
{"level":"info","message":"MongoDb  connected successfully","service":"auth-service","timestamp":"2025-08-22T00:48:29.313Z"}
{"level":"info","message":"App started at port 8000","service":"auth-service","timestamp":"2025-08-22T00:48:29.314Z"}
{"level":"info","message":"DB connection started","service":"auth-service","timestamp":"2025-08-22T00:55:00.977Z"}
{"level":"info","message":"Successfully connected to Redis","service":"auth-service","timestamp":"2025-08-22T00:55:00.995Z"}
{"level":"info","message":"Redis client is ready","service":"auth-service","timestamp":"2025-08-22T00:55:01.006Z"}
{"level":"info","message":"MongoDb  connected successfully","service":"auth-service","timestamp":"2025-08-22T00:55:01.669Z"}
{"level":"info","message":"App started at port 8000","service":"auth-service","timestamp":"2025-08-22T00:55:01.670Z"}
{"level":"info","message":"DB connection started","service":"auth-service","timestamp":"2025-08-22T00:55:10.977Z"}
{"level":"info","message":"Successfully connected to Redis","service":"auth-service","timestamp":"2025-08-22T00:55:10.991Z"}
{"level":"info","message":"Redis client is ready","service":"auth-service","timestamp":"2025-08-22T00:55:10.993Z"}
{"level":"info","message":"MongoDb  connected successfully","service":"auth-service","timestamp":"2025-08-22T00:55:11.464Z"}
{"level":"info","message":"App started at port 8000","service":"auth-service","timestamp":"2025-08-22T00:55:11.465Z"}
{"level":"info","message":"DB connection started","service":"auth-service","timestamp":"2025-08-22T00:57:05.386Z"}
{"level":"info","message":"Successfully connected to Redis","service":"auth-service","timestamp":"2025-08-22T00:57:05.397Z"}
{"level":"info","message":"Redis client is ready","service":"auth-service","timestamp":"2025-08-22T00:57:05.399Z"}
{"level":"info","message":"MongoDb  connected successfully","service":"auth-service","timestamp":"2025-08-22T00:57:05.985Z"}
{"level":"info","message":"App started at port 8000","service":"auth-service","timestamp":"2025-08-22T00:57:05.986Z"}
{"level":"info","message":"DB connection started","service":"auth-service","timestamp":"2025-08-22T00:57:20.617Z"}
{"level":"info","message":"Successfully connected to Redis","service":"auth-service","timestamp":"2025-08-22T00:57:20.628Z"}
{"level":"info","message":"Redis client is ready","service":"auth-service","timestamp":"2025-08-22T00:57:20.637Z"}
{"level":"info","message":"MongoDb  connected successfully","service":"auth-service","timestamp":"2025-08-22T00:57:21.146Z"}
{"level":"info","message":"App started at port 8000","service":"auth-service","timestamp":"2025-08-22T00:57:21.147Z"}
{"level":"info","message":"DB connection started","service":"auth-service","timestamp":"2025-08-22T00:58:14.087Z"}
{"level":"info","message":"Successfully connected to Redis","service":"auth-service","timestamp":"2025-08-22T00:58:14.098Z"}
{"level":"info","message":"Redis client is ready","service":"auth-service","timestamp":"2025-08-22T00:58:14.100Z"}
{"level":"info","message":"MongoDb  connected successfully","service":"auth-service","timestamp":"2025-08-22T00:58:14.624Z"}
{"level":"info","message":"App started at port 8000","service":"auth-service","timestamp":"2025-08-22T00:58:14.625Z"}
{"level":"info","message":"DB connection started","service":"auth-service","timestamp":"2025-08-22T00:58:22.583Z"}
{"level":"info","message":"Successfully connected to Redis","service":"auth-service","timestamp":"2025-08-22T00:58:22.592Z"}
{"level":"info","message":"Redis client is ready","service":"auth-service","timestamp":"2025-08-22T00:58:22.594Z"}
{"level":"info","message":"MongoDb  connected successfully","service":"auth-service","timestamp":"2025-08-22T00:58:23.199Z"}
{"level":"info","message":"App started at port 8000","service":"auth-service","timestamp":"2025-08-22T00:58:23.201Z"}
{"level":"info","message":"DB connection started","service":"auth-service","timestamp":"2025-08-22T00:58:35.951Z"}
{"level":"info","message":"Successfully connected to Redis","service":"auth-service","timestamp":"2025-08-22T00:58:35.971Z"}
{"level":"info","message":"Redis client is ready","service":"auth-service","timestamp":"2025-08-22T00:58:35.973Z"}
{"level":"info","message":"MongoDb  connected successfully","service":"auth-service","timestamp":"2025-08-22T00:58:36.526Z"}
{"level":"info","message":"App started at port 8000","service":"auth-service","timestamp":"2025-08-22T00:58:36.527Z"}
{"level":"info","message":"DB connection started","service":"auth-service","timestamp":"2025-08-22T00:59:03.799Z"}
{"level":"info","message":"Successfully connected to Redis","service":"auth-service","timestamp":"2025-08-22T00:59:03.811Z"}
{"level":"info","message":"Redis client is ready","service":"auth-service","timestamp":"2025-08-22T00:59:03.816Z"}
{"level":"info","message":"MongoDb  connected successfully","service":"auth-service","timestamp":"2025-08-22T00:59:04.295Z"}
{"level":"info","message":"App started at port 8000","service":"auth-service","timestamp":"2025-08-22T00:59:04.295Z"}
{"level":"info","message":"DB connection started","service":"auth-service","timestamp":"2025-08-22T00:59:09.884Z"}
{"level":"info","message":"Successfully connected to Redis","service":"auth-service","timestamp":"2025-08-22T00:59:09.900Z"}
{"level":"info","message":"Redis client is ready","service":"auth-service","timestamp":"2025-08-22T00:59:09.902Z"}
{"level":"info","message":"MongoDb  connected successfully","service":"auth-service","timestamp":"2025-08-22T00:59:10.376Z"}
{"level":"info","message":"App started at port 8000","service":"auth-service","timestamp":"2025-08-22T00:59:10.377Z"}
{"level":"info","message":"DB connection started","service":"auth-service","timestamp":"2025-08-22T00:59:20.242Z"}
{"level":"info","message":"Successfully connected to Redis","service":"auth-service","timestamp":"2025-08-22T00:59:20.252Z"}
{"level":"info","message":"Redis client is ready","service":"auth-service","timestamp":"2025-08-22T00:59:20.254Z"}
{"level":"info","message":"MongoDb  connected successfully","service":"auth-service","timestamp":"2025-08-22T00:59:20.754Z"}
{"level":"info","message":"App started at port 8000","service":"auth-service","timestamp":"2025-08-22T00:59:20.755Z"}
{"level":"info","message":"DB connection started","service":"auth-service","timestamp":"2025-08-22T00:59:32.593Z"}
{"level":"info","message":"Successfully connected to Redis","service":"auth-service","timestamp":"2025-08-22T00:59:32.609Z"}
{"level":"info","message":"Redis client is ready","service":"auth-service","timestamp":"2025-08-22T00:59:32.611Z"}
{"level":"info","message":"MongoDb  connected successfully","service":"auth-service","timestamp":"2025-08-22T00:59:33.080Z"}
{"level":"info","message":"App started at port 8000","service":"auth-service","timestamp":"2025-08-22T00:59:33.081Z"}
{"level":"info","message":"DB connection started","service":"auth-service","timestamp":"2025-08-22T00:59:40.688Z"}
{"level":"info","message":"Successfully connected to Redis","service":"auth-service","timestamp":"2025-08-22T00:59:40.699Z"}
{"level":"info","message":"Redis client is ready","service":"auth-service","timestamp":"2025-08-22T00:59:40.702Z"}
{"level":"info","message":"MongoDb  connected successfully","service":"auth-service","timestamp":"2025-08-22T00:59:41.275Z"}
{"level":"info","message":"App started at port 8000","service":"auth-service","timestamp":"2025-08-22T00:59:41.275Z"}
{"level":"info","message":"DB connection started","service":"auth-service","timestamp":"2025-08-22T01:00:09.670Z"}
{"level":"info","message":"Successfully connected to Redis","service":"auth-service","timestamp":"2025-08-22T01:00:09.683Z"}
{"level":"info","message":"Redis client is ready","service":"auth-service","timestamp":"2025-08-22T01:00:09.685Z"}
{"level":"info","message":"MongoDb  connected successfully","service":"auth-service","timestamp":"2025-08-22T01:00:10.152Z"}
{"level":"info","message":"App started at port 8000","service":"auth-service","timestamp":"2025-08-22T01:00:10.156Z"}
{"level":"info","message":"DB connection started","service":"auth-service","timestamp":"2025-08-22T01:00:13.737Z"}
{"level":"info","message":"Successfully connected to Redis","service":"auth-service","timestamp":"2025-08-22T01:00:13.747Z"}
{"level":"info","message":"Redis client is ready","service":"auth-service","timestamp":"2025-08-22T01:00:13.750Z"}
{"level":"info","message":"DB connection started","service":"auth-service","timestamp":"2025-08-22T01:00:19.290Z"}
{"level":"info","message":"Successfully connected to Redis","service":"auth-service","timestamp":"2025-08-22T01:00:19.303Z"}
{"level":"info","message":"Redis client is ready","service":"auth-service","timestamp":"2025-08-22T01:00:19.305Z"}
{"level":"info","message":"MongoDb  connected successfully","service":"auth-service","timestamp":"2025-08-22T01:00:19.817Z"}
{"level":"info","message":"App started at port 8000","service":"auth-service","timestamp":"2025-08-22T01:00:19.817Z"}
{"level":"info","message":"DB connection started","service":"auth-service","timestamp":"2025-08-22T01:00:30.026Z"}
{"level":"info","message":"Successfully connected to Redis","service":"auth-service","timestamp":"2025-08-22T01:00:30.042Z"}
{"level":"info","message":"Redis client is ready","service":"auth-service","timestamp":"2025-08-22T01:00:30.044Z"}
{"level":"info","message":"MongoDb  connected successfully","service":"auth-service","timestamp":"2025-08-22T01:00:30.527Z"}
{"level":"info","message":"App started at port 8000","service":"auth-service","timestamp":"2025-08-22T01:00:30.527Z"}
{"level":"info","message":"DB connection started","service":"auth-service","timestamp":"2025-08-22T01:00:37.716Z"}
{"level":"info","message":"Successfully connected to Redis","service":"auth-service","timestamp":"2025-08-22T01:00:37.728Z"}
{"level":"info","message":"Redis client is ready","service":"auth-service","timestamp":"2025-08-22T01:00:37.730Z"}
{"level":"info","message":"DB connection started","service":"auth-service","timestamp":"2025-08-22T01:00:45.085Z"}
{"level":"info","message":"Successfully connected to Redis","service":"auth-service","timestamp":"2025-08-22T01:00:45.099Z"}
{"level":"info","message":"Redis client is ready","service":"auth-service","timestamp":"2025-08-22T01:00:45.100Z"}
{"level":"info","message":"MongoDb  connected successfully","service":"auth-service","timestamp":"2025-08-22T01:00:45.562Z"}
{"level":"info","message":"App started at port 8000","service":"auth-service","timestamp":"2025-08-22T01:00:45.562Z"}
{"level":"info","message":"DB connection started","service":"auth-service","timestamp":"2025-08-22T01:00:56.119Z"}
{"level":"info","message":"Successfully connected to Redis","service":"auth-service","timestamp":"2025-08-22T01:00:56.136Z"}
{"level":"info","message":"Redis client is ready","service":"auth-service","timestamp":"2025-08-22T01:00:56.138Z"}
{"level":"info","message":"MongoDb  connected successfully","service":"auth-service","timestamp":"2025-08-22T01:00:56.605Z"}
{"level":"info","message":"App started at port 8000","service":"auth-service","timestamp":"2025-08-22T01:00:56.606Z"}
{"level":"info","message":"DB connection started","service":"auth-service","timestamp":"2025-08-22T01:00:58.916Z"}
{"level":"info","message":"Successfully connected to Redis","service":"auth-service","timestamp":"2025-08-22T01:00:58.932Z"}
{"level":"info","message":"Redis client is ready","service":"auth-service","timestamp":"2025-08-22T01:00:58.934Z"}
{"level":"info","message":"MongoDb  connected successfully","service":"auth-service","timestamp":"2025-08-22T01:00:59.466Z"}
{"level":"info","message":"App started at port 8000","service":"auth-service","timestamp":"2025-08-22T01:00:59.467Z"}
{"level":"info","message":"DB connection started","service":"auth-service","timestamp":"2025-08-22T01:01:08.133Z"}
{"level":"info","message":"Successfully connected to Redis","service":"auth-service","timestamp":"2025-08-22T01:01:08.151Z"}
{"level":"info","message":"Redis client is ready","service":"auth-service","timestamp":"2025-08-22T01:01:08.152Z"}
{"level":"info","message":"MongoDb  connected successfully","service":"auth-service","timestamp":"2025-08-22T01:01:08.622Z"}
{"level":"info","message":"App started at port 8000","service":"auth-service","timestamp":"2025-08-22T01:01:08.623Z"}
{"level":"info","message":"DB connection started","service":"auth-service","timestamp":"2025-08-22T01:01:12.139Z"}
{"level":"info","message":"Successfully connected to Redis","service":"auth-service","timestamp":"2025-08-22T01:01:12.152Z"}
{"level":"info","message":"Redis client is ready","service":"auth-service","timestamp":"2025-08-22T01:01:12.155Z"}
{"level":"info","message":"MongoDb  connected successfully","service":"auth-service","timestamp":"2025-08-22T01:01:12.665Z"}
{"level":"info","message":"App started at port 8000","service":"auth-service","timestamp":"2025-08-22T01:01:12.666Z"}
{"level":"info","message":"DB connection started","service":"auth-service","timestamp":"2025-08-22T01:01:14.847Z"}
{"level":"info","message":"Successfully connected to Redis","service":"auth-service","timestamp":"2025-08-22T01:01:14.860Z"}
{"level":"info","message":"Redis client is ready","service":"auth-service","timestamp":"2025-08-22T01:01:14.864Z"}
{"level":"info","message":"DB connection started","service":"auth-service","timestamp":"2025-08-22T01:01:22.226Z"}
{"level":"info","message":"Successfully connected to Redis","service":"auth-service","timestamp":"2025-08-22T01:01:22.240Z"}
{"level":"info","message":"Redis client is ready","service":"auth-service","timestamp":"2025-08-22T01:01:22.241Z"}
{"level":"info","message":"MongoDb  connected successfully","service":"auth-service","timestamp":"2025-08-22T01:01:22.713Z"}
{"level":"info","message":"App started at port 8000","service":"auth-service","timestamp":"2025-08-22T01:01:22.713Z"}
{"level":"info","message":"DB connection started","service":"auth-service","timestamp":"2025-08-22T01:01:30.123Z"}
{"level":"info","message":"Successfully connected to Redis","service":"auth-service","timestamp":"2025-08-22T01:01:30.135Z"}
{"level":"info","message":"Redis client is ready","service":"auth-service","timestamp":"2025-08-22T01:01:30.136Z"}
{"level":"info","message":"MongoDb  connected successfully","service":"auth-service","timestamp":"2025-08-22T01:01:30.633Z"}
{"level":"info","message":"App started at port 8000","service":"auth-service","timestamp":"2025-08-22T01:01:30.634Z"}
{"level":"warn","message":"Checking for rate limit","service":"auth-service","timestamp":"2025-08-22T01:02:52.888Z"}
{"level":"info","message":"request from / having a method of GET","service":"auth-service","timestamp":"2025-08-22T01:02:52.914Z"}
{"level":"warn","message":"Checking for rate limit","service":"auth-service","timestamp":"2025-08-22T01:05:03.259Z"}
{"level":"info","message":"request from /api/auth/register having a method of POST","service":"auth-service","timestamp":"2025-08-22T01:05:03.265Z"}
{"level":"info","message":"user hit the register controller","service":"auth-service","timestamp":"2025-08-22T01:05:03.267Z"}
{"0":"\"","1":"u","10":" ","11":"i","12":"s","13":" ","14":"r","15":"e","16":"q","17":"u","18":"i","19":"r","2":"s","20":"e","21":"d","3":"e","4":"r","5":"N","6":"a","7":"m","8":"e","9":"\"","level":"error","message":"user registration error","service":"auth-service","timestamp":"2025-08-22T01:05:03.276Z"}
{"level":"warn","message":"Checking for rate limit","service":"auth-service","timestamp":"2025-08-22T01:05:49.154Z"}
{"level":"info","message":"request from /api/auth/register having a method of POST","service":"auth-service","timestamp":"2025-08-22T01:05:49.168Z"}
{"level":"info","message":"user hit the register controller","service":"auth-service","timestamp":"2025-08-22T01:05:49.169Z"}
{"0":"\"","1":"e","10":" ","11":"r","12":"e","13":"q","14":"u","15":"i","16":"r","17":"e","18":"d","2":"m","3":"a","4":"i","5":"l","6":"\"","7":" ","8":"i","9":"s","level":"error","message":"user registration error","service":"auth-service","timestamp":"2025-08-22T01:05:49.177Z"}
{"level":"warn","message":"Checking for rate limit","service":"auth-service","timestamp":"2025-08-22T01:06:14.475Z"}
{"level":"info","message":"request from /api/auth/register having a method of POST","service":"auth-service","timestamp":"2025-08-22T01:06:14.480Z"}
{"level":"info","message":"user hit the register controller","service":"auth-service","timestamp":"2025-08-22T01:06:14.480Z"}
{"0":"\"","1":"p","10":" ","11":"l","12":"e","13":"n","14":"g","15":"t","16":"h","17":" ","18":"m","19":"u","2":"a","20":"s","21":"t","22":" ","23":"b","24":"e","25":" ","26":"a","27":"t","28":" ","29":"l","3":"s","30":"e","31":"a","32":"s","33":"t","34":" ","35":"5","36":" ","37":"c","38":"h","39":"a","4":"s","40":"r","41":"a","42":"c","43":"t","44":"e","45":"r","46":"s","47":" ","48":"l","49":"o","5":"w","50":"n","51":"g","6":"o","7":"r","8":"d","9":"\"","level":"error","message":"user registration error","service":"auth-service","timestamp":"2025-08-22T01:06:14.484Z"}
{"level":"warn","message":"Checking for rate limit","service":"auth-service","timestamp":"2025-08-22T01:06:23.064Z"}
{"level":"info","message":"request from /api/auth/register having a method of POST","service":"auth-service","timestamp":"2025-08-22T01:06:23.072Z"}
{"level":"info","message":"user hit the register controller","service":"auth-service","timestamp":"2025-08-22T01:06:23.073Z"}
{"level":"warn","message":"Attempted registration with existing email","service":"auth-service","timestamp":"2025-08-22T01:06:23.162Z"}
{"level":"warn","message":"Checking for rate limit","service":"auth-service","timestamp":"2025-08-22T01:06:31.810Z"}
{"level":"info","message":"request from /api/auth/register having a method of POST","service":"auth-service","timestamp":"2025-08-22T01:06:31.818Z"}
{"level":"info","message":"user hit the register controller","service":"auth-service","timestamp":"2025-08-22T01:06:31.819Z"}
{"level":"info","message":"user created","service":"auth-service","timestamp":"2025-08-22T01:06:31.992Z"}
{"level":"warn","message":"new refresh token schema created","service":"auth-service","timestamp":"2025-08-22T01:06:32.037Z"}
{"level":"warn","message":"Checking for rate limit","service":"auth-service","timestamp":"2025-08-22T01:07:21.531Z"}
{"level":"info","message":"request from /api/auth/login having a method of POST","service":"auth-service","timestamp":"2025-08-22T01:07:21.554Z"}
{"level":"info","message":"user hit the login controller","service":"auth-service","timestamp":"2025-08-22T01:07:21.557Z"}
{"0":"\"","1":"e","10":" ","11":"r","12":"e","13":"q","14":"u","15":"i","16":"r","17":"e","18":"d","2":"m","3":"a","4":"i","5":"l","6":"\"","7":" ","8":"i","9":"s","level":"error","message":"user login error","service":"auth-service","timestamp":"2025-08-22T01:07:21.562Z"}
{"level":"warn","message":"Checking for rate limit","service":"auth-service","timestamp":"2025-08-22T01:07:32.835Z"}
{"level":"info","message":"request from /api/auth/login having a method of POST","service":"auth-service","timestamp":"2025-08-22T01:07:32.836Z"}
{"level":"info","message":"user hit the login controller","service":"auth-service","timestamp":"2025-08-22T01:07:32.837Z"}
{"level":"warn","message":"user logged in successfully","service":"auth-service","timestamp":"2025-08-22T01:07:32.939Z"}
{"level":"warn","message":"new refresh token schema created for the login controller","service":"auth-service","timestamp":"2025-08-22T01:07:32.976Z"}
{"level":"warn","message":"Checking for rate limit","service":"auth-service","timestamp":"2025-08-25T02:19:44.283Z"}
{"level":"info","message":"request from /api/auth having a method of POST","service":"auth-service","timestamp":"2025-08-25T02:19:44.333Z"}
{"level":"warn","message":"Checking for rate limit","service":"auth-service","timestamp":"2025-08-25T02:19:58.086Z"}
{"level":"info","message":"request from /api/auth/login having a method of POST","service":"auth-service","timestamp":"2025-08-25T02:19:58.091Z"}
{"level":"info","message":"user hit the login controller","service":"auth-service","timestamp":"2025-08-25T02:19:58.092Z"}
{"0":"\"","1":"e","10":" ","11":"r","12":"e","13":"q","14":"u","15":"i","16":"r","17":"e","18":"d","2":"m","3":"a","4":"i","5":"l","6":"\"","7":" ","8":"i","9":"s","level":"error","message":"user login error","service":"auth-service","timestamp":"2025-08-25T02:19:58.112Z"}
{"level":"warn","message":"Checking for rate limit","service":"auth-service","timestamp":"2025-08-25T02:21:26.097Z"}
{"level":"info","message":"request from /api/auth/register having a method of POST","service":"auth-service","timestamp":"2025-08-25T02:21:26.109Z"}
{"level":"info","message":"user hit the register controller","service":"auth-service","timestamp":"2025-08-25T02:21:26.109Z"}
{"0":"\"","1":"u","10":" ","11":"i","12":"s","13":" ","14":"r","15":"e","16":"q","17":"u","18":"i","19":"r","2":"s","20":"e","21":"d","3":"e","4":"r","5":"N","6":"a","7":"m","8":"e","9":"\"","level":"error","message":"user registration error","service":"auth-service","timestamp":"2025-08-25T02:21:26.114Z"}
{"level":"warn","message":"Checking for rate limit","service":"auth-service","timestamp":"2025-08-25T02:21:43.857Z"}
{"level":"info","message":"request from /api/auth/register having a method of POST","service":"auth-service","timestamp":"2025-08-25T02:21:43.859Z"}
{"level":"info","message":"user hit the register controller","service":"auth-service","timestamp":"2025-08-25T02:21:43.861Z"}
{"level":"warn","message":"Attempted registration with existing email","service":"auth-service","timestamp":"2025-08-25T02:21:44.281Z"}
{"level":"warn","message":"Checking for rate limit","service":"auth-service","timestamp":"2025-08-25T02:21:53.756Z"}
{"level":"info","message":"request from /api/auth/register having a method of POST","service":"auth-service","timestamp":"2025-08-25T02:21:53.766Z"}
{"level":"info","message":"user hit the register controller","service":"auth-service","timestamp":"2025-08-25T02:21:53.767Z"}
{"level":"warn","message":"Attempted registration with existing email","service":"auth-service","timestamp":"2025-08-25T02:21:53.806Z"}
{"level":"warn","message":"Checking for rate limit","service":"auth-service","timestamp":"2025-08-25T02:21:55.527Z"}
{"level":"info","message":"request from /api/auth/register having a method of POST","service":"auth-service","timestamp":"2025-08-25T02:21:55.535Z"}
{"level":"info","message":"user hit the register controller","service":"auth-service","timestamp":"2025-08-25T02:21:55.535Z"}
{"level":"warn","message":"Attempted registration with existing email","service":"auth-service","timestamp":"2025-08-25T02:21:55.574Z"}
{"level":"warn","message":"Checking for rate limit","service":"auth-service","timestamp":"2025-08-25T02:22:06.138Z"}
{"level":"info","message":"request from /api/auth/register having a method of POST","service":"auth-service","timestamp":"2025-08-25T02:22:06.140Z"}
{"level":"info","message":"user hit the register controller","service":"auth-service","timestamp":"2025-08-25T02:22:06.141Z"}
{"level":"info","message":"user created","service":"auth-service","timestamp":"2025-08-25T02:22:06.285Z"}
{"level":"warn","message":"new refresh token schema created","service":"auth-service","timestamp":"2025-08-25T02:22:06.338Z"}
{"level":"warn","message":"Checking for rate limit","service":"auth-service","timestamp":"2025-08-25T02:22:26.923Z"}
{"level":"info","message":"request from /api/auth/login having a method of POST","service":"auth-service","timestamp":"2025-08-25T02:22:26.934Z"}
{"level":"info","message":"user hit the login controller","service":"auth-service","timestamp":"2025-08-25T02:22:26.935Z"}
{"0":"\"","1":"u","10":" ","11":"i","12":"s","13":" ","14":"n","15":"o","16":"t","17":" ","18":"a","19":"l","2":"s","20":"l","21":"o","22":"w","23":"e","24":"d","3":"e","4":"r","5":"N","6":"a","7":"m","8":"e","9":"\"","level":"error","message":"user login error","service":"auth-service","timestamp":"2025-08-25T02:22:26.940Z"}
{"level":"warn","message":"Checking for rate limit","service":"auth-service","timestamp":"2025-08-25T02:22:31.944Z"}
{"level":"info","message":"request from /api/auth/login having a method of POST","service":"auth-service","timestamp":"2025-08-25T02:22:31.948Z"}
{"level":"info","message":"user hit the login controller","service":"auth-service","timestamp":"2025-08-25T02:22:31.948Z"}
{"0":"\"","1":"u","10":" ","11":"i","12":"s","13":" ","14":"n","15":"o","16":"t","17":" ","18":"a","19":"l","2":"s","20":"l","21":"o","22":"w","23":"e","24":"d","3":"e","4":"r","5":"N","6":"a","7":"m","8":"e","9":"\"","level":"error","message":"user login error","service":"auth-service","timestamp":"2025-08-25T02:22:31.952Z"}
{"level":"warn","message":"Checking for rate limit","service":"auth-service","timestamp":"2025-08-25T02:22:45.876Z"}
{"level":"info","message":"request from /api/auth/login having a method of POST","service":"auth-service","timestamp":"2025-08-25T02:22:45.877Z"}
{"level":"info","message":"user hit the login controller","service":"auth-service","timestamp":"2025-08-25T02:22:45.877Z"}
{"level":"warn","message":"user logged in successfully","service":"auth-service","timestamp":"2025-08-25T02:22:45.979Z"}
{"level":"warn","message":"new refresh token schema created for the login controller","service":"auth-service","timestamp":"2025-08-25T02:22:46.017Z"}
{"level":"warn","message":"Checking for rate limit","service":"auth-service","timestamp":"2025-08-25T16:27:23.514Z"}
{"level":"info","message":"request from /api/auth/login having a method of POST","service":"auth-service","timestamp":"2025-08-25T16:27:23.556Z"}
{"level":"info","message":"user hit the login controller","service":"auth-service","timestamp":"2025-08-25T16:27:23.557Z"}
{"level":"warn","message":"user logged in successfully","service":"auth-service","timestamp":"2025-08-25T16:27:24.015Z"}
{"level":"warn","message":"new refresh token schema created for the login controller","service":"auth-service","timestamp":"2025-08-25T16:27:24.078Z"}
{"level":"info","message":"DB connection started","service":"auth-service","timestamp":"2025-08-28T01:26:51.674Z"}
{"level":"info","message":"Successfully connected to Redis","service":"auth-service","timestamp":"2025-08-28T01:26:51.684Z"}
{"level":"info","message":"Redis client is ready","service":"auth-service","timestamp":"2025-08-28T01:26:51.700Z"}
{"level":"info","message":"MongoDb  connected successfully","service":"auth-service","timestamp":"2025-08-28T01:26:52.329Z"}
{"level":"info","message":"App started at port 8000","service":"auth-service","timestamp":"2025-08-28T01:26:52.330Z"}
{"level":"warn","message":"Checking for rate limit","service":"auth-service","timestamp":"2025-08-28T01:32:13.155Z"}
{"level":"info","message":"request from /api/auth/register having a method of GET","service":"auth-service","timestamp":"2025-08-28T01:32:13.215Z"}
{"level":"warn","message":"Checking for rate limit","service":"auth-service","timestamp":"2025-08-28T01:32:51.569Z"}
{"level":"info","message":"request from /api/auth/register having a method of POST","service":"auth-service","timestamp":"2025-08-28T01:32:51.574Z"}
{"level":"info","message":"user hit the register controller","service":"auth-service","timestamp":"2025-08-28T01:32:51.581Z"}
{"level":"error","message":"Registration error Cannot destructure property 'email' of 'req.body' as it is undefined.","service":"auth-service","stack":"TypeError: Cannot destructure property 'email' of 'req.body' as it is undefined.\n    at registerUserController (/Users/home/Desktop/projects/ROSCA/rusca-microservices-server/authservices/src/controllers/userControllers.ts:33:13)\n    at Layer.handleRequest (/Users/home/Desktop/projects/ROSCA/rusca-microservices-server/authservices/node_modules/router/lib/layer.js:152:17)\n    at next (/Users/home/Desktop/projects/ROSCA/rusca-microservices-server/authservices/node_modules/router/lib/route.js:157:13)\n    at Route.dispatch (/Users/home/Desktop/projects/ROSCA/rusca-microservices-server/authservices/node_modules/router/lib/route.js:117:3)\n    at handle (/Users/home/Desktop/projects/ROSCA/rusca-microservices-server/authservices/node_modules/router/index.js:435:11)\n    at Layer.handleRequest (/Users/home/Desktop/projects/ROSCA/rusca-microservices-server/authservices/node_modules/router/lib/layer.js:152:17)\n    at /Users/home/Desktop/projects/ROSCA/rusca-microservices-server/authservices/node_modules/router/index.js:295:15\n    at processParams (/Users/home/Desktop/projects/ROSCA/rusca-microservices-server/authservices/node_modules/router/index.js:582:12)\n    at next (/Users/home/Desktop/projects/ROSCA/rusca-microservices-server/authservices/node_modules/router/index.js:291:5)\n    at router.handle (/Users/home/Desktop/projects/ROSCA/rusca-microservices-server/authservices/node_modules/router/index.js:186:3)","timestamp":"2025-08-28T01:32:51.632Z"}
{"level":"warn","message":"Checking for rate limit","service":"auth-service","timestamp":"2025-08-28T01:35:45.154Z"}
{"level":"info","message":"request from /api/auth/register having a method of POST","service":"auth-service","timestamp":"2025-08-28T01:35:45.161Z"}
{"level":"info","message":"user hit the register controller","service":"auth-service","timestamp":"2025-08-28T01:35:45.161Z"}
{"level":"error","message":"Registration error Cannot destructure property 'email' of 'req.body' as it is undefined.","service":"auth-service","stack":"TypeError: Cannot destructure property 'email' of 'req.body' as it is undefined.\n    at registerUserController (/Users/home/Desktop/projects/ROSCA/rusca-microservices-server/authservices/src/controllers/userControllers.ts:33:13)\n    at Layer.handleRequest (/Users/home/Desktop/projects/ROSCA/rusca-microservices-server/authservices/node_modules/router/lib/layer.js:152:17)\n    at next (/Users/home/Desktop/projects/ROSCA/rusca-microservices-server/authservices/node_modules/router/lib/route.js:157:13)\n    at Route.dispatch (/Users/home/Desktop/projects/ROSCA/rusca-microservices-server/authservices/node_modules/router/lib/route.js:117:3)\n    at handle (/Users/home/Desktop/projects/ROSCA/rusca-microservices-server/authservices/node_modules/router/index.js:435:11)\n    at Layer.handleRequest (/Users/home/Desktop/projects/ROSCA/rusca-microservices-server/authservices/node_modules/router/lib/layer.js:152:17)\n    at /Users/home/Desktop/projects/ROSCA/rusca-microservices-server/authservices/node_modules/router/index.js:295:15\n    at processParams (/Users/home/Desktop/projects/ROSCA/rusca-microservices-server/authservices/node_modules/router/index.js:582:12)\n    at next (/Users/home/Desktop/projects/ROSCA/rusca-microservices-server/authservices/node_modules/router/index.js:291:5)\n    at router.handle (/Users/home/Desktop/projects/ROSCA/rusca-microservices-server/authservices/node_modules/router/index.js:186:3)","timestamp":"2025-08-28T01:35:45.166Z"}
{"level":"warn","message":"Checking for rate limit","service":"auth-service","timestamp":"2025-08-28T01:35:46.700Z"}
{"level":"info","message":"request from /api/auth/register having a method of POST","service":"auth-service","timestamp":"2025-08-28T01:35:46.706Z"}
{"level":"info","message":"user hit the register controller","service":"auth-service","timestamp":"2025-08-28T01:35:46.706Z"}
{"level":"error","message":"Registration error Cannot destructure property 'email' of 'req.body' as it is undefined.","service":"auth-service","stack":"TypeError: Cannot destructure property 'email' of 'req.body' as it is undefined.\n    at registerUserController (/Users/home/Desktop/projects/ROSCA/rusca-microservices-server/authservices/src/controllers/userControllers.ts:33:13)\n    at Layer.handleRequest (/Users/home/Desktop/projects/ROSCA/rusca-microservices-server/authservices/node_modules/router/lib/layer.js:152:17)\n    at next (/Users/home/Desktop/projects/ROSCA/rusca-microservices-server/authservices/node_modules/router/lib/route.js:157:13)\n    at Route.dispatch (/Users/home/Desktop/projects/ROSCA/rusca-microservices-server/authservices/node_modules/router/lib/route.js:117:3)\n    at handle (/Users/home/Desktop/projects/ROSCA/rusca-microservices-server/authservices/node_modules/router/index.js:435:11)\n    at Layer.handleRequest (/Users/home/Desktop/projects/ROSCA/rusca-microservices-server/authservices/node_modules/router/lib/layer.js:152:17)\n    at /Users/home/Desktop/projects/ROSCA/rusca-microservices-server/authservices/node_modules/router/index.js:295:15\n    at processParams (/Users/home/Desktop/projects/ROSCA/rusca-microservices-server/authservices/node_modules/router/index.js:582:12)\n    at next (/Users/home/Desktop/projects/ROSCA/rusca-microservices-server/authservices/node_modules/router/index.js:291:5)\n    at router.handle (/Users/home/Desktop/projects/ROSCA/rusca-microservices-server/authservices/node_modules/router/index.js:186:3)","timestamp":"2025-08-28T01:35:46.708Z"}
{"level":"info","message":"DB connection started","service":"auth-service","timestamp":"2025-08-28T01:35:59.075Z"}
{"level":"info","message":"Successfully connected to Redis","service":"auth-service","timestamp":"2025-08-28T01:35:59.087Z"}
{"level":"info","message":"Redis client is ready","service":"auth-service","timestamp":"2025-08-28T01:35:59.092Z"}
{"level":"info","message":"MongoDb  connected successfully","service":"auth-service","timestamp":"2025-08-28T01:35:59.754Z"}
{"level":"info","message":"App started at port 8000","service":"auth-service","timestamp":"2025-08-28T01:35:59.755Z"}
{"level":"info","message":"DB connection started","service":"auth-service","timestamp":"2025-08-28T01:36:15.400Z"}
{"level":"info","message":"Successfully connected to Redis","service":"auth-service","timestamp":"2025-08-28T01:36:15.486Z"}
{"level":"info","message":"Redis client is ready","service":"auth-service","timestamp":"2025-08-28T01:36:15.488Z"}
{"level":"info","message":"MongoDb  connected successfully","service":"auth-service","timestamp":"2025-08-28T01:36:15.963Z"}
{"level":"info","message":"App started at port 8000","service":"auth-service","timestamp":"2025-08-28T01:36:15.963Z"}
{"level":"info","message":"DB connection started","service":"auth-service","timestamp":"2025-08-28T01:36:21.989Z"}
{"level":"info","message":"Successfully connected to Redis","service":"auth-service","timestamp":"2025-08-28T01:36:21.998Z"}
{"level":"info","message":"Redis client is ready","service":"auth-service","timestamp":"2025-08-28T01:36:22.001Z"}
{"level":"info","message":"MongoDb  connected successfully","service":"auth-service","timestamp":"2025-08-28T01:36:22.454Z"}
{"level":"info","message":"App started at port 8000","service":"auth-service","timestamp":"2025-08-28T01:36:22.455Z"}
{"level":"info","message":"DB connection started","service":"auth-service","timestamp":"2025-08-28T01:36:29.633Z"}
{"level":"info","message":"Successfully connected to Redis","service":"auth-service","timestamp":"2025-08-28T01:36:29.645Z"}
{"level":"info","message":"Redis client is ready","service":"auth-service","timestamp":"2025-08-28T01:36:29.646Z"}
{"level":"info","message":"MongoDb  connected successfully","service":"auth-service","timestamp":"2025-08-28T01:36:30.118Z"}
{"level":"info","message":"App started at port 8000","service":"auth-service","timestamp":"2025-08-28T01:36:30.118Z"}
{"level":"warn","message":"Checking for rate limit","service":"auth-service","timestamp":"2025-08-28T01:36:33.631Z"}
{"level":"info","message":"request from /api/auth/register having a method of POST","service":"auth-service","timestamp":"2025-08-28T01:36:33.634Z"}
{"level":"info","message":"user hit the register controller","service":"auth-service","timestamp":"2025-08-28T01:36:33.635Z"}
{"level":"error","message":"Registration error Cannot destructure property 'email' of 'req.body' as it is undefined.","service":"auth-service","stack":"TypeError: Cannot destructure property 'email' of 'req.body' as it is undefined.\n    at registerUserController (/Users/home/Desktop/projects/ROSCA/rusca-microservices-server/authservices/src/controllers/userControllers.ts:33:13)\n    at Layer.handleRequest (/Users/home/Desktop/projects/ROSCA/rusca-microservices-server/authservices/node_modules/router/lib/layer.js:152:17)\n    at next (/Users/home/Desktop/projects/ROSCA/rusca-microservices-server/authservices/node_modules/router/lib/route.js:157:13)\n    at Route.dispatch (/Users/home/Desktop/projects/ROSCA/rusca-microservices-server/authservices/node_modules/router/lib/route.js:117:3)\n    at handle (/Users/home/Desktop/projects/ROSCA/rusca-microservices-server/authservices/node_modules/router/index.js:435:11)\n    at Layer.handleRequest (/Users/home/Desktop/projects/ROSCA/rusca-microservices-server/authservices/node_modules/router/lib/layer.js:152:17)\n    at /Users/home/Desktop/projects/ROSCA/rusca-microservices-server/authservices/node_modules/router/index.js:295:15\n    at processParams (/Users/home/Desktop/projects/ROSCA/rusca-microservices-server/authservices/node_modules/router/index.js:582:12)\n    at next (/Users/home/Desktop/projects/ROSCA/rusca-microservices-server/authservices/node_modules/router/index.js:291:5)\n    at router.handle (/Users/home/Desktop/projects/ROSCA/rusca-microservices-server/authservices/node_modules/router/index.js:186:3)","timestamp":"2025-08-28T01:36:33.646Z"}
{"level":"warn","message":"Checking for rate limit","service":"auth-service","timestamp":"2025-08-28T01:36:34.821Z"}
{"level":"info","message":"request from /api/auth/register having a method of POST","service":"auth-service","timestamp":"2025-08-28T01:36:34.822Z"}
{"level":"info","message":"user hit the register controller","service":"auth-service","timestamp":"2025-08-28T01:36:34.823Z"}
{"level":"error","message":"Registration error Cannot destructure property 'email' of 'req.body' as it is undefined.","service":"auth-service","stack":"TypeError: Cannot destructure property 'email' of 'req.body' as it is undefined.\n    at registerUserController (/Users/home/Desktop/projects/ROSCA/rusca-microservices-server/authservices/src/controllers/userControllers.ts:33:13)\n    at Layer.handleRequest (/Users/home/Desktop/projects/ROSCA/rusca-microservices-server/authservices/node_modules/router/lib/layer.js:152:17)\n    at next (/Users/home/Desktop/projects/ROSCA/rusca-microservices-server/authservices/node_modules/router/lib/route.js:157:13)\n    at Route.dispatch (/Users/home/Desktop/projects/ROSCA/rusca-microservices-server/authservices/node_modules/router/lib/route.js:117:3)\n    at handle (/Users/home/Desktop/projects/ROSCA/rusca-microservices-server/authservices/node_modules/router/index.js:435:11)\n    at Layer.handleRequest (/Users/home/Desktop/projects/ROSCA/rusca-microservices-server/authservices/node_modules/router/lib/layer.js:152:17)\n    at /Users/home/Desktop/projects/ROSCA/rusca-microservices-server/authservices/node_modules/router/index.js:295:15\n    at processParams (/Users/home/Desktop/projects/ROSCA/rusca-microservices-server/authservices/node_modules/router/index.js:582:12)\n    at next (/Users/home/Desktop/projects/ROSCA/rusca-microservices-server/authservices/node_modules/router/index.js:291:5)\n    at router.handle (/Users/home/Desktop/projects/ROSCA/rusca-microservices-server/authservices/node_modules/router/index.js:186:3)","timestamp":"2025-08-28T01:36:34.824Z"}
{"level":"warn","message":"Checking for rate limit","service":"auth-service","timestamp":"2025-08-28T01:37:10.937Z"}
{"level":"info","message":"request from /api/auth/register having a method of POST","service":"auth-service","timestamp":"2025-08-28T01:37:10.938Z"}
{"level":"info","message":"user hit the register controller","service":"auth-service","timestamp":"2025-08-28T01:37:10.938Z"}
{"0":"\"","1":"u","10":" ","11":"i","12":"s","13":" ","14":"r","15":"e","16":"q","17":"u","18":"i","19":"r","2":"s","20":"e","21":"d","3":"e","4":"r","5":"N","6":"a","7":"m","8":"e","9":"\"","level":"error","message":"user registration error","service":"auth-service","timestamp":"2025-08-28T01:37:10.940Z"}
{"level":"info","message":"DB connection started","service":"auth-service","timestamp":"2025-08-28T01:43:25.478Z"}
{"level":"info","message":"Successfully connected to Redis","service":"auth-service","timestamp":"2025-08-28T01:43:25.493Z"}
{"level":"info","message":"Redis client is ready","service":"auth-service","timestamp":"2025-08-28T01:43:25.499Z"}
{"level":"info","message":"MongoDb  connected successfully","service":"auth-service","timestamp":"2025-08-28T01:43:26.033Z"}
{"level":"info","message":"App started at port 8000","service":"auth-service","timestamp":"2025-08-28T01:43:26.033Z"}
{"level":"info","message":"DB connection started","service":"auth-service","timestamp":"2025-08-28T01:43:31.927Z"}
{"level":"info","message":"Successfully connected to Redis","service":"auth-service","timestamp":"2025-08-28T01:43:31.938Z"}
{"level":"info","message":"Redis client is ready","service":"auth-service","timestamp":"2025-08-28T01:43:32.016Z"}
{"level":"info","message":"MongoDb  connected successfully","service":"auth-service","timestamp":"2025-08-28T01:43:32.399Z"}
{"level":"info","message":"App started at port 8000","service":"auth-service","timestamp":"2025-08-28T01:43:32.399Z"}
{"level":"info","message":"DB connection started","service":"auth-service","timestamp":"2025-08-28T01:43:36.661Z"}
{"level":"info","message":"Successfully connected to Redis","service":"auth-service","timestamp":"2025-08-28T01:43:36.673Z"}
{"level":"info","message":"Redis client is ready","service":"auth-service","timestamp":"2025-08-28T01:43:36.674Z"}
{"level":"info","message":"MongoDb  connected successfully","service":"auth-service","timestamp":"2025-08-28T01:43:37.131Z"}
{"level":"info","message":"App started at port 8000","service":"auth-service","timestamp":"2025-08-28T01:43:37.131Z"}
{"level":"info","message":"DB connection started","service":"auth-service","timestamp":"2025-08-28T01:43:47.301Z"}
{"level":"info","message":"Successfully connected to Redis","service":"auth-service","timestamp":"2025-08-28T01:43:47.313Z"}
{"level":"info","message":"Redis client is ready","service":"auth-service","timestamp":"2025-08-28T01:43:47.316Z"}
{"level":"info","message":"MongoDb  connected successfully","service":"auth-service","timestamp":"2025-08-28T01:43:47.798Z"}
{"level":"info","message":"App started at port 8000","service":"auth-service","timestamp":"2025-08-28T01:43:47.799Z"}
{"level":"info","message":"DB connection started","service":"auth-service","timestamp":"2025-08-28T01:43:49.917Z"}
{"level":"info","message":"Successfully connected to Redis","service":"auth-service","timestamp":"2025-08-28T01:43:49.928Z"}
{"level":"info","message":"Redis client is ready","service":"auth-service","timestamp":"2025-08-28T01:43:49.933Z"}
{"level":"info","message":"DB connection started","service":"auth-service","timestamp":"2025-08-28T01:43:52.578Z"}
{"level":"info","message":"Successfully connected to Redis","service":"auth-service","timestamp":"2025-08-28T01:43:52.590Z"}
{"level":"info","message":"Redis client is ready","service":"auth-service","timestamp":"2025-08-28T01:43:52.591Z"}
{"level":"info","message":"MongoDb  connected successfully","service":"auth-service","timestamp":"2025-08-28T01:43:53.056Z"}
{"level":"info","message":"App started at port 8000","service":"auth-service","timestamp":"2025-08-28T01:43:53.056Z"}
{"level":"info","message":"DB connection started","service":"auth-service","timestamp":"2025-08-28T01:44:07.411Z"}
{"level":"info","message":"Successfully connected to Redis","service":"auth-service","timestamp":"2025-08-28T01:44:07.425Z"}
{"level":"info","message":"Redis client is ready","service":"auth-service","timestamp":"2025-08-28T01:44:07.426Z"}
{"level":"info","message":"MongoDb  connected successfully","service":"auth-service","timestamp":"2025-08-28T01:44:07.868Z"}
{"level":"info","message":"App started at port 8000","service":"auth-service","timestamp":"2025-08-28T01:44:07.868Z"}
{"level":"warn","message":"Checking for rate limit","service":"auth-service","timestamp":"2025-08-28T01:44:23.228Z"}
{"level":"info","message":"request from /api/auth/register having a method of POST","service":"auth-service","timestamp":"2025-08-28T01:44:23.342Z"}
{"level":"info","message":"user hit the register controller","service":"auth-service","timestamp":"2025-08-28T01:44:23.343Z"}
{"0":"R","1":"e","10":"d","11":"y","12":" ","13":"c","14":"a","15":"n","16":"n","17":"o","18":"t","19":" ","2":"q","20":"b","21":"e","22":" ","23":"e","24":"m","25":"p","26":"t","27":"y","3":"u","4":"e","5":"s","6":"t","7":" ","8":"b","9":"o","level":"error","message":"user registration error","service":"auth-service","timestamp":"2025-08-28T01:44:23.344Z"}
{"level":"warn","message":"Checking for rate limit","service":"auth-service","timestamp":"2025-08-28T01:44:33.811Z"}
{"level":"info","message":"request from /api/auth/register having a method of POST","service":"auth-service","timestamp":"2025-08-28T01:44:33.814Z"}
{"level":"info","message":"user hit the register controller","service":"auth-service","timestamp":"2025-08-28T01:44:33.814Z"}
{"0":"\"","1":"u","10":" ","11":"i","12":"s","13":" ","14":"r","15":"e","16":"q","17":"u","18":"i","19":"r","2":"s","20":"e","21":"d","3":"e","4":"r","5":"N","6":"a","7":"m","8":"e","9":"\"","level":"error","message":"user registration error","service":"auth-service","timestamp":"2025-08-28T01:44:33.817Z"}
{"level":"info","message":"DB connection started","service":"auth-service","timestamp":"2025-08-28T01:47:18.941Z"}
{"level":"info","message":"Successfully connected to Redis","service":"auth-service","timestamp":"2025-08-28T01:47:18.969Z"}
{"level":"info","message":"Redis client is ready","service":"auth-service","timestamp":"2025-08-28T01:47:18.981Z"}
{"level":"info","message":"MongoDb  connected successfully","service":"auth-service","timestamp":"2025-08-28T01:47:19.491Z"}
{"level":"info","message":"App started at port 8000","service":"auth-service","timestamp":"2025-08-28T01:47:19.491Z"}
{"level":"info","message":"DB connection started","service":"auth-service","timestamp":"2025-08-28T01:47:31.202Z"}
{"level":"info","message":"Successfully connected to Redis","service":"auth-service","timestamp":"2025-08-28T01:47:31.215Z"}
{"level":"info","message":"Redis client is ready","service":"auth-service","timestamp":"2025-08-28T01:47:31.217Z"}
{"level":"info","message":"MongoDb  connected successfully","service":"auth-service","timestamp":"2025-08-28T01:47:31.717Z"}
{"level":"info","message":"App started at port 8000","service":"auth-service","timestamp":"2025-08-28T01:47:31.725Z"}
{"level":"warn","message":"Checking for rate limit","service":"auth-service","timestamp":"2025-08-28T01:47:50.660Z"}
{"level":"info","message":"request from /api/auth/register having a method of POST","service":"auth-service","timestamp":"2025-08-28T01:47:50.677Z"}
{"level":"info","message":"user hit the register controller","service":"auth-service","timestamp":"2025-08-28T01:47:50.679Z"}
{"0":"\"","1":"f","10":" ","11":"i","12":"s","13":" ","14":"r","15":"e","16":"q","17":"u","18":"i","19":"r","2":"u","20":"e","21":"d","3":"l","4":"l","5":"N","6":"a","7":"m","8":"e","9":"\"","level":"error","message":"user registration error","service":"auth-service","timestamp":"2025-08-28T01:47:50.689Z"}
{"level":"warn","message":"Checking for rate limit","service":"auth-service","timestamp":"2025-08-28T01:48:03.727Z"}
{"level":"info","message":"request from /api/auth/register having a method of POST","service":"auth-service","timestamp":"2025-08-28T01:48:03.729Z"}
{"level":"info","message":"user hit the register controller","service":"auth-service","timestamp":"2025-08-28T01:48:03.729Z"}
{"0":"\"","1":"e","10":"s","11":"t","12":" ","13":"b","14":"e","15":" ","16":"a","17":" ","18":"v","19":"a","2":"m","20":"l","21":"i","22":"d","23":" ","24":"e","25":"m","26":"a","27":"i","28":"l","3":"a","4":"i","5":"l","6":"\"","7":" ","8":"m","9":"u","level":"error","message":"user registration error","service":"auth-service","timestamp":"2025-08-28T01:48:03.730Z"}
{"level":"warn","message":"Checking for rate limit","service":"auth-service","timestamp":"2025-08-28T01:48:17.218Z"}
{"level":"info","message":"request from /api/auth/register having a method of POST","service":"auth-service","timestamp":"2025-08-28T01:48:17.221Z"}
{"level":"info","message":"user hit the register controller","service":"auth-service","timestamp":"2025-08-28T01:48:17.221Z"}
{"0":"\"","1":"p","10":" ","11":"i","12":"s","13":" ","14":"r","15":"e","16":"q","17":"u","18":"i","19":"r","2":"a","20":"e","21":"d","3":"s","4":"s","5":"w","6":"o","7":"r","8":"d","9":"\"","level":"error","message":"user registration error","service":"auth-service","timestamp":"2025-08-28T01:48:17.223Z"}
{"level":"warn","message":"Checking for rate limit","service":"auth-service","timestamp":"2025-08-28T01:48:30.466Z"}
{"level":"info","message":"request from /api/auth/register having a method of POST","service":"auth-service","timestamp":"2025-08-28T01:48:30.474Z"}
{"level":"info","message":"user hit the register controller","service":"auth-service","timestamp":"2025-08-28T01:48:30.474Z"}
{"_message":"User validation failed","errors":{"phone":{"kind":"required","message":"Path `phone` is required.","name":"ValidatorError","path":"phone","properties":{"message":"Path `phone` is required.","path":"phone","type":"required"}}},"level":"error","message":"Registration error User validation failed: phone: Path `phone` is required.","service":"auth-service","stack":"ValidationError: User validation failed: phone: Path `phone` is required.\n    at model.Document.invalidate (/Users/home/Desktop/projects/ROSCA/rusca-microservices-server/authservices/node_modules/mongoose/lib/document.js:3358:32)\n    at /Users/home/Desktop/projects/ROSCA/rusca-microservices-server/authservices/node_modules/mongoose/lib/document.js:3119:17\n    at /Users/home/Desktop/projects/ROSCA/rusca-microservices-server/authservices/node_modules/mongoose/lib/schemaType.js:1410:9\n    at processTicksAndRejections (node:internal/process/task_queues:85:11)","timestamp":"2025-08-28T01:48:30.537Z"}
{"level":"info","message":"DB connection started","service":"auth-service","timestamp":"2025-08-28T01:49:27.229Z"}
{"level":"info","message":"Successfully connected to Redis","service":"auth-service","timestamp":"2025-08-28T01:49:27.238Z"}
{"level":"info","message":"Redis client is ready","service":"auth-service","timestamp":"2025-08-28T01:49:27.242Z"}
{"level":"info","message":"MongoDb  connected successfully","service":"auth-service","timestamp":"2025-08-28T01:49:27.888Z"}
{"level":"info","message":"App started at port 8000","service":"auth-service","timestamp":"2025-08-28T01:49:27.889Z"}
{"level":"info","message":"DB connection started","service":"auth-service","timestamp":"2025-08-28T01:49:49.308Z"}
{"level":"info","message":"Successfully connected to Redis","service":"auth-service","timestamp":"2025-08-28T01:49:49.318Z"}
{"level":"info","message":"Redis client is ready","service":"auth-service","timestamp":"2025-08-28T01:49:49.319Z"}
{"level":"info","message":"MongoDb  connected successfully","service":"auth-service","timestamp":"2025-08-28T01:49:49.793Z"}
{"level":"info","message":"App started at port 8000","service":"auth-service","timestamp":"2025-08-28T01:49:49.794Z"}
{"level":"info","message":"DB connection started","service":"auth-service","timestamp":"2025-08-28T01:50:21.705Z"}
{"level":"info","message":"Successfully connected to Redis","service":"auth-service","timestamp":"2025-08-28T01:50:21.735Z"}
{"level":"info","message":"Redis client is ready","service":"auth-service","timestamp":"2025-08-28T01:50:21.737Z"}
{"level":"info","message":"MongoDb  connected successfully","service":"auth-service","timestamp":"2025-08-28T01:50:22.209Z"}
{"level":"info","message":"App started at port 8000","service":"auth-service","timestamp":"2025-08-28T01:50:22.210Z"}
{"level":"info","message":"DB connection started","service":"auth-service","timestamp":"2025-08-28T01:51:01.785Z"}
{"level":"info","message":"Successfully connected to Redis","service":"auth-service","timestamp":"2025-08-28T01:51:01.808Z"}
{"level":"info","message":"Redis client is ready","service":"auth-service","timestamp":"2025-08-28T01:51:01.834Z"}
{"level":"info","message":"MongoDb  connected successfully","service":"auth-service","timestamp":"2025-08-28T01:51:02.368Z"}
{"level":"info","message":"App started at port 8000","service":"auth-service","timestamp":"2025-08-28T01:51:02.368Z"}
{"level":"warn","message":"Checking for rate limit","service":"auth-service","timestamp":"2025-08-28T01:51:17.817Z"}
{"level":"info","message":"request from /api/auth/register having a method of POST","service":"auth-service","timestamp":"2025-08-28T01:51:17.846Z"}
{"level":"info","message":"user hit the register controller","service":"auth-service","timestamp":"2025-08-28T01:51:17.847Z"}
{"0":"\"","1":"p","10":" ","11":"r","12":"e","13":"q","14":"u","15":"i","16":"r","17":"e","18":"d","2":"h","3":"o","4":"n","5":"e","6":"\"","7":" ","8":"i","9":"s","level":"error","message":"user registration error","service":"auth-service","timestamp":"2025-08-28T01:51:17.853Z"}
{"level":"warn","message":"Checking for rate limit","service":"auth-service","timestamp":"2025-08-28T01:51:33.993Z"}
{"level":"info","message":"request from /api/auth/register having a method of POST","service":"auth-service","timestamp":"2025-08-28T01:51:34.040Z"}
{"level":"info","message":"user hit the register controller","service":"auth-service","timestamp":"2025-08-28T01:51:34.041Z"}
{"0":"P","1":"h","10":"e","11":"r","12":" ","13":"m","14":"u","15":"s","16":"t","17":" ","18":"b","19":"e","2":"o","20":" ","21":"a","22":" ","23":"v","24":"a","25":"l","26":"i","27":"d","28":" ","29":"U","3":"n","30":"K","31":" ","32":"n","33":"u","34":"m","35":"b","36":"e","37":"r","38":",","39":" ","4":"e","40":"e","41":".","42":"g","43":".","44":",","45":" ","46":"+","47":"4","48":"4","49":"7","5":" ","50":"1","51":"2","52":"3","53":"4","54":"5","55":"6","56":"7","57":"8","58":"9","59":" ","6":"n","60":"o","61":"r","62":" ","63":"0","64":"7","65":"1","66":"2","67":"3","68":"4","69":"5","7":"u","70":"6","71":"7","72":"8","73":"9","8":"m","9":"b","level":"error","message":"user registration error","service":"auth-service","timestamp":"2025-08-28T01:51:34.052Z"}
{"level":"warn","message":"Checking for rate limit","service":"auth-service","timestamp":"2025-08-28T01:51:48.662Z"}
{"level":"info","message":"request from /api/auth/register having a method of POST","service":"auth-service","timestamp":"2025-08-28T01:51:48.667Z"}
{"level":"info","message":"user hit the register controller","service":"auth-service","timestamp":"2025-08-28T01:51:48.667Z"}
{"_message":"User validation failed","errors":{"phone":{"kind":"required","message":"Path `phone` is required.","name":"ValidatorError","path":"phone","properties":{"message":"Path `phone` is required.","path":"phone","type":"required"}}},"level":"error","message":"Registration error User validation failed: phone: Path `phone` is required.","service":"auth-service","stack":"ValidationError: User validation failed: phone: Path `phone` is required.\n    at model.Document.invalidate (/Users/home/Desktop/projects/ROSCA/rusca-microservices-server/authservices/node_modules/mongoose/lib/document.js:3358:32)\n    at /Users/home/Desktop/projects/ROSCA/rusca-microservices-server/authservices/node_modules/mongoose/lib/document.js:3119:17\n    at /Users/home/Desktop/projects/ROSCA/rusca-microservices-server/authservices/node_modules/mongoose/lib/schemaType.js:1410:9\n    at processTicksAndRejections (node:internal/process/task_queues:85:11)","timestamp":"2025-08-28T01:51:48.749Z"}
{"level":"info","message":"DB connection started","service":"auth-service","timestamp":"2025-08-28T01:52:15.870Z"}
{"level":"info","message":"Successfully connected to Redis","service":"auth-service","timestamp":"2025-08-28T01:52:15.892Z"}
{"level":"info","message":"Redis client is ready","service":"auth-service","timestamp":"2025-08-28T01:52:15.900Z"}
{"level":"info","message":"MongoDb  connected successfully","service":"auth-service","timestamp":"2025-08-28T01:52:16.388Z"}
{"level":"info","message":"App started at port 8000","service":"auth-service","timestamp":"2025-08-28T01:52:16.389Z"}
{"level":"warn","message":"Checking for rate limit","service":"auth-service","timestamp":"2025-08-28T01:52:30.982Z"}
{"level":"info","message":"request from /api/auth/register having a method of POST","service":"auth-service","timestamp":"2025-08-28T01:52:30.984Z"}
{"level":"info","message":"user hit the register controller","service":"auth-service","timestamp":"2025-08-28T01:52:30.985Z"}
{"level":"info","message":"user created","service":"auth-service","timestamp":"2025-08-28T01:52:31.119Z"}
{"level":"warn","message":"Checking for rate limit","service":"auth-service","timestamp":"2025-08-28T01:54:41.164Z"}
{"level":"info","message":"request from /api/auth/login having a method of GET","service":"auth-service","timestamp":"2025-08-28T01:54:41.171Z"}
{"level":"warn","message":"Checking for rate limit","service":"auth-service","timestamp":"2025-08-28T01:54:47.565Z"}
{"level":"info","message":"request from /api/auth/login having a method of POST","service":"auth-service","timestamp":"2025-08-28T01:54:47.569Z"}
{"level":"info","message":"user hit the login controller","service":"auth-service","timestamp":"2025-08-28T01:54:47.571Z"}
{"0":"R","1":"e","10":"d","11":"y","12":" ","13":"c","14":"a","15":"n","16":"n","17":"o","18":"t","19":" ","2":"q","20":"b","21":"e","22":" ","23":"e","24":"m","25":"p","26":"t","27":"y","3":"u","4":"e","5":"s","6":"t","7":" ","8":"b","9":"o","level":"error","message":"user login error","service":"auth-service","timestamp":"2025-08-28T01:54:47.574Z"}
{"level":"warn","message":"Checking for rate limit","service":"auth-service","timestamp":"2025-08-28T01:55:15.959Z"}
{"level":"info","message":"request from /api/auth/login having a method of POST","service":"auth-service","timestamp":"2025-08-28T01:55:15.963Z"}
{"level":"info","message":"user hit the login controller","service":"auth-service","timestamp":"2025-08-28T01:55:15.963Z"}
{"0":"\"","1":"p","10":" ","11":"n","12":"o","13":"t","14":" ","15":"a","16":"l","17":"l","18":"o","19":"w","2":"h","20":"e","21":"d","3":"o","4":"n","5":"e","6":"\"","7":" ","8":"i","9":"s","level":"error","message":"user login error","service":"auth-service","timestamp":"2025-08-28T01:55:15.968Z"}
{"level":"warn","message":"Checking for rate limit","service":"auth-service","timestamp":"2025-08-28T01:56:34.477Z"}
{"level":"info","message":"request from /api/auth/login having a method of POST","service":"auth-service","timestamp":"2025-08-28T01:56:34.480Z"}
{"level":"info","message":"user hit the login controller","service":"auth-service","timestamp":"2025-08-28T01:56:34.480Z"}
{"level":"warn","message":"Attempted login with invalid email","service":"auth-service","timestamp":"2025-08-28T01:56:34.518Z"}
{"level":"warn","message":"Checking for rate limit","service":"auth-service","timestamp":"2025-08-28T01:56:47.469Z"}
{"level":"info","message":"request from /api/auth/login having a method of POST","service":"auth-service","timestamp":"2025-08-28T01:56:47.471Z"}
{"level":"info","message":"user hit the login controller","service":"auth-service","timestamp":"2025-08-28T01:56:47.471Z"}
{"code":"ERR_CRYPTO_INVALID_KEYLEN","level":"error","message":"Login error Invalid key length","service":"auth-service","stack":"RangeError: Invalid key length\n    at Cipheriv.createCipherBase (node:internal/crypto/cipher:117:19)\n    at Cipheriv.createCipherWithIV (node:internal/crypto/cipher:128:3)\n    at new Cipheriv (node:internal/crypto/cipher:218:3)\n    at Object.createCipheriv (node:crypto:141:10)\n    at encrypt (/Users/home/Desktop/projects/ROSCA/rusca-microservices-server/authservices/src/utils/encrypt.ts:26:27)\n    at loginUserController (/Users/home/Desktop/projects/ROSCA/rusca-microservices-server/authservices/src/controllers/userControllers.ts:135:32)\n    at processTicksAndRejections (node:internal/process/task_queues:105:5)","timestamp":"2025-08-28T01:56:47.548Z"}
{"level":"info","message":"DB connection started","service":"auth-service","timestamp":"2025-08-28T01:58:02.328Z"}
{"level":"info","message":"Successfully connected to Redis","service":"auth-service","timestamp":"2025-08-28T01:58:02.344Z"}
{"level":"info","message":"Redis client is ready","service":"auth-service","timestamp":"2025-08-28T01:58:02.352Z"}
{"level":"info","message":"DB connection started","service":"auth-service","timestamp":"2025-08-28T01:58:04.402Z"}
{"level":"info","message":"Successfully connected to Redis","service":"auth-service","timestamp":"2025-08-28T01:58:04.411Z"}
{"level":"info","message":"Redis client is ready","service":"auth-service","timestamp":"2025-08-28T01:58:04.413Z"}
{"level":"info","message":"MongoDb  connected successfully","service":"auth-service","timestamp":"2025-08-28T01:58:04.982Z"}
{"level":"info","message":"App started at port 8000","service":"auth-service","timestamp":"2025-08-28T01:58:04.984Z"}
{"level":"warn","message":"Checking for rate limit","service":"auth-service","timestamp":"2025-08-28T01:58:14.693Z"}
{"level":"info","message":"request from /api/auth/login having a method of POST","service":"auth-service","timestamp":"2025-08-28T01:58:14.705Z"}
{"level":"info","message":"user hit the login controller","service":"auth-service","timestamp":"2025-08-28T01:58:14.707Z"}
{"code":"ERR_CRYPTO_INVALID_KEYLEN","level":"error","message":"Login error Invalid key length","service":"auth-service","stack":"RangeError: Invalid key length\n    at Cipheriv.createCipherBase (node:internal/crypto/cipher:117:19)\n    at Cipheriv.createCipherWithIV (node:internal/crypto/cipher:128:3)\n    at new Cipheriv (node:internal/crypto/cipher:218:3)\n    at Object.createCipheriv (node:crypto:141:10)\n    at encrypt (/Users/home/Desktop/projects/ROSCA/rusca-microservices-server/authservices/src/utils/encrypt.ts:26:27)\n    at loginUserController (/Users/home/Desktop/projects/ROSCA/rusca-microservices-server/authservices/src/controllers/userControllers.ts:136:32)\n    at processTicksAndRejections (node:internal/process/task_queues:105:5)","timestamp":"2025-08-28T01:58:14.772Z"}
{"level":"info","message":"DB connection started","service":"auth-service","timestamp":"2025-08-28T01:58:56.026Z"}
{"level":"info","message":"Successfully connected to Redis","service":"auth-service","timestamp":"2025-08-28T01:58:56.036Z"}
{"level":"info","message":"Redis client is ready","service":"auth-service","timestamp":"2025-08-28T01:58:56.038Z"}
{"level":"info","message":"MongoDb  connected successfully","service":"auth-service","timestamp":"2025-08-28T01:58:56.519Z"}
{"level":"info","message":"App started at port 8000","service":"auth-service","timestamp":"2025-08-28T01:58:56.519Z"}
{"level":"info","message":"DB connection started","service":"auth-service","timestamp":"2025-08-28T01:58:59.793Z"}
{"level":"info","message":"Successfully connected to Redis","service":"auth-service","timestamp":"2025-08-28T01:58:59.804Z"}
{"level":"info","message":"Redis client is ready","service":"auth-service","timestamp":"2025-08-28T01:58:59.806Z"}
{"level":"info","message":"MongoDb  connected successfully","service":"auth-service","timestamp":"2025-08-28T01:59:00.280Z"}
{"level":"info","message":"App started at port 8000","service":"auth-service","timestamp":"2025-08-28T01:59:00.281Z"}
{"level":"warn","message":"Checking for rate limit","service":"auth-service","timestamp":"2025-08-28T01:59:19.209Z"}
{"level":"info","message":"request from /api/auth/login having a method of POST","service":"auth-service","timestamp":"2025-08-28T01:59:19.214Z"}
{"level":"info","message":"user hit the login controller","service":"auth-service","timestamp":"2025-08-28T01:59:19.215Z"}
{"code":"ERR_CRYPTO_INVALID_KEYLEN","level":"error","message":"Login error Invalid key length","service":"auth-service","stack":"RangeError: Invalid key length\n    at Cipheriv.createCipherBase (node:internal/crypto/cipher:117:19)\n    at Cipheriv.createCipherWithIV (node:internal/crypto/cipher:128:3)\n    at new Cipheriv (node:internal/crypto/cipher:218:3)\n    at Object.createCipheriv (node:crypto:141:10)\n    at encrypt (/Users/home/Desktop/projects/ROSCA/rusca-microservices-server/authservices/src/utils/encrypt.ts:26:27)\n    at loginUserController (/Users/home/Desktop/projects/ROSCA/rusca-microservices-server/authservices/src/controllers/userControllers.ts:136:32)\n    at processTicksAndRejections (node:internal/process/task_queues:105:5)","timestamp":"2025-08-28T01:59:19.268Z"}
{"level":"info","message":"DB connection started","service":"auth-service","timestamp":"2025-08-28T02:03:24.754Z"}
{"level":"info","message":"Successfully connected to Redis","service":"auth-service","timestamp":"2025-08-28T02:03:24.770Z"}
{"level":"info","message":"Redis client is ready","service":"auth-service","timestamp":"2025-08-28T02:03:24.778Z"}
{"level":"info","message":"MongoDb  connected successfully","service":"auth-service","timestamp":"2025-08-28T02:03:25.280Z"}
{"level":"info","message":"App started at port 8000","service":"auth-service","timestamp":"2025-08-28T02:03:25.280Z"}
{"level":"info","message":"DB connection started","service":"auth-service","timestamp":"2025-08-28T02:05:13.355Z"}
{"level":"info","message":"Successfully connected to Redis","service":"auth-service","timestamp":"2025-08-28T02:05:13.365Z"}
{"level":"info","message":"Redis client is ready","service":"auth-service","timestamp":"2025-08-28T02:05:13.368Z"}
{"level":"info","message":"MongoDb  connected successfully","service":"auth-service","timestamp":"2025-08-28T02:05:13.915Z"}
{"level":"info","message":"App started at port 8000","service":"auth-service","timestamp":"2025-08-28T02:05:13.915Z"}
{"level":"warn","message":"Checking for rate limit","service":"auth-service","timestamp":"2025-08-28T02:05:23.875Z"}
{"level":"info","message":"request from /api/auth/login having a method of POST","service":"auth-service","timestamp":"2025-08-28T02:05:23.899Z"}
{"level":"info","message":"user hit the login controller","service":"auth-service","timestamp":"2025-08-28T02:05:23.900Z"}
{"code":"ERR_CRYPTO_INVALID_KEYLEN","level":"error","message":"Login error Invalid key length","service":"auth-service","stack":"RangeError: Invalid key length\n    at Cipheriv.createCipherBase (node:internal/crypto/cipher:117:19)\n    at Cipheriv.createCipherWithIV (node:internal/crypto/cipher:128:3)\n    at new Cipheriv (node:internal/crypto/cipher:218:3)\n    at Object.createCipheriv (node:crypto:141:10)\n    at encrypt (/Users/home/Desktop/projects/ROSCA/rusca-microservices-server/authservices/src/utils/encrypt.ts:26:27)\n    at loginUserController (/Users/home/Desktop/projects/ROSCA/rusca-microservices-server/authservices/src/controllers/userControllers.ts:136:32)\n    at processTicksAndRejections (node:internal/process/task_queues:105:5)","timestamp":"2025-08-28T02:05:23.959Z"}
{"level":"info","message":"DB connection started","service":"auth-service","timestamp":"2025-08-28T02:06:02.080Z"}
{"level":"info","message":"Successfully connected to Redis","service":"auth-service","timestamp":"2025-08-28T02:06:02.101Z"}
{"level":"info","message":"Redis client is ready","service":"auth-service","timestamp":"2025-08-28T02:06:02.106Z"}
{"level":"info","message":"MongoDb  connected successfully","service":"auth-service","timestamp":"2025-08-28T02:06:02.563Z"}
{"level":"info","message":"App started at port 8000","service":"auth-service","timestamp":"2025-08-28T02:06:02.564Z"}
{"level":"info","message":"DB connection started","service":"auth-service","timestamp":"2025-08-28T02:06:35.885Z"}
{"level":"info","message":"Successfully connected to Redis","service":"auth-service","timestamp":"2025-08-28T02:06:35.897Z"}
{"level":"info","message":"Redis client is ready","service":"auth-service","timestamp":"2025-08-28T02:06:35.900Z"}
{"level":"info","message":"MongoDb  connected successfully","service":"auth-service","timestamp":"2025-08-28T02:06:36.517Z"}
{"level":"info","message":"App started at port 8000","service":"auth-service","timestamp":"2025-08-28T02:06:36.518Z"}
{"level":"warn","message":"Checking for rate limit","service":"auth-service","timestamp":"2025-08-28T02:06:45.590Z"}
{"level":"info","message":"request from /api/auth/login having a method of POST","service":"auth-service","timestamp":"2025-08-28T02:06:45.593Z"}
{"level":"info","message":"user hit the login controller","service":"auth-service","timestamp":"2025-08-28T02:06:45.593Z"}
{"code":"ERR_CRYPTO_INVALID_KEYLEN","level":"error","message":"Login error Invalid key length","service":"auth-service","stack":"RangeError: Invalid key length\n    at Cipheriv.createCipherBase (node:internal/crypto/cipher:117:19)\n    at Cipheriv.createCipherWithIV (node:internal/crypto/cipher:128:3)\n    at new Cipheriv (node:internal/crypto/cipher:218:3)\n    at Object.createCipheriv (node:crypto:141:10)\n    at encrypt (/Users/home/Desktop/projects/ROSCA/rusca-microservices-server/authservices/src/utils/encrypt.ts:26:27)\n    at loginUserController (/Users/home/Desktop/projects/ROSCA/rusca-microservices-server/authservices/src/controllers/userControllers.ts:136:32)\n    at processTicksAndRejections (node:internal/process/task_queues:105:5)","timestamp":"2025-08-28T02:06:45.648Z"}
{"level":"info","message":"DB connection started","service":"auth-service","timestamp":"2025-08-28T02:07:24.434Z"}
{"level":"info","message":"Successfully connected to Redis","service":"auth-service","timestamp":"2025-08-28T02:07:24.452Z"}
{"level":"info","message":"Redis client is ready","service":"auth-service","timestamp":"2025-08-28T02:07:24.454Z"}
{"level":"info","message":"MongoDb  connected successfully","service":"auth-service","timestamp":"2025-08-28T02:07:25.082Z"}
{"level":"info","message":"App started at port 8000","service":"auth-service","timestamp":"2025-08-28T02:07:25.083Z"}
{"level":"info","message":"DB connection started","service":"auth-service","timestamp":"2025-08-28T02:07:32.365Z"}
{"level":"info","message":"Successfully connected to Redis","service":"auth-service","timestamp":"2025-08-28T02:07:32.377Z"}
{"level":"info","message":"Redis client is ready","service":"auth-service","timestamp":"2025-08-28T02:07:32.380Z"}
{"level":"info","message":"MongoDb  connected successfully","service":"auth-service","timestamp":"2025-08-28T02:07:32.850Z"}
{"level":"info","message":"App started at port 8000","service":"auth-service","timestamp":"2025-08-28T02:07:32.852Z"}
{"level":"warn","message":"Checking for rate limit","service":"auth-service","timestamp":"2025-08-28T02:07:42.286Z"}
{"level":"info","message":"request from /api/auth/login having a method of POST","service":"auth-service","timestamp":"2025-08-28T02:07:42.288Z"}
{"level":"info","message":"user hit the login controller","service":"auth-service","timestamp":"2025-08-28T02:07:42.288Z"}
{"level":"info","message":"attempt to create an email verification token","service":"auth-service","timestamp":"2025-08-28T02:07:42.329Z"}
{"level":"info","message":"DB connection started","service":"auth-service","timestamp":"2025-08-28T02:15:36.966Z"}
{"level":"info","message":"Successfully connected to Redis","service":"auth-service","timestamp":"2025-08-28T02:15:36.987Z"}
{"level":"info","message":"Redis client is ready","service":"auth-service","timestamp":"2025-08-28T02:15:36.998Z"}
{"level":"info","message":"MongoDb  connected successfully","service":"auth-service","timestamp":"2025-08-28T02:15:37.562Z"}
{"level":"info","message":"App started at port 8000","service":"auth-service","timestamp":"2025-08-28T02:15:37.563Z"}
{"level":"warn","message":"Checking for rate limit","service":"auth-service","timestamp":"2025-08-28T02:15:55.801Z"}
{"level":"info","message":"request from /api/auth/login having a method of POST","service":"auth-service","timestamp":"2025-08-28T02:15:55.840Z"}
{"level":"info","message":"user hit the login controller","service":"auth-service","timestamp":"2025-08-28T02:15:55.840Z"}
{"level":"info","message":"attempt to create an email verification token","service":"auth-service","timestamp":"2025-08-28T02:15:55.886Z"}
{"level":"info","message":"DB connection started","service":"auth-service","timestamp":"2025-08-28T02:16:26.275Z"}
{"level":"info","message":"Successfully connected to Redis","service":"auth-service","timestamp":"2025-08-28T02:16:26.289Z"}
{"level":"info","message":"Redis client is ready","service":"auth-service","timestamp":"2025-08-28T02:16:26.292Z"}
{"level":"info","message":"MongoDb  connected successfully","service":"auth-service","timestamp":"2025-08-28T02:16:26.766Z"}
{"level":"info","message":"App started at port 8000","service":"auth-service","timestamp":"2025-08-28T02:16:26.766Z"}
{"level":"warn","message":"Checking for rate limit","service":"auth-service","timestamp":"2025-08-28T02:16:37.825Z"}
{"level":"info","message":"request from /api/auth/login having a method of POST","service":"auth-service","timestamp":"2025-08-28T02:16:37.829Z"}
{"level":"info","message":"user hit the login controller","service":"auth-service","timestamp":"2025-08-28T02:16:37.829Z"}
{"level":"info","message":"attempt to create an email verification token","service":"auth-service","timestamp":"2025-08-28T02:16:37.875Z"}
{"level":"info","message":"DB connection started","service":"auth-service","timestamp":"2025-08-28T02:17:57.774Z"}
{"level":"info","message":"Successfully connected to Redis","service":"auth-service","timestamp":"2025-08-28T02:17:57.788Z"}
{"level":"info","message":"Redis client is ready","service":"auth-service","timestamp":"2025-08-28T02:17:57.790Z"}
{"level":"info","message":"MongoDb  connected successfully","service":"auth-service","timestamp":"2025-08-28T02:17:58.300Z"}
{"level":"info","message":"App started at port 8000","service":"auth-service","timestamp":"2025-08-28T02:17:58.300Z"}
{"level":"info","message":"DB connection started","service":"auth-service","timestamp":"2025-08-28T02:18:24.041Z"}
{"level":"info","message":"Successfully connected to Redis","service":"auth-service","timestamp":"2025-08-28T02:18:24.053Z"}
{"level":"info","message":"Redis client is ready","service":"auth-service","timestamp":"2025-08-28T02:18:24.054Z"}
{"level":"info","message":"MongoDb  connected successfully","service":"auth-service","timestamp":"2025-08-28T02:18:24.526Z"}
{"level":"info","message":"App started at port 8000","service":"auth-service","timestamp":"2025-08-28T02:18:24.526Z"}
{"level":"warn","message":"Checking for rate limit","service":"auth-service","timestamp":"2025-08-28T02:18:28.831Z"}
{"level":"info","message":"request from /api/auth/login having a method of POST","service":"auth-service","timestamp":"2025-08-28T02:18:28.837Z"}
{"level":"info","message":"user hit the login controller","service":"auth-service","timestamp":"2025-08-28T02:18:28.837Z"}
{"code":"ERR_CRYPTO_INVALID_KEYLEN","level":"error","message":"Login error Invalid key length","service":"auth-service","stack":"RangeError: Invalid key length\n    at Cipheriv.createCipherBase (node:internal/crypto/cipher:117:19)\n    at Cipheriv.createCipherWithIV (node:internal/crypto/cipher:128:3)\n    at new Cipheriv (node:internal/crypto/cipher:218:3)\n    at Object.createCipheriv (node:crypto:141:10)\n    at encrypt (/Users/home/Desktop/projects/ROSCA/rusca-microservices-server/authservices/src/utils/encrypt.ts:26:27)\n    at loginUserController (/Users/home/Desktop/projects/ROSCA/rusca-microservices-server/authservices/src/controllers/userControllers.ts:136:32)\n    at processTicksAndRejections (node:internal/process/task_queues:105:5)","timestamp":"2025-08-28T02:18:28.888Z"}
{"level":"info","message":"DB connection started","service":"auth-service","timestamp":"2025-08-28T02:19:02.932Z"}
{"level":"info","message":"Successfully connected to Redis","service":"auth-service","timestamp":"2025-08-28T02:19:02.942Z"}
{"level":"info","message":"Redis client is ready","service":"auth-service","timestamp":"2025-08-28T02:19:02.944Z"}
{"level":"info","message":"MongoDb  connected successfully","service":"auth-service","timestamp":"2025-08-28T02:19:03.411Z"}
{"level":"info","message":"App started at port 8000","service":"auth-service","timestamp":"2025-08-28T02:19:03.411Z"}
{"level":"warn","message":"Checking for rate limit","service":"auth-service","timestamp":"2025-08-28T02:19:11.996Z"}
{"level":"info","message":"request from /api/auth/login having a method of POST","service":"auth-service","timestamp":"2025-08-28T02:19:11.998Z"}
{"level":"info","message":"user hit the login controller","service":"auth-service","timestamp":"2025-08-28T02:19:11.999Z"}
{"code":"ERR_CRYPTO_INVALID_KEYLEN","level":"error","message":"Login error Invalid key length","service":"auth-service","stack":"RangeError: Invalid key length\n    at Cipheriv.createCipherBase (node:internal/crypto/cipher:117:19)\n    at Cipheriv.createCipherWithIV (node:internal/crypto/cipher:128:3)\n    at new Cipheriv (node:internal/crypto/cipher:218:3)\n    at Object.createCipheriv (node:crypto:141:10)\n    at encrypt (/Users/home/Desktop/projects/ROSCA/rusca-microservices-server/authservices/src/utils/encrypt.ts:26:27)\n    at loginUserController (/Users/home/Desktop/projects/ROSCA/rusca-microservices-server/authservices/src/controllers/userControllers.ts:136:32)\n    at processTicksAndRejections (node:internal/process/task_queues:105:5)","timestamp":"2025-08-28T02:19:12.059Z"}
{"level":"info","message":"DB connection started","service":"auth-service","timestamp":"2025-08-28T02:19:51.388Z"}
{"level":"info","message":"Successfully connected to Redis","service":"auth-service","timestamp":"2025-08-28T02:19:51.397Z"}
{"level":"info","message":"Redis client is ready","service":"auth-service","timestamp":"2025-08-28T02:19:51.400Z"}
{"level":"info","message":"MongoDb  connected successfully","service":"auth-service","timestamp":"2025-08-28T02:19:51.952Z"}
{"level":"info","message":"App started at port 8000","service":"auth-service","timestamp":"2025-08-28T02:19:51.953Z"}
{"level":"warn","message":"Checking for rate limit","service":"auth-service","timestamp":"2025-08-28T02:19:57.638Z"}
{"level":"info","message":"request from /api/auth/login having a method of POST","service":"auth-service","timestamp":"2025-08-28T02:19:57.641Z"}
{"level":"info","message":"user hit the login controller","service":"auth-service","timestamp":"2025-08-28T02:19:57.641Z"}
{"level":"info","message":"attempt to create an email verification token","service":"auth-service","timestamp":"2025-08-28T02:19:57.701Z"}
{"level":"warn","message":"Checking for rate limit","service":"auth-service","timestamp":"2025-08-28T02:20:09.692Z"}
{"level":"info","message":"request from /api/auth/login having a method of POST","service":"auth-service","timestamp":"2025-08-28T02:20:09.694Z"}
{"level":"info","message":"user hit the login controller","service":"auth-service","timestamp":"2025-08-28T02:20:09.694Z"}
{"level":"info","message":"attempt to create an email verification token","service":"auth-service","timestamp":"2025-08-28T02:20:09.740Z"}
{"level":"warn","message":"Checking for rate limit","service":"auth-service","timestamp":"2025-08-28T02:20:15.298Z"}
{"level":"info","message":"request from /api/auth/login having a method of POST","service":"auth-service","timestamp":"2025-08-28T02:20:15.300Z"}
{"level":"info","message":"user hit the login controller","service":"auth-service","timestamp":"2025-08-28T02:20:15.300Z"}
{"level":"info","message":"attempt to create an email verification token","service":"auth-service","timestamp":"2025-08-28T02:20:15.339Z"}
{"level":"warn","message":"Checking for rate limit","service":"auth-service","timestamp":"2025-08-28T02:20:31.595Z"}
{"level":"info","message":"request from /api/auth/login having a method of POST","service":"auth-service","timestamp":"2025-08-28T02:20:31.596Z"}
{"level":"info","message":"user hit the login controller","service":"auth-service","timestamp":"2025-08-28T02:20:31.597Z"}
{"level":"info","message":"attempt to create an email verification token","service":"auth-service","timestamp":"2025-08-28T02:20:31.630Z"}
{"level":"warn","message":"Checking for rate limit","service":"auth-service","timestamp":"2025-08-28T02:20:34.832Z"}
{"level":"info","message":"request from /api/auth/login having a method of POST","service":"auth-service","timestamp":"2025-08-28T02:20:34.837Z"}
{"level":"info","message":"user hit the login controller","service":"auth-service","timestamp":"2025-08-28T02:20:34.838Z"}
{"level":"info","message":"attempt to create an email verification token","service":"auth-service","timestamp":"2025-08-28T02:20:34.887Z"}
{"level":"warn","message":"Checking for rate limit","service":"auth-service","timestamp":"2025-08-28T02:22:29.631Z"}
{"level":"info","message":"request from /api/auth/login having a method of POST","service":"auth-service","timestamp":"2025-08-28T02:22:29.635Z"}
{"level":"info","message":"user hit the login controller","service":"auth-service","timestamp":"2025-08-28T02:22:29.635Z"}
{"level":"info","message":"attempt to create an email verification token","service":"auth-service","timestamp":"2025-08-28T02:22:29.682Z"}
{"level":"warn","message":"Checking for rate limit","service":"auth-service","timestamp":"2025-08-28T02:22:34.012Z"}
{"level":"info","message":"request from /api/auth/login having a method of POST","service":"auth-service","timestamp":"2025-08-28T02:22:34.016Z"}
{"level":"info","message":"user hit the login controller","service":"auth-service","timestamp":"2025-08-28T02:22:34.016Z"}
{"level":"info","message":"attempt to create an email verification token","service":"auth-service","timestamp":"2025-08-28T02:22:34.055Z"}
{"level":"warn","message":"Checking for rate limit","service":"auth-service","timestamp":"2025-08-28T02:22:41.603Z"}
{"level":"info","message":"request from /api/auth/login having a method of POST","service":"auth-service","timestamp":"2025-08-28T02:22:41.605Z"}
{"level":"info","message":"user hit the login controller","service":"auth-service","timestamp":"2025-08-28T02:22:41.605Z"}
{"level":"info","message":"attempt to create an email verification token","service":"auth-service","timestamp":"2025-08-28T02:22:41.645Z"}
{"level":"warn","message":"Checking for rate limit","service":"auth-service","timestamp":"2025-08-28T02:22:50.191Z"}
{"level":"info","message":"request from /api/auth/login having a method of POST","service":"auth-service","timestamp":"2025-08-28T02:22:50.193Z"}
{"level":"info","message":"user hit the login controller","service":"auth-service","timestamp":"2025-08-28T02:22:50.193Z"}
{"level":"info","message":"attempt to create an email verification token","service":"auth-service","timestamp":"2025-08-28T02:22:50.238Z"}
{"level":"warn","message":"Checking for rate limit","service":"auth-service","timestamp":"2025-08-28T02:23:00.772Z"}
{"level":"info","message":"request from /api/auth/login having a method of POST","service":"auth-service","timestamp":"2025-08-28T02:23:00.778Z"}
{"level":"info","message":"user hit the login controller","service":"auth-service","timestamp":"2025-08-28T02:23:00.778Z"}
{"level":"info","message":"attempt to create an email verification token","service":"auth-service","timestamp":"2025-08-28T02:23:00.820Z"}
{"level":"info","message":"DB connection started","service":"auth-service","timestamp":"2025-08-28T02:24:36.398Z"}
{"level":"info","message":"Successfully connected to Redis","service":"auth-service","timestamp":"2025-08-28T02:24:36.419Z"}
{"level":"info","message":"Redis client is ready","service":"auth-service","timestamp":"2025-08-28T02:24:36.424Z"}
{"level":"info","message":"MongoDb  connected successfully","service":"auth-service","timestamp":"2025-08-28T02:24:36.939Z"}
{"level":"info","message":"App started at port 8000","service":"auth-service","timestamp":"2025-08-28T02:24:36.939Z"}
{"level":"warn","message":"Checking for rate limit","service":"auth-service","timestamp":"2025-08-28T02:24:49.910Z"}
{"level":"info","message":"request from /api/auth/login having a method of POST","service":"auth-service","timestamp":"2025-08-28T02:24:49.914Z"}
{"level":"info","message":"user hit the login controller","service":"auth-service","timestamp":"2025-08-28T02:24:49.914Z"}
{"level":"info","message":"attempt to create an email verification token","service":"auth-service","timestamp":"2025-08-28T02:24:49.960Z"}
{"level":"info","message":"DB connection started","service":"auth-service","timestamp":"2025-08-28T02:25:11.293Z"}
{"level":"info","message":"Successfully connected to Redis","service":"auth-service","timestamp":"2025-08-28T02:25:11.305Z"}
{"level":"info","message":"Redis client is ready","service":"auth-service","timestamp":"2025-08-28T02:25:11.320Z"}
{"level":"info","message":"MongoDb  connected successfully","service":"auth-service","timestamp":"2025-08-28T02:25:11.775Z"}
{"level":"info","message":"App started at port 8000","service":"auth-service","timestamp":"2025-08-28T02:25:11.775Z"}
{"level":"warn","message":"Checking for rate limit","service":"auth-service","timestamp":"2025-08-28T02:25:25.609Z"}
{"level":"info","message":"request from /api/auth/login having a method of POST","service":"auth-service","timestamp":"2025-08-28T02:25:25.612Z"}
{"level":"info","message":"user hit the login controller","service":"auth-service","timestamp":"2025-08-28T02:25:25.613Z"}
{"level":"error","message":"Attempt to login user with wrong credentials","service":"auth-service","timestamp":"2025-08-28T02:25:25.731Z"}
{"level":"warn","message":"Checking for rate limit","service":"auth-service","timestamp":"2025-08-28T02:25:43.878Z"}
{"level":"info","message":"request from /api/auth/login having a method of POST","service":"auth-service","timestamp":"2025-08-28T02:25:43.879Z"}
{"level":"info","message":"user hit the login controller","service":"auth-service","timestamp":"2025-08-28T02:25:43.880Z"}
{"level":"error","message":"Attempt to login user with wrong credentials","service":"auth-service","timestamp":"2025-08-28T02:25:43.975Z"}
{"level":"warn","message":"Checking for rate limit","service":"auth-service","timestamp":"2025-08-28T02:25:51.114Z"}
{"level":"info","message":"request from /api/auth/login having a method of POST","service":"auth-service","timestamp":"2025-08-28T02:25:51.116Z"}
{"level":"info","message":"user hit the login controller","service":"auth-service","timestamp":"2025-08-28T02:25:51.116Z"}
{"level":"error","message":"Attempt to login user with wrong credentials","service":"auth-service","timestamp":"2025-08-28T02:25:51.211Z"}
{"level":"error","message":"Login error User ip not found","service":"auth-service","stack":"Error: User ip not found\n    at loginUserController (/Users/home/Desktop/projects/ROSCA/rusca-microservices-server/authservices/src/controllers/userControllers.ts:152:17)\n    at processTicksAndRejections (node:internal/process/task_queues:105:5)","timestamp":"2025-08-28T02:25:51.258Z"}
{"level":"warn","message":"Checking for rate limit","service":"auth-service","timestamp":"2025-08-28T02:26:03.375Z"}
{"level":"info","message":"request from /api/auth/login having a method of POST","service":"auth-service","timestamp":"2025-08-28T02:26:03.378Z"}
{"level":"info","message":"user hit the login controller","service":"auth-service","timestamp":"2025-08-28T02:26:03.379Z"}
{"level":"error","message":"Attempt to login user with wrong credentials","service":"auth-service","timestamp":"2025-08-28T02:26:03.471Z"}
{"level":"error","message":"Login error User ip not found","service":"auth-service","stack":"Error: User ip not found\n    at loginUserController (/Users/home/Desktop/projects/ROSCA/rusca-microservices-server/authservices/src/controllers/userControllers.ts:152:17)\n    at processTicksAndRejections (node:internal/process/task_queues:105:5)","timestamp":"2025-08-28T02:26:03.509Z"}
{"level":"info","message":"DB connection started","service":"auth-service","timestamp":"2025-08-28T02:26:38.872Z"}
{"level":"info","message":"Successfully connected to Redis","service":"auth-service","timestamp":"2025-08-28T02:26:38.882Z"}
{"level":"info","message":"Redis client is ready","service":"auth-service","timestamp":"2025-08-28T02:26:38.883Z"}
{"level":"info","message":"MongoDb  connected successfully","service":"auth-service","timestamp":"2025-08-28T02:26:39.430Z"}
{"level":"info","message":"App started at port 8000","service":"auth-service","timestamp":"2025-08-28T02:26:39.430Z"}
{"level":"warn","message":"Checking for rate limit","service":"auth-service","timestamp":"2025-08-28T02:26:47.411Z"}
{"level":"info","message":"request from /api/auth/login having a method of POST","service":"auth-service","timestamp":"2025-08-28T02:26:47.413Z"}
{"level":"info","message":"user hit the login controller","service":"auth-service","timestamp":"2025-08-28T02:26:47.413Z"}
{"level":"error","message":"Attempt to login user with wrong credentials","service":"auth-service","timestamp":"2025-08-28T02:26:47.509Z"}
{"level":"error","message":"Login error User ip not found","service":"auth-service","stack":"Error: User ip not found\n    at loginUserController (/Users/home/Desktop/projects/ROSCA/rusca-microservices-server/authservices/src/controllers/userControllers.ts:152:17)\n    at processTicksAndRejections (node:internal/process/task_queues:105:5)","timestamp":"2025-08-28T02:26:47.549Z"}
{"level":"info","message":"DB connection started","service":"auth-service","timestamp":"2025-08-28T02:28:14.127Z"}
{"level":"info","message":"Successfully connected to Redis","service":"auth-service","timestamp":"2025-08-28T02:28:14.136Z"}
{"level":"info","message":"Redis client is ready","service":"auth-service","timestamp":"2025-08-28T02:28:14.139Z"}
{"level":"info","message":"MongoDb  connected successfully","service":"auth-service","timestamp":"2025-08-28T02:28:14.650Z"}
{"level":"info","message":"App started at port 8000","service":"auth-service","timestamp":"2025-08-28T02:28:14.651Z"}
{"level":"info","message":"DB connection started","service":"auth-service","timestamp":"2025-08-28T02:28:49.347Z"}
{"level":"info","message":"Successfully connected to Redis","service":"auth-service","timestamp":"2025-08-28T02:28:49.358Z"}
{"level":"info","message":"Redis client is ready","service":"auth-service","timestamp":"2025-08-28T02:28:49.360Z"}
{"level":"info","message":"MongoDb  connected successfully","service":"auth-service","timestamp":"2025-08-28T02:28:49.844Z"}
{"level":"info","message":"App started at port 8000","service":"auth-service","timestamp":"2025-08-28T02:28:49.845Z"}
{"level":"info","message":"DB connection started","service":"auth-service","timestamp":"2025-08-28T02:28:52.967Z"}
{"level":"info","message":"Successfully connected to Redis","service":"auth-service","timestamp":"2025-08-28T02:28:52.990Z"}
{"level":"info","message":"Redis client is ready","service":"auth-service","timestamp":"2025-08-28T02:28:52.995Z"}
{"level":"info","message":"MongoDb  connected successfully","service":"auth-service","timestamp":"2025-08-28T02:28:53.422Z"}
{"level":"info","message":"App started at port 8000","service":"auth-service","timestamp":"2025-08-28T02:28:53.422Z"}
{"level":"info","message":"DB connection started","service":"auth-service","timestamp":"2025-08-28T02:28:56.745Z"}
{"level":"info","message":"Successfully connected to Redis","service":"auth-service","timestamp":"2025-08-28T02:28:56.766Z"}
{"level":"info","message":"Redis client is ready","service":"auth-service","timestamp":"2025-08-28T02:28:56.770Z"}
{"level":"info","message":"MongoDb  connected successfully","service":"auth-service","timestamp":"2025-08-28T02:28:57.545Z"}
{"level":"info","message":"App started at port 8000","service":"auth-service","timestamp":"2025-08-28T02:28:57.546Z"}
{"level":"info","message":"DB connection started","service":"auth-service","timestamp":"2025-08-28T02:29:01.023Z"}
{"level":"info","message":"Successfully connected to Redis","service":"auth-service","timestamp":"2025-08-28T02:29:01.037Z"}
{"level":"info","message":"Redis client is ready","service":"auth-service","timestamp":"2025-08-28T02:29:01.038Z"}
{"level":"info","message":"MongoDb  connected successfully","service":"auth-service","timestamp":"2025-08-28T02:29:01.483Z"}
{"level":"info","message":"App started at port 8000","service":"auth-service","timestamp":"2025-08-28T02:29:01.483Z"}
{"level":"warn","message":"Checking for rate limit","service":"auth-service","timestamp":"2025-08-28T02:29:12.762Z"}
{"level":"info","message":"request from /api/auth/login having a method of POST","service":"auth-service","timestamp":"2025-08-28T02:29:12.765Z"}
{"level":"info","message":"user hit the login controller","service":"auth-service","timestamp":"2025-08-28T02:29:12.765Z"}
{"level":"error","message":"Attempt to login user with wrong credentials","service":"auth-service","timestamp":"2025-08-28T02:29:12.861Z"}
{"level":"error","message":"Login error User ip not found","service":"auth-service","stack":"Error: User ip not found\n    at loginUserController (/Users/home/Desktop/projects/ROSCA/rusca-microservices-server/authservices/src/controllers/userControllers.ts:152:17)","timestamp":"2025-08-28T02:29:12.864Z"}
{"level":"info","message":"DB connection started","service":"auth-service","timestamp":"2025-08-28T02:30:42.908Z"}
{"level":"info","message":"Successfully connected to Redis","service":"auth-service","timestamp":"2025-08-28T02:30:42.932Z"}
{"level":"info","message":"Redis client is ready","service":"auth-service","timestamp":"2025-08-28T02:30:42.934Z"}
{"level":"info","message":"DB connection started","service":"auth-service","timestamp":"2025-08-28T02:30:51.359Z"}
{"level":"info","message":"Successfully connected to Redis","service":"auth-service","timestamp":"2025-08-28T02:30:51.377Z"}
{"level":"info","message":"Redis client is ready","service":"auth-service","timestamp":"2025-08-28T02:30:51.380Z"}
{"level":"info","message":"MongoDb  connected successfully","service":"auth-service","timestamp":"2025-08-28T02:30:51.833Z"}
{"level":"info","message":"App started at port 8000","service":"auth-service","timestamp":"2025-08-28T02:30:51.833Z"}
{"level":"warn","message":"Checking for rate limit","service":"auth-service","timestamp":"2025-08-28T02:31:01.418Z"}
{"level":"info","message":"request from /api/auth/login having a method of POST","service":"auth-service","timestamp":"2025-08-28T02:31:01.421Z"}
{"level":"info","message":"user hit the login controller","service":"auth-service","timestamp":"2025-08-28T02:31:01.422Z"}
{"level":"error","message":"Attempt to login user with wrong credentials","service":"auth-service","timestamp":"2025-08-28T02:31:01.520Z"}
{"level":"warn","message":"User ip not found","service":"auth-service","timestamp":"2025-08-28T02:31:01.520Z"}
{"level":"error","message":"Login error Failed to obtain user ip","service":"auth-service","stack":"Error: Failed to obtain user ip\n    at loginUserController (/Users/home/Desktop/projects/ROSCA/rusca-microservices-server/authservices/src/controllers/userControllers.ts:161:17)\n    at processTicksAndRejections (node:internal/process/task_queues:105:5)","timestamp":"2025-08-28T02:31:01.627Z"}
{"level":"info","message":"DB connection started","service":"auth-service","timestamp":"2025-08-28T02:31:46.726Z"}
{"level":"info","message":"Successfully connected to Redis","service":"auth-service","timestamp":"2025-08-28T02:31:46.738Z"}
{"level":"info","message":"Redis client is ready","service":"auth-service","timestamp":"2025-08-28T02:31:46.739Z"}
{"level":"info","message":"MongoDb  connected successfully","service":"auth-service","timestamp":"2025-08-28T02:31:47.213Z"}
{"level":"info","message":"App started at port 8000","service":"auth-service","timestamp":"2025-08-28T02:31:47.214Z"}
{"level":"info","message":"DB connection started","service":"auth-service","timestamp":"2025-08-28T02:31:57.515Z"}
{"level":"info","message":"Successfully connected to Redis","service":"auth-service","timestamp":"2025-08-28T02:31:57.526Z"}
{"level":"info","message":"Redis client is ready","service":"auth-service","timestamp":"2025-08-28T02:31:57.529Z"}
{"level":"info","message":"MongoDb  connected successfully","service":"auth-service","timestamp":"2025-08-28T02:31:57.994Z"}
{"level":"info","message":"App started at port 8000","service":"auth-service","timestamp":"2025-08-28T02:31:57.994Z"}
{"level":"info","message":"DB connection started","service":"auth-service","timestamp":"2025-08-28T02:32:14.655Z"}
{"level":"info","message":"Successfully connected to Redis","service":"auth-service","timestamp":"2025-08-28T02:32:14.670Z"}
{"level":"info","message":"Redis client is ready","service":"auth-service","timestamp":"2025-08-28T02:32:14.672Z"}
{"level":"info","message":"MongoDb  connected successfully","service":"auth-service","timestamp":"2025-08-28T02:32:15.290Z"}
{"level":"info","message":"App started at port 8000","service":"auth-service","timestamp":"2025-08-28T02:32:15.291Z"}
{"level":"info","message":"DB connection started","service":"auth-service","timestamp":"2025-08-28T02:32:23.686Z"}
{"level":"info","message":"Successfully connected to Redis","service":"auth-service","timestamp":"2025-08-28T02:32:23.704Z"}
{"level":"info","message":"Redis client is ready","service":"auth-service","timestamp":"2025-08-28T02:32:23.706Z"}
{"level":"info","message":"MongoDb  connected successfully","service":"auth-service","timestamp":"2025-08-28T02:32:24.154Z"}
{"level":"info","message":"App started at port 8000","service":"auth-service","timestamp":"2025-08-28T02:32:24.155Z"}
{"level":"warn","message":"Checking for rate limit","service":"auth-service","timestamp":"2025-08-28T02:32:29.751Z"}
{"level":"info","message":"request from /api/auth/login having a method of POST","service":"auth-service","timestamp":"2025-08-28T02:32:29.755Z"}
{"level":"info","message":"user hit the login controller","service":"auth-service","timestamp":"2025-08-28T02:32:29.756Z"}
{"level":"error","message":"Attempt to login user with wrong credentials","service":"auth-service","timestamp":"2025-08-28T02:32:29.861Z"}
{"level":"warn","message":"User ip not found","service":"auth-service","timestamp":"2025-08-28T02:32:29.861Z"}
{"level":"warn","message":"Failed to obtain user ip","service":"auth-service","timestamp":"2025-08-28T02:32:29.959Z"}
{"level":"error","message":"Login error Account suspended, please check your mail to activate account.","service":"auth-service","stack":"Error: Account suspended, please check your mail to activate account.\n    at loginUserController (/Users/home/Desktop/projects/ROSCA/rusca-microservices-server/authservices/src/controllers/userControllers.ts:184:15)\n    at processTicksAndRejections (node:internal/process/task_queues:105:5)","timestamp":"2025-08-28T02:32:29.969Z"}
{"level":"warn","message":"Checking for rate limit","service":"auth-service","timestamp":"2025-08-28T02:32:39.486Z"}
{"level":"info","message":"request from /api/auth/login having a method of POST","service":"auth-service","timestamp":"2025-08-28T02:32:39.487Z"}
{"level":"info","message":"user hit the login controller","service":"auth-service","timestamp":"2025-08-28T02:32:39.487Z"}
{"level":"error","message":"Attempt to login user with wrong credentials","service":"auth-service","timestamp":"2025-08-28T02:32:39.573Z"}
{"level":"warn","message":"User ip not found","service":"auth-service","timestamp":"2025-08-28T02:32:39.573Z"}
{"level":"warn","message":"Failed to obtain user ip","service":"auth-service","timestamp":"2025-08-28T02:32:39.645Z"}
{"level":"error","message":"Login error Account suspended, please check your mail to activate account.","service":"auth-service","stack":"Error: Account suspended, please check your mail to activate account.\n    at loginUserController (/Users/home/Desktop/projects/ROSCA/rusca-microservices-server/authservices/src/controllers/userControllers.ts:184:15)\n    at processTicksAndRejections (node:internal/process/task_queues:105:5)","timestamp":"2025-08-28T02:32:39.646Z"}
{"level":"info","message":"DB connection started","service":"auth-service","timestamp":"2025-08-28T02:34:02.508Z"}
{"level":"info","message":"Successfully connected to Redis","service":"auth-service","timestamp":"2025-08-28T02:34:02.525Z"}
{"level":"info","message":"Redis client is ready","service":"auth-service","timestamp":"2025-08-28T02:34:02.539Z"}
{"level":"info","message":"DB connection started","service":"auth-service","timestamp":"2025-08-28T02:34:05.732Z"}
{"level":"info","message":"Successfully connected to Redis","service":"auth-service","timestamp":"2025-08-28T02:34:05.746Z"}
{"level":"info","message":"Redis client is ready","service":"auth-service","timestamp":"2025-08-28T02:34:05.748Z"}
{"level":"info","message":"MongoDb  connected successfully","service":"auth-service","timestamp":"2025-08-28T02:34:06.273Z"}
{"level":"info","message":"App started at port 8000","service":"auth-service","timestamp":"2025-08-28T02:34:06.273Z"}
{"level":"warn","message":"Checking for rate limit","service":"auth-service","timestamp":"2025-08-28T08:01:56.350Z"}
{"level":"info","message":"request from /api/auth/login having a method of POST","service":"auth-service","timestamp":"2025-08-28T08:01:56.421Z"}
{"level":"info","message":"user hit the login controller","service":"auth-service","timestamp":"2025-08-28T08:01:56.423Z"}
{"level":"error","message":"Attempt to login user with wrong credentials","service":"auth-service","timestamp":"2025-08-28T08:01:56.989Z"}
{"level":"warn","message":"User ip not found","service":"auth-service","timestamp":"2025-08-28T08:01:56.990Z"}
{"level":"warn","message":"Failed to obtain user ip","service":"auth-service","timestamp":"2025-08-28T08:01:57.107Z"}
{"level":"error","message":"Login error Account suspended, please check your mail to activate account.","service":"auth-service","stack":"Error: Account suspended, please check your mail to activate account.\n    at loginUserController (/Users/home/Desktop/projects/ROSCA/rusca-microservices-server/authservices/src/controllers/userControllers.ts:184:15)\n    at processTicksAndRejections (node:internal/process/task_queues:105:5)","timestamp":"2025-08-28T08:01:57.133Z"}
{"level":"info","message":"DB connection started","service":"auth-service","timestamp":"2025-08-28T08:07:21.823Z"}
{"level":"info","message":"Successfully connected to Redis","service":"auth-service","timestamp":"2025-08-28T08:07:21.840Z"}
{"level":"info","message":"Redis client is ready","service":"auth-service","timestamp":"2025-08-28T08:07:21.851Z"}
{"level":"info","message":"MongoDb  connected successfully","service":"auth-service","timestamp":"2025-08-28T08:07:22.386Z"}
{"level":"info","message":"App started at port 8000","service":"auth-service","timestamp":"2025-08-28T08:07:22.386Z"}
{"level":"info","message":"DB connection started","service":"auth-service","timestamp":"2025-08-28T08:39:26.367Z"}
{"level":"info","message":"Successfully connected to Redis","service":"auth-service","timestamp":"2025-08-28T08:39:26.388Z"}
{"level":"info","message":"Redis client is ready","service":"auth-service","timestamp":"2025-08-28T08:39:26.397Z"}
{"level":"info","message":"MongoDb  connected successfully","service":"auth-service","timestamp":"2025-08-28T08:39:27.310Z"}
{"level":"info","message":"App started at port 8000","service":"auth-service","timestamp":"2025-08-28T08:39:27.310Z"}
{"level":"info","message":"DB connection started","service":"auth-service","timestamp":"2025-08-28T08:40:20.162Z"}
{"level":"info","message":"Successfully connected to Redis","service":"auth-service","timestamp":"2025-08-28T08:40:20.177Z"}
{"level":"info","message":"Redis client is ready","service":"auth-service","timestamp":"2025-08-28T08:40:20.179Z"}
{"level":"info","message":"MongoDb  connected successfully","service":"auth-service","timestamp":"2025-08-28T08:40:20.787Z"}
{"level":"info","message":"App started at port 8000","service":"auth-service","timestamp":"2025-08-28T08:40:20.787Z"}
{"level":"info","message":"DB connection started","service":"auth-service","timestamp":"2025-08-28T08:40:37.634Z"}
{"level":"info","message":"Successfully connected to Redis","service":"auth-service","timestamp":"2025-08-28T08:40:37.645Z"}
{"level":"info","message":"Redis client is ready","service":"auth-service","timestamp":"2025-08-28T08:40:37.651Z"}
{"level":"info","message":"MongoDb  connected successfully","service":"auth-service","timestamp":"2025-08-28T08:40:38.122Z"}
{"level":"info","message":"App started at port 8000","service":"auth-service","timestamp":"2025-08-28T08:40:38.123Z"}
{"level":"info","message":"DB connection started","service":"auth-service","timestamp":"2025-08-28T08:40:47.273Z"}
{"level":"info","message":"Successfully connected to Redis","service":"auth-service","timestamp":"2025-08-28T08:40:47.286Z"}
{"level":"info","message":"Redis client is ready","service":"auth-service","timestamp":"2025-08-28T08:40:47.287Z"}
{"level":"info","message":"MongoDb  connected successfully","service":"auth-service","timestamp":"2025-08-28T08:40:47.809Z"}
{"level":"info","message":"App started at port 8000","service":"auth-service","timestamp":"2025-08-28T08:40:47.810Z"}
{"level":"info","message":"DB connection started","service":"auth-service","timestamp":"2025-08-28T08:40:53.820Z"}
{"level":"info","message":"Successfully connected to Redis","service":"auth-service","timestamp":"2025-08-28T08:40:53.831Z"}
{"level":"info","message":"Redis client is ready","service":"auth-service","timestamp":"2025-08-28T08:40:53.833Z"}
{"level":"info","message":"MongoDb  connected successfully","service":"auth-service","timestamp":"2025-08-28T08:40:54.293Z"}
{"level":"info","message":"App started at port 8000","service":"auth-service","timestamp":"2025-08-28T08:40:54.294Z"}
{"level":"info","message":"DB connection started","service":"auth-service","timestamp":"2025-08-28T08:41:01.951Z"}
{"level":"info","message":"Successfully connected to Redis","service":"auth-service","timestamp":"2025-08-28T08:41:01.965Z"}
{"level":"info","message":"Redis client is ready","service":"auth-service","timestamp":"2025-08-28T08:41:01.967Z"}
{"level":"info","message":"MongoDb  connected successfully","service":"auth-service","timestamp":"2025-08-28T08:41:02.451Z"}
{"level":"info","message":"App started at port 8000","service":"auth-service","timestamp":"2025-08-28T08:41:02.452Z"}
{"level":"info","message":"DB connection started","service":"auth-service","timestamp":"2025-08-28T08:41:11.266Z"}
{"level":"info","message":"Successfully connected to Redis","service":"auth-service","timestamp":"2025-08-28T08:41:11.276Z"}
{"level":"info","message":"Redis client is ready","service":"auth-service","timestamp":"2025-08-28T08:41:11.278Z"}
{"level":"info","message":"MongoDb  connected successfully","service":"auth-service","timestamp":"2025-08-28T08:41:11.777Z"}
{"level":"info","message":"App started at port 8000","service":"auth-service","timestamp":"2025-08-28T08:41:11.778Z"}
{"level":"info","message":"DB connection started","service":"auth-service","timestamp":"2025-08-28T08:41:41.163Z"}
{"level":"info","message":"Successfully connected to Redis","service":"auth-service","timestamp":"2025-08-28T08:41:41.181Z"}
{"level":"info","message":"Redis client is ready","service":"auth-service","timestamp":"2025-08-28T08:41:41.184Z"}
{"level":"info","message":"MongoDb  connected successfully","service":"auth-service","timestamp":"2025-08-28T08:41:41.665Z"}
{"level":"info","message":"App started at port 8000","service":"auth-service","timestamp":"2025-08-28T08:41:41.665Z"}
{"level":"info","message":"DB connection started","service":"auth-service","timestamp":"2025-08-28T08:41:52.545Z"}
{"level":"info","message":"Successfully connected to Redis","service":"auth-service","timestamp":"2025-08-28T08:41:52.557Z"}
{"level":"info","message":"Redis client is ready","service":"auth-service","timestamp":"2025-08-28T08:41:52.560Z"}
{"level":"info","message":"MongoDb  connected successfully","service":"auth-service","timestamp":"2025-08-28T08:41:56.346Z"}
{"level":"info","message":"App started at port 8000","service":"auth-service","timestamp":"2025-08-28T08:41:56.346Z"}
{"level":"info","message":"DB connection started","service":"auth-service","timestamp":"2025-08-28T08:42:00.546Z"}
{"level":"info","message":"Successfully connected to Redis","service":"auth-service","timestamp":"2025-08-28T08:42:00.560Z"}
{"level":"info","message":"Redis client is ready","service":"auth-service","timestamp":"2025-08-28T08:42:00.561Z"}
{"level":"info","message":"DB connection started","service":"auth-service","timestamp":"2025-08-28T08:42:03.327Z"}
{"level":"info","message":"Successfully connected to Redis","service":"auth-service","timestamp":"2025-08-28T08:42:03.337Z"}
{"level":"info","message":"Redis client is ready","service":"auth-service","timestamp":"2025-08-28T08:42:03.338Z"}
{"level":"info","message":"MongoDb  connected successfully","service":"auth-service","timestamp":"2025-08-28T08:42:04.719Z"}
{"level":"info","message":"App started at port 8000","service":"auth-service","timestamp":"2025-08-28T08:42:04.719Z"}
{"level":"warn","message":"Checking for rate limit","service":"auth-service","timestamp":"2025-08-28T08:43:08.898Z"}
{"level":"info","message":"request from /api/auth/logOut having a method of GET","service":"auth-service","timestamp":"2025-08-28T08:43:08.928Z"}
{"level":"warn","message":"Checking for rate limit","service":"auth-service","timestamp":"2025-08-28T08:43:15.862Z"}
{"level":"info","message":"request from /api/auth/login having a method of POST","service":"auth-service","timestamp":"2025-08-28T08:43:15.865Z"}
{"level":"info","message":"user hit the login controller","service":"auth-service","timestamp":"2025-08-28T08:43:15.866Z"}
{"level":"error","message":"Attempt to login user with wrong credentials","service":"auth-service","timestamp":"2025-08-28T08:43:15.966Z"}
{"level":"warn","message":"User ip not found","service":"auth-service","timestamp":"2025-08-28T08:43:15.967Z"}
{"level":"warn","message":"Failed to obtain user ip","service":"auth-service","timestamp":"2025-08-28T08:43:16.090Z"}
{"level":"error","message":"Login error Account suspended, please check your mail to activate account.","service":"auth-service","stack":"Error: Account suspended, please check your mail to activate account.\n    at loginUserController (/Users/home/Desktop/projects/ROSCA/rusca-microservices-server/authservices/src/controllers/userControllers.ts:184:15)\n    at processTicksAndRejections (node:internal/process/task_queues:105:5)","timestamp":"2025-08-28T08:43:16.102Z"}
{"level":"warn","message":"Checking for rate limit","service":"auth-service","timestamp":"2025-08-28T08:43:24.200Z"}
{"level":"info","message":"request from /api/auth/register having a method of POST","service":"auth-service","timestamp":"2025-08-28T08:43:24.203Z"}
{"level":"info","message":"user hit the register controller","service":"auth-service","timestamp":"2025-08-28T08:43:24.204Z"}
{"level":"warn","message":"Attempted registration with existing email","service":"auth-service","timestamp":"2025-08-28T08:43:24.249Z"}
{"level":"warn","message":"Checking for rate limit","service":"auth-service","timestamp":"2025-08-28T08:43:29.659Z"}
{"level":"info","message":"request from /api/auth/login having a method of POST","service":"auth-service","timestamp":"2025-08-28T08:43:29.661Z"}
{"level":"info","message":"user hit the login controller","service":"auth-service","timestamp":"2025-08-28T08:43:29.661Z"}
{"level":"error","message":"Attempt to login user with wrong credentials","service":"auth-service","timestamp":"2025-08-28T08:43:29.756Z"}
{"level":"warn","message":"User ip not found","service":"auth-service","timestamp":"2025-08-28T08:43:29.756Z"}
{"level":"warn","message":"Failed to obtain user ip","service":"auth-service","timestamp":"2025-08-28T08:43:29.818Z"}
{"level":"error","message":"Login error Account suspended, please check your mail to activate account.","service":"auth-service","stack":"Error: Account suspended, please check your mail to activate account.\n    at loginUserController (/Users/home/Desktop/projects/ROSCA/rusca-microservices-server/authservices/src/controllers/userControllers.ts:184:15)\n    at processTicksAndRejections (node:internal/process/task_queues:105:5)","timestamp":"2025-08-28T08:43:29.819Z"}
{"level":"info","message":"DB connection started","service":"auth-service","timestamp":"2025-08-28T08:46:29.170Z"}
{"level":"info","message":"Successfully connected to Redis","service":"auth-service","timestamp":"2025-08-28T08:46:29.179Z"}
{"level":"info","message":"Redis client is ready","service":"auth-service","timestamp":"2025-08-28T08:46:29.187Z"}
{"level":"info","message":"MongoDb  connected successfully","service":"auth-service","timestamp":"2025-08-28T08:46:29.740Z"}
{"level":"info","message":"App started at port 8000","service":"auth-service","timestamp":"2025-08-28T08:46:29.741Z"}
{"level":"info","message":"DB connection started","service":"auth-service","timestamp":"2025-08-28T08:47:23.406Z"}
{"level":"info","message":"Successfully connected to Redis","service":"auth-service","timestamp":"2025-08-28T08:47:23.418Z"}
{"level":"info","message":"Redis client is ready","service":"auth-service","timestamp":"2025-08-28T08:47:23.422Z"}
{"level":"info","message":"MongoDb  connected successfully","service":"auth-service","timestamp":"2025-08-28T08:47:23.892Z"}
{"level":"info","message":"App started at port 8000","service":"auth-service","timestamp":"2025-08-28T08:47:23.892Z"}
{"level":"info","message":"DB connection started","service":"auth-service","timestamp":"2025-08-28T08:47:27.936Z"}
{"level":"info","message":"Successfully connected to Redis","service":"auth-service","timestamp":"2025-08-28T08:47:27.945Z"}
{"level":"info","message":"Redis client is ready","service":"auth-service","timestamp":"2025-08-28T08:47:27.949Z"}
{"level":"info","message":"MongoDb  connected successfully","service":"auth-service","timestamp":"2025-08-28T08:47:28.428Z"}
{"level":"info","message":"App started at port 8000","service":"auth-service","timestamp":"2025-08-28T08:47:28.429Z"}
{"level":"info","message":"DB connection started","service":"auth-service","timestamp":"2025-08-28T08:47:33.488Z"}
{"level":"info","message":"Successfully connected to Redis","service":"auth-service","timestamp":"2025-08-28T08:47:33.511Z"}
{"level":"info","message":"Redis client is ready","service":"auth-service","timestamp":"2025-08-28T08:47:33.513Z"}
{"level":"info","message":"MongoDb  connected successfully","service":"auth-service","timestamp":"2025-08-28T08:47:33.987Z"}
{"level":"info","message":"App started at port 8000","service":"auth-service","timestamp":"2025-08-28T08:47:33.987Z"}
{"level":"info","message":"DB connection started","service":"auth-service","timestamp":"2025-08-28T08:47:41.299Z"}
{"level":"info","message":"Successfully connected to Redis","service":"auth-service","timestamp":"2025-08-28T08:47:41.310Z"}
{"level":"info","message":"Redis client is ready","service":"auth-service","timestamp":"2025-08-28T08:47:41.315Z"}
{"level":"info","message":"MongoDb  connected successfully","service":"auth-service","timestamp":"2025-08-28T08:47:42.082Z"}
{"level":"info","message":"App started at port 8000","service":"auth-service","timestamp":"2025-08-28T08:47:42.083Z"}
{"level":"info","message":"DB connection started","service":"auth-service","timestamp":"2025-08-28T08:47:44.155Z"}
{"level":"info","message":"Successfully connected to Redis","service":"auth-service","timestamp":"2025-08-28T08:47:44.163Z"}
{"level":"info","message":"Redis client is ready","service":"auth-service","timestamp":"2025-08-28T08:47:44.165Z"}
{"level":"info","message":"DB connection started","service":"auth-service","timestamp":"2025-08-28T08:47:46.699Z"}
{"level":"info","message":"Successfully connected to Redis","service":"auth-service","timestamp":"2025-08-28T08:47:46.708Z"}
{"level":"info","message":"Redis client is ready","service":"auth-service","timestamp":"2025-08-28T08:47:46.710Z"}
{"level":"info","message":"MongoDb  connected successfully","service":"auth-service","timestamp":"2025-08-28T08:47:47.261Z"}
{"level":"info","message":"App started at port 8000","service":"auth-service","timestamp":"2025-08-28T08:47:47.261Z"}
{"level":"warn","message":"Checking for rate limit","service":"auth-service","timestamp":"2025-08-28T08:48:03.387Z"}
{"level":"info","message":"request from /api/auth/login having a method of POST","service":"auth-service","timestamp":"2025-08-28T08:48:03.393Z"}
{"level":"info","message":"user hit the login controller","service":"auth-service","timestamp":"2025-08-28T08:48:03.393Z"}
{"level":"info","message":"attempt to create an email verification token","service":"auth-service","timestamp":"2025-08-28T08:48:03.494Z"}
{"level":"info","message":"DB connection started","service":"auth-service","timestamp":"2025-08-28T08:48:30.891Z"}
{"level":"info","message":"Successfully connected to Redis","service":"auth-service","timestamp":"2025-08-28T08:48:30.908Z"}
{"level":"info","message":"Redis client is ready","service":"auth-service","timestamp":"2025-08-28T08:48:30.910Z"}
{"level":"info","message":"DB connection started","service":"auth-service","timestamp":"2025-08-28T08:48:33.939Z"}
{"level":"info","message":"Successfully connected to Redis","service":"auth-service","timestamp":"2025-08-28T08:48:33.948Z"}
{"level":"info","message":"Redis client is ready","service":"auth-service","timestamp":"2025-08-28T08:48:33.949Z"}
{"level":"info","message":"MongoDb  connected successfully","service":"auth-service","timestamp":"2025-08-28T08:48:34.476Z"}
{"level":"info","message":"App started at port 8000","service":"auth-service","timestamp":"2025-08-28T08:48:34.476Z"}
{"level":"info","message":"DB connection started","service":"auth-service","timestamp":"2025-08-28T09:13:44.539Z"}
{"level":"info","message":"Successfully connected to Redis","service":"auth-service","timestamp":"2025-08-28T09:13:44.555Z"}
{"level":"info","message":"Redis client is ready","service":"auth-service","timestamp":"2025-08-28T09:13:44.569Z"}
{"level":"info","message":"MongoDb  connected successfully","service":"auth-service","timestamp":"2025-08-28T09:13:45.162Z"}
{"level":"info","message":"App started at port 8000","service":"auth-service","timestamp":"2025-08-28T09:13:45.162Z"}
{"level":"info","message":"DB connection started","service":"auth-service","timestamp":"2025-08-28T09:14:09.017Z"}
{"level":"info","message":"Successfully connected to Redis","service":"auth-service","timestamp":"2025-08-28T09:14:09.030Z"}
{"level":"info","message":"Redis client is ready","service":"auth-service","timestamp":"2025-08-28T09:14:09.033Z"}
{"level":"info","message":"DB connection started","service":"auth-service","timestamp":"2025-08-28T09:14:14.686Z"}
{"level":"info","message":"Successfully connected to Redis","service":"auth-service","timestamp":"2025-08-28T09:14:14.696Z"}
{"level":"info","message":"Redis client is ready","service":"auth-service","timestamp":"2025-08-28T09:14:14.697Z"}
{"level":"info","message":"MongoDb  connected successfully","service":"auth-service","timestamp":"2025-08-28T09:14:15.844Z"}
{"level":"info","message":"App started at port 8000","service":"auth-service","timestamp":"2025-08-28T09:14:15.845Z"}
{"level":"info","message":"DB connection started","service":"auth-service","timestamp":"2025-08-28T09:14:22.246Z"}
{"level":"info","message":"Successfully connected to Redis","service":"auth-service","timestamp":"2025-08-28T09:14:22.257Z"}
{"level":"info","message":"Redis client is ready","service":"auth-service","timestamp":"2025-08-28T09:14:22.265Z"}
{"level":"info","message":"MongoDb  connected successfully","service":"auth-service","timestamp":"2025-08-28T09:14:25.037Z"}
{"level":"info","message":"App started at port 8000","service":"auth-service","timestamp":"2025-08-28T09:14:25.037Z"}
{"level":"info","message":"DB connection started","service":"auth-service","timestamp":"2025-08-28T09:14:34.054Z"}
{"level":"info","message":"Successfully connected to Redis","service":"auth-service","timestamp":"2025-08-28T09:14:34.063Z"}
{"level":"info","message":"Redis client is ready","service":"auth-service","timestamp":"2025-08-28T09:14:34.066Z"}
{"level":"info","message":"MongoDb  connected successfully","service":"auth-service","timestamp":"2025-08-28T09:14:35.186Z"}
{"level":"info","message":"App started at port 8000","service":"auth-service","timestamp":"2025-08-28T09:14:35.186Z"}
{"level":"info","message":"DB connection started","service":"auth-service","timestamp":"2025-08-28T09:14:38.594Z"}
{"level":"info","message":"Successfully connected to Redis","service":"auth-service","timestamp":"2025-08-28T09:14:38.612Z"}
{"level":"info","message":"Redis client is ready","service":"auth-service","timestamp":"2025-08-28T09:14:38.613Z"}
{"level":"info","message":"MongoDb  connected successfully","service":"auth-service","timestamp":"2025-08-28T09:14:39.290Z"}
{"level":"info","message":"App started at port 8000","service":"auth-service","timestamp":"2025-08-28T09:14:39.290Z"}
{"level":"info","message":"DB connection started","service":"auth-service","timestamp":"2025-08-28T10:50:41.685Z"}
{"level":"info","message":"Successfully connected to Redis","service":"auth-service","timestamp":"2025-08-28T10:50:41.704Z"}
{"code":"ECONNREFUSED","hostname":"_mongodb._tcp.cluster0.dwmp0ze.mongodb.net","level":"error","message":"DB error: querySrv ECONNREFUSED _mongodb._tcp.cluster0.dwmp0ze.mongodb.net","service":"auth-service","stack":"Error: querySrv ECONNREFUSED _mongodb._tcp.cluster0.dwmp0ze.mongodb.net\n    at QueryReqWrap.onresolve [as oncomplete] (node:internal/dns/promises:294:17)","syscall":"querySrv","timestamp":"2025-08-28T10:50:41.705Z"}
{"level":"info","message":"App started at port 8000","service":"auth-service","timestamp":"2025-08-28T10:50:41.706Z"}
{"level":"info","message":"Redis client is ready","service":"auth-service","timestamp":"2025-08-28T10:50:41.724Z"}
{"level":"info","message":"DB connection started","service":"auth-service","timestamp":"2025-08-28T10:53:13.234Z"}
{"level":"info","message":"Successfully connected to Redis","service":"auth-service","timestamp":"2025-08-28T10:53:13.245Z"}
{"code":"ECONNREFUSED","hostname":"_mongodb._tcp.cluster0.dwmp0ze.mongodb.net","level":"error","message":"DB error: querySrv ECONNREFUSED _mongodb._tcp.cluster0.dwmp0ze.mongodb.net","service":"auth-service","stack":"Error: querySrv ECONNREFUSED _mongodb._tcp.cluster0.dwmp0ze.mongodb.net\n    at QueryReqWrap.onresolve [as oncomplete] (node:internal/dns/promises:294:17)","syscall":"querySrv","timestamp":"2025-08-28T10:53:13.246Z"}
{"level":"info","message":"App started at port 8000","service":"auth-service","timestamp":"2025-08-28T10:53:13.246Z"}
{"level":"info","message":"Redis client is ready","service":"auth-service","timestamp":"2025-08-28T10:53:13.251Z"}
{"level":"info","message":"DB connection started","service":"auth-service","timestamp":"2025-08-28T10:54:19.168Z"}
{"level":"info","message":"Successfully connected to Redis","service":"auth-service","timestamp":"2025-08-28T10:54:19.183Z"}
{"code":"ECONNREFUSED","hostname":"_mongodb._tcp.cluster0.dwmp0ze.mongodb.net","level":"error","message":"DB error: querySrv ECONNREFUSED _mongodb._tcp.cluster0.dwmp0ze.mongodb.net","service":"auth-service","stack":"Error: querySrv ECONNREFUSED _mongodb._tcp.cluster0.dwmp0ze.mongodb.net\n    at QueryReqWrap.onresolve [as oncomplete] (node:internal/dns/promises:294:17)","syscall":"querySrv","timestamp":"2025-08-28T10:54:19.184Z"}
{"level":"info","message":"App started at port 8000","service":"auth-service","timestamp":"2025-08-28T10:54:19.185Z"}
{"level":"info","message":"Redis client is ready","service":"auth-service","timestamp":"2025-08-28T10:54:19.187Z"}
{"level":"info","message":"DB connection started","service":"auth-service","timestamp":"2025-08-28T10:54:29.119Z"}
{"level":"info","message":"Successfully connected to Redis","service":"auth-service","timestamp":"2025-08-28T10:54:29.135Z"}
{"code":"ECONNREFUSED","hostname":"_mongodb._tcp.cluster0.dwmp0ze.mongodb.net","level":"error","message":"DB error: querySrv ECONNREFUSED _mongodb._tcp.cluster0.dwmp0ze.mongodb.net","service":"auth-service","stack":"Error: querySrv ECONNREFUSED _mongodb._tcp.cluster0.dwmp0ze.mongodb.net\n    at QueryReqWrap.onresolve [as oncomplete] (node:internal/dns/promises:294:17)","syscall":"querySrv","timestamp":"2025-08-28T10:54:29.137Z"}
{"level":"info","message":"App started at port 8000","service":"auth-service","timestamp":"2025-08-28T10:54:29.137Z"}
{"level":"info","message":"Redis client is ready","service":"auth-service","timestamp":"2025-08-28T10:54:29.139Z"}
{"level":"info","message":"DB connection started","service":"auth-service","timestamp":"2025-08-28T10:54:39.412Z"}
{"level":"info","message":"Successfully connected to Redis","service":"auth-service","timestamp":"2025-08-28T10:54:39.425Z"}
{"code":"ECONNREFUSED","hostname":"_mongodb._tcp.cluster0.dwmp0ze.mongodb.net","level":"error","message":"DB error: querySrv ECONNREFUSED _mongodb._tcp.cluster0.dwmp0ze.mongodb.net","service":"auth-service","stack":"Error: querySrv ECONNREFUSED _mongodb._tcp.cluster0.dwmp0ze.mongodb.net\n    at QueryReqWrap.onresolve [as oncomplete] (node:internal/dns/promises:294:17)","syscall":"querySrv","timestamp":"2025-08-28T10:54:39.427Z"}
{"level":"info","message":"App started at port 8000","service":"auth-service","timestamp":"2025-08-28T10:54:39.427Z"}
{"level":"info","message":"Redis client is ready","service":"auth-service","timestamp":"2025-08-28T10:54:39.429Z"}
{"level":"info","message":"DB connection started","service":"auth-service","timestamp":"2025-08-28T10:54:49.083Z"}
{"level":"info","message":"Successfully connected to Redis","service":"auth-service","timestamp":"2025-08-28T10:54:49.095Z"}
{"code":"ECONNREFUSED","hostname":"_mongodb._tcp.cluster0.dwmp0ze.mongodb.net","level":"error","message":"DB error: querySrv ECONNREFUSED _mongodb._tcp.cluster0.dwmp0ze.mongodb.net","service":"auth-service","stack":"Error: querySrv ECONNREFUSED _mongodb._tcp.cluster0.dwmp0ze.mongodb.net\n    at QueryReqWrap.onresolve [as oncomplete] (node:internal/dns/promises:294:17)","syscall":"querySrv","timestamp":"2025-08-28T10:54:49.096Z"}
{"level":"info","message":"App started at port 8000","service":"auth-service","timestamp":"2025-08-28T10:54:49.097Z"}
{"level":"info","message":"Redis client is ready","service":"auth-service","timestamp":"2025-08-28T10:54:49.098Z"}
{"level":"info","message":"DB connection started","service":"auth-service","timestamp":"2025-08-28T10:55:11.556Z"}
{"level":"info","message":"Successfully connected to Redis","service":"auth-service","timestamp":"2025-08-28T10:55:11.567Z"}
{"level":"info","message":"Redis client is ready","service":"auth-service","timestamp":"2025-08-28T10:55:11.568Z"}
{"code":"ECONNREFUSED","hostname":"_mongodb._tcp.cluster0.dwmp0ze.mongodb.net","level":"error","message":"DB error: querySrv ECONNREFUSED _mongodb._tcp.cluster0.dwmp0ze.mongodb.net","service":"auth-service","stack":"Error: querySrv ECONNREFUSED _mongodb._tcp.cluster0.dwmp0ze.mongodb.net\n    at QueryReqWrap.onresolve [as oncomplete] (node:internal/dns/promises:294:17)","syscall":"querySrv","timestamp":"2025-08-28T10:55:11.569Z"}
{"level":"info","message":"App started at port 8000","service":"auth-service","timestamp":"2025-08-28T10:55:11.569Z"}
{"level":"info","message":"DB connection started","service":"auth-service","timestamp":"2025-08-28T10:55:59.192Z"}
{"level":"info","message":"Successfully connected to Redis","service":"auth-service","timestamp":"2025-08-28T10:55:59.231Z"}
{"level":"info","message":"Redis client is ready","service":"auth-service","timestamp":"2025-08-28T10:55:59.237Z"}
{"code":"ECONNREFUSED","hostname":"_mongodb._tcp.cluster0.dwmp0ze.mongodb.net","level":"error","message":"DB error: querySrv ECONNREFUSED _mongodb._tcp.cluster0.dwmp0ze.mongodb.net","service":"auth-service","stack":"Error: querySrv ECONNREFUSED _mongodb._tcp.cluster0.dwmp0ze.mongodb.net\n    at QueryReqWrap.onresolve [as oncomplete] (node:internal/dns/promises:294:17)","syscall":"querySrv","timestamp":"2025-08-28T10:55:59.239Z"}
{"level":"info","message":"App started at port 8000","service":"auth-service","timestamp":"2025-08-28T10:55:59.240Z"}
{"level":"info","message":"DB connection started","service":"auth-service","timestamp":"2025-08-28T10:59:33.685Z"}
{"level":"info","message":"Successfully connected to Redis","service":"auth-service","timestamp":"2025-08-28T10:59:33.728Z"}
{"level":"info","message":"Redis client is ready","service":"auth-service","timestamp":"2025-08-28T10:59:33.786Z"}
{"cause":{"commonWireVersion":0,"compatible":true,"heartbeatFrequencyMS":10000,"localThresholdMS":15,"logicalSessionTimeoutMinutes":null,"maxElectionId":null,"maxSetVersion":null,"servers":{"ac-7z1lwkg-shard-00-00.dwmp0ze.mongodb.net:27017":{"$clusterTime":null,"address":"ac-7z1lwkg-shard-00-00.dwmp0ze.mongodb.net:27017","arbiters":[],"electionId":null,"error":null,"hosts":[],"iscryptd":false,"lastUpdateTime":4842153652,"lastWriteDate":0,"logicalSessionTimeoutMinutes":null,"maxBsonObjectSize":null,"maxMessageSizeBytes":null,"maxWireVersion":0,"maxWriteBatchSize":null,"me":null,"minRoundTripTime":0,"minWireVersion":0,"passives":[],"primary":null,"roundTripTime":-1,"setName":null,"setVersion":null,"tags":{},"topologyVersion":null,"type":"Unknown"},"ac-7z1lwkg-shard-00-01.dwmp0ze.mongodb.net:27017":{"$clusterTime":null,"address":"ac-7z1lwkg-shard-00-01.dwmp0ze.mongodb.net:27017","arbiters":[],"electionId":null,"error":null,"hosts":[],"iscryptd":false,"lastUpdateTime":4842153652,"lastWriteDate":0,"logicalSessionTimeoutMinutes":null,"maxBsonObjectSize":null,"maxMessageSizeBytes":null,"maxWireVersion":0,"maxWriteBatchSize":null,"me":null,"minRoundTripTime":0,"minWireVersion":0,"passives":[],"primary":null,"roundTripTime":-1,"setName":null,"setVersion":null,"tags":{},"topologyVersion":null,"type":"Unknown"},"ac-7z1lwkg-shard-00-02.dwmp0ze.mongodb.net:27017":{"$clusterTime":null,"address":"ac-7z1lwkg-shard-00-02.dwmp0ze.mongodb.net:27017","arbiters":[],"electionId":null,"error":null,"hosts":[],"iscryptd":false,"lastUpdateTime":4842153652,"lastWriteDate":0,"logicalSessionTimeoutMinutes":null,"maxBsonObjectSize":null,"maxMessageSizeBytes":null,"maxWireVersion":0,"maxWriteBatchSize":null,"me":null,"minRoundTripTime":0,"minWireVersion":0,"passives":[],"primary":null,"roundTripTime":-1,"setName":null,"setVersion":null,"tags":{},"topologyVersion":null,"type":"Unknown"}},"setName":"atlas-wehi29-shard-0","stale":false,"type":"ReplicaSetNoPrimary"},"errorLabelSet":{},"level":"error","message":"Could not connect to any servers in your MongoDB Atlas cluster. One common reason is that you're trying to access the database from an IP that isn't whitelisted. Make sure your current IP address is on your Atlas cluster's IP whitelist: https://www.mongodb.com/docs/atlas/security-whitelist/","reason":{"commonWireVersion":0,"compatible":true,"heartbeatFrequencyMS":10000,"localThresholdMS":15,"logicalSessionTimeoutMinutes":null,"maxElectionId":null,"maxSetVersion":null,"servers":{"ac-7z1lwkg-shard-00-00.dwmp0ze.mongodb.net:27017":{"$clusterTime":null,"address":"ac-7z1lwkg-shard-00-00.dwmp0ze.mongodb.net:27017","arbiters":[],"electionId":null,"error":null,"hosts":[],"iscryptd":false,"lastUpdateTime":4842153652,"lastWriteDate":0,"logicalSessionTimeoutMinutes":null,"maxBsonObjectSize":null,"maxMessageSizeBytes":null,"maxWireVersion":0,"maxWriteBatchSize":null,"me":null,"minRoundTripTime":0,"minWireVersion":0,"passives":[],"primary":null,"roundTripTime":-1,"setName":null,"setVersion":null,"tags":{},"topologyVersion":null,"type":"Unknown"},"ac-7z1lwkg-shard-00-01.dwmp0ze.mongodb.net:27017":{"$clusterTime":null,"address":"ac-7z1lwkg-shard-00-01.dwmp0ze.mongodb.net:27017","arbiters":[],"electionId":null,"error":null,"hosts":[],"iscryptd":false,"lastUpdateTime":4842153652,"lastWriteDate":0,"logicalSessionTimeoutMinutes":null,"maxBsonObjectSize":null,"maxMessageSizeBytes":null,"maxWireVersion":0,"maxWriteBatchSize":null,"me":null,"minRoundTripTime":0,"minWireVersion":0,"passives":[],"primary":null,"roundTripTime":-1,"setName":null,"setVersion":null,"tags":{},"topologyVersion":null,"type":"Unknown"},"ac-7z1lwkg-shard-00-02.dwmp0ze.mongodb.net:27017":{"$clusterTime":null,"address":"ac-7z1lwkg-shard-00-02.dwmp0ze.mongodb.net:27017","arbiters":[],"electionId":null,"error":null,"hosts":[],"iscryptd":false,"lastUpdateTime":4842153652,"lastWriteDate":0,"logicalSessionTimeoutMinutes":null,"maxBsonObjectSize":null,"maxMessageSizeBytes":null,"maxWireVersion":0,"maxWriteBatchSize":null,"me":null,"minRoundTripTime":0,"minWireVersion":0,"passives":[],"primary":null,"roundTripTime":-1,"setName":null,"setVersion":null,"tags":{},"topologyVersion":null,"type":"Unknown"}},"setName":"atlas-wehi29-shard-0","stale":false,"type":"ReplicaSetNoPrimary"},"service":"auth-service","stack":"MongooseServerSelectionError: Could not connect to any servers in your MongoDB Atlas cluster. One common reason is that you're trying to access the database from an IP that isn't whitelisted. Make sure your current IP address is on your Atlas cluster's IP whitelist: https://www.mongodb.com/docs/atlas/security-whitelist/\n    at _handleConnectionErrors (/Users/home/Desktop/projects/ROSCA/rusca-microservices-server/authservices/node_modules/mongoose/lib/connection.js:1165:11)\n    at NativeConnection.openUri (/Users/home/Desktop/projects/ROSCA/rusca-microservices-server/authservices/node_modules/mongoose/lib/connection.js:1096:11)\n    at async dbConnectFunc (/Users/home/Desktop/projects/ROSCA/rusca-microservices-server/authservices/src/confiq/dbConnect.ts:14:21)\n    at async Server.<anonymous> (/Users/home/Desktop/projects/ROSCA/rusca-microservices-server/authservices/src/server.ts:107:21)","timestamp":"2025-08-28T11:00:04.371Z"}
{"level":"info","message":"App started at port 8000","service":"auth-service","timestamp":"2025-08-28T11:00:04.380Z"}
{"level":"warn","message":"Checking for rate limit","service":"auth-service","timestamp":"2025-08-28T11:01:49.813Z"}
{"level":"info","message":"request from /api/auth/login having a method of POST","service":"auth-service","timestamp":"2025-08-28T11:01:49.854Z"}
{"level":"info","message":"user hit the login controller","service":"auth-service","timestamp":"2025-08-28T11:01:49.855Z"}
{"level":"error","message":"Login error Operation `users.findOne()` buffering timed out after 10000ms","service":"auth-service","stack":"MongooseError: Operation `users.findOne()` buffering timed out after 10000ms\n    at Timeout.<anonymous> (/Users/home/Desktop/projects/ROSCA/rusca-microservices-server/authservices/node_modules/mongoose/lib/drivers/node-mongodb-native/collection.js:187:23)\n    at listOnTimeout (node:internal/timers:608:17)\n    at processTimers (node:internal/timers:543:7)","timestamp":"2025-08-28T11:01:59.889Z"}
{"level":"warn","message":"Checking for rate limit","service":"auth-service","timestamp":"2025-08-28T11:02:11.541Z"}
{"level":"info","message":"request from /api/auth/login having a method of POST","service":"auth-service","timestamp":"2025-08-28T11:02:11.545Z"}
{"level":"info","message":"user hit the login controller","service":"auth-service","timestamp":"2025-08-28T11:02:11.545Z"}
{"level":"error","message":"Login error Operation `users.findOne()` buffering timed out after 10000ms","service":"auth-service","stack":"MongooseError: Operation `users.findOne()` buffering timed out after 10000ms\n    at Timeout.<anonymous> (/Users/home/Desktop/projects/ROSCA/rusca-microservices-server/authservices/node_modules/mongoose/lib/drivers/node-mongodb-native/collection.js:187:23)\n    at listOnTimeout (node:internal/timers:608:17)\n    at processTimers (node:internal/timers:543:7)","timestamp":"2025-08-28T11:02:21.551Z"}
{"level":"warn","message":"Checking for rate limit","service":"auth-service","timestamp":"2025-08-28T11:02:26.767Z"}
{"level":"info","message":"request from /api/auth/login having a method of POST","service":"auth-service","timestamp":"2025-08-28T11:02:26.783Z"}
{"level":"info","message":"user hit the login controller","service":"auth-service","timestamp":"2025-08-28T11:02:26.785Z"}
{"level":"error","message":"Login error Operation `users.findOne()` buffering timed out after 10000ms","service":"auth-service","stack":"MongooseError: Operation `users.findOne()` buffering timed out after 10000ms\n    at Timeout.<anonymous> (/Users/home/Desktop/projects/ROSCA/rusca-microservices-server/authservices/node_modules/mongoose/lib/drivers/node-mongodb-native/collection.js:187:23)\n    at listOnTimeout (node:internal/timers:608:17)\n    at processTimers (node:internal/timers:543:7)","timestamp":"2025-08-28T11:02:36.790Z"}
{"level":"warn","message":"Checking for rate limit","service":"auth-service","timestamp":"2025-08-28T14:41:50.430Z"}
{"level":"info","message":"request from /api/auth/login having a method of POST","service":"auth-service","timestamp":"2025-08-28T14:41:50.870Z"}
{"level":"info","message":"user hit the login controller","service":"auth-service","timestamp":"2025-08-28T14:41:50.874Z"}
{"level":"error","message":"Login error Operation `users.findOne()` buffering timed out after 10000ms","service":"auth-service","stack":"MongooseError: Operation `users.findOne()` buffering timed out after 10000ms\n    at Timeout.<anonymous> (/Users/home/Desktop/projects/ROSCA/rusca-microservices-server/authservices/node_modules/mongoose/lib/drivers/node-mongodb-native/collection.js:187:23)\n    at listOnTimeout (node:internal/timers:608:17)\n    at processTimers (node:internal/timers:543:7)","timestamp":"2025-08-28T14:42:00.985Z"}
{"level":"info","message":"DB connection started","service":"auth-service","timestamp":"2025-08-28T14:42:05.242Z"}
{"level":"info","message":"Successfully connected to Redis","service":"auth-service","timestamp":"2025-08-28T14:42:05.261Z"}
{"level":"info","message":"Redis client is ready","service":"auth-service","timestamp":"2025-08-28T14:42:05.269Z"}
{"code":"ETIMEOUT","hostname":"cluster0.dwmp0ze.mongodb.net","level":"error","message":"DB error: queryTxt ETIMEOUT cluster0.dwmp0ze.mongodb.net","service":"auth-service","stack":"Error: queryTxt ETIMEOUT cluster0.dwmp0ze.mongodb.net\n    at QueryReqWrap.onresolve [as oncomplete] (node:internal/dns/promises:294:17)","syscall":"queryTxt","timestamp":"2025-08-28T14:42:53.356Z"}
{"level":"info","message":"App started at port 8000","service":"auth-service","timestamp":"2025-08-28T14:42:53.361Z"}
{"level":"info","message":"DB connection started","service":"auth-service","timestamp":"2025-08-28T14:47:05.384Z"}
{"level":"info","message":"Successfully connected to Redis","service":"auth-service","timestamp":"2025-08-28T14:47:05.396Z"}
{"level":"info","message":"Redis client is ready","service":"auth-service","timestamp":"2025-08-28T14:47:05.407Z"}
{"code":"ETIMEOUT","hostname":"cluster0.dwmp0ze.mongodb.net","level":"error","message":"DB error: queryTxt ETIMEOUT cluster0.dwmp0ze.mongodb.net","service":"auth-service","stack":"Error: queryTxt ETIMEOUT cluster0.dwmp0ze.mongodb.net\n    at QueryReqWrap.onresolve [as oncomplete] (node:internal/dns/promises:294:17)","syscall":"queryTxt","timestamp":"2025-08-28T14:47:59.504Z"}
{"level":"info","message":"App started at port 8000","service":"auth-service","timestamp":"2025-08-28T14:47:59.505Z"}
{"level":"info","message":"DB connection started","service":"auth-service","timestamp":"2025-08-28T14:49:43.810Z"}
{"level":"info","message":"Successfully connected to Redis","service":"auth-service","timestamp":"2025-08-28T14:49:43.829Z"}
{"level":"info","message":"Redis client is ready","service":"auth-service","timestamp":"2025-08-28T14:49:43.845Z"}
{"code":"ETIMEOUT","hostname":"cluster0.br1camr.mongodb.net","level":"error","message":"DB error: queryTxt ETIMEOUT cluster0.br1camr.mongodb.net","service":"auth-service","stack":"Error: queryTxt ETIMEOUT cluster0.br1camr.mongodb.net\n    at QueryReqWrap.onresolve [as oncomplete] (node:internal/dns/promises:294:17)","syscall":"queryTxt","timestamp":"2025-08-28T14:50:35.939Z"}
{"level":"info","message":"App started at port 8000","service":"auth-service","timestamp":"2025-08-28T14:50:35.943Z"}
{"level":"info","message":"DB connection started","service":"auth-service","timestamp":"2025-08-28T14:52:43.600Z"}
{"level":"info","message":"Successfully connected to Redis","service":"auth-service","timestamp":"2025-08-28T14:52:43.609Z"}
{"level":"info","message":"Redis client is ready","service":"auth-service","timestamp":"2025-08-28T14:52:43.612Z"}
{"code":"ETIMEOUT","hostname":"cluster0.br1camr.mongodb.net","level":"error","message":"DB error: queryTxt ETIMEOUT cluster0.br1camr.mongodb.net","service":"auth-service","stack":"Error: queryTxt ETIMEOUT cluster0.br1camr.mongodb.net\n    at QueryReqWrap.onresolve [as oncomplete] (node:internal/dns/promises:294:17)","syscall":"queryTxt","timestamp":"2025-08-28T14:53:33.844Z"}
{"level":"info","message":"App started at port 8000","service":"auth-service","timestamp":"2025-08-28T14:53:33.848Z"}
{"level":"info","message":"DB connection started","service":"auth-service","timestamp":"2025-08-28T14:54:49.272Z"}
{"level":"info","message":"Successfully connected to Redis","service":"auth-service","timestamp":"2025-08-28T14:54:49.284Z"}
{"level":"info","message":"Redis client is ready","service":"auth-service","timestamp":"2025-08-28T14:54:49.287Z"}
{"code":"ETIMEOUT","hostname":"cluster0.br1camr.mongodb.net","level":"error","message":"DB error: queryTxt ETIMEOUT cluster0.br1camr.mongodb.net","service":"auth-service","stack":"Error: queryTxt ETIMEOUT cluster0.br1camr.mongodb.net\n    at QueryReqWrap.onresolve [as oncomplete] (node:internal/dns/promises:294:17)","syscall":"queryTxt","timestamp":"2025-08-28T14:55:37.394Z"}
{"level":"info","message":"App started at port 8000","service":"auth-service","timestamp":"2025-08-28T14:55:37.401Z"}
{"level":"info","message":"DB connection started","service":"auth-service","timestamp":"2025-08-28T14:57:21.390Z"}
{"level":"info","message":"Successfully connected to Redis","service":"auth-service","timestamp":"2025-08-28T14:57:21.404Z"}
{"level":"info","message":"Redis client is ready","service":"auth-service","timestamp":"2025-08-28T14:57:21.409Z"}
{"code":"ETIMEOUT","hostname":"cluster0.vfgp0mr.mongodb.net","level":"error","message":"DB error: queryTxt ETIMEOUT cluster0.vfgp0mr.mongodb.net","service":"auth-service","stack":"Error: queryTxt ETIMEOUT cluster0.vfgp0mr.mongodb.net\n    at QueryReqWrap.onresolve [as oncomplete] (node:internal/dns/promises:294:17)","syscall":"queryTxt","timestamp":"2025-08-28T14:58:10.721Z"}
{"level":"info","message":"App started at port 8000","service":"auth-service","timestamp":"2025-08-28T14:58:10.738Z"}
{"level":"info","message":"DB connection started","service":"auth-service","timestamp":"2025-08-28T14:58:31.691Z"}
{"level":"info","message":"Successfully connected to Redis","service":"auth-service","timestamp":"2025-08-28T14:58:31.703Z"}
{"level":"info","message":"Redis client is ready","service":"auth-service","timestamp":"2025-08-28T14:58:31.706Z"}
{"code":"ETIMEOUT","hostname":"cluster0.vfgp0mr.mongodb.net","level":"error","message":"DB error: queryTxt ETIMEOUT cluster0.vfgp0mr.mongodb.net","service":"auth-service","stack":"Error: queryTxt ETIMEOUT cluster0.vfgp0mr.mongodb.net\n    at QueryReqWrap.onresolve [as oncomplete] (node:internal/dns/promises:294:17)","syscall":"queryTxt","timestamp":"2025-08-28T14:59:28.856Z"}
{"level":"info","message":"App started at port 8000","service":"auth-service","timestamp":"2025-08-28T14:59:28.871Z"}
{"level":"info","message":"DB connection started","service":"auth-service","timestamp":"2025-08-28T21:02:48.243Z"}
{"level":"info","message":"Successfully connected to Redis","service":"auth-service","timestamp":"2025-08-28T21:02:48.261Z"}
{"level":"info","message":"Redis client is ready","service":"auth-service","timestamp":"2025-08-28T21:02:48.281Z"}
{"level":"info","message":"MongoDb  connected successfully","service":"auth-service","timestamp":"2025-08-28T21:02:48.826Z"}
{"level":"info","message":"App started at port 8000","service":"auth-service","timestamp":"2025-08-28T21:02:48.827Z"}
{"level":"warn","message":"Checking for rate limit","service":"auth-service","timestamp":"2025-08-28T21:03:11.476Z"}
{"level":"info","message":"request from /api/auth/login having a method of POST","service":"auth-service","timestamp":"2025-08-28T21:03:11.664Z"}
{"level":"info","message":"user hit the login controller","service":"auth-service","timestamp":"2025-08-28T21:03:11.665Z"}
{"level":"warn","message":"Attempted login with invalid email","service":"auth-service","timestamp":"2025-08-28T21:03:11.718Z"}
{"level":"warn","message":"Checking for rate limit","service":"auth-service","timestamp":"2025-08-28T21:05:04.630Z"}
{"level":"info","message":"request from /api/auth/login having a method of POST","service":"auth-service","timestamp":"2025-08-28T21:05:04.638Z"}
{"level":"info","message":"user hit the login controller","service":"auth-service","timestamp":"2025-08-28T21:05:04.638Z"}
{"level":"warn","message":"Attempted login with invalid email","service":"auth-service","timestamp":"2025-08-28T21:05:04.678Z"}
{"level":"warn","message":"Checking for rate limit","service":"auth-service","timestamp":"2025-08-28T21:05:27.757Z"}
{"level":"info","message":"request from /api/auth/login having a method of POST","service":"auth-service","timestamp":"2025-08-28T21:05:27.760Z"}
{"level":"info","message":"user hit the login controller","service":"auth-service","timestamp":"2025-08-28T21:05:27.760Z"}
{"level":"warn","message":"Attempted login with invalid email","service":"auth-service","timestamp":"2025-08-28T21:05:27.805Z"}
{"level":"warn","message":"Checking for rate limit","service":"auth-service","timestamp":"2025-08-28T21:06:57.957Z"}
{"level":"info","message":"request from /api/auth/register having a method of POST","service":"auth-service","timestamp":"2025-08-28T21:06:57.960Z"}
{"level":"info","message":"user hit the register controller","service":"auth-service","timestamp":"2025-08-28T21:06:57.962Z"}
{"level":"info","message":"user created","service":"auth-service","timestamp":"2025-08-28T21:06:58.121Z"}
{"level":"warn","message":"Checking for rate limit","service":"auth-service","timestamp":"2025-08-28T21:07:17.743Z"}
{"level":"info","message":"request from /api/auth/login having a method of POST","service":"auth-service","timestamp":"2025-08-28T21:07:17.745Z"}
{"level":"info","message":"user hit the login controller","service":"auth-service","timestamp":"2025-08-28T21:07:17.745Z"}
{"level":"error","message":"Attempt to login user with wrong credentials","service":"auth-service","timestamp":"2025-08-28T21:07:17.844Z"}
{"level":"warn","message":"Checking for rate limit","service":"auth-service","timestamp":"2025-08-28T21:07:29.804Z"}
{"level":"info","message":"request from /api/auth/login having a method of POST","service":"auth-service","timestamp":"2025-08-28T21:07:29.808Z"}
{"level":"info","message":"user hit the login controller","service":"auth-service","timestamp":"2025-08-28T21:07:29.808Z"}
{"level":"error","message":"Attempt to login user with wrong credentials","service":"auth-service","timestamp":"2025-08-28T21:07:29.897Z"}
{"level":"warn","message":"Checking for rate limit","service":"auth-service","timestamp":"2025-08-28T21:07:39.276Z"}
{"level":"info","message":"request from /api/auth/login having a method of POST","service":"auth-service","timestamp":"2025-08-28T21:07:39.280Z"}
{"level":"info","message":"user hit the login controller","service":"auth-service","timestamp":"2025-08-28T21:07:39.280Z"}
{"level":"error","message":"Attempt to login user with wrong credentials","service":"auth-service","timestamp":"2025-08-28T21:07:39.375Z"}
{"level":"warn","message":"User ip not found","service":"auth-service","timestamp":"2025-08-28T21:07:39.408Z"}
{"level":"warn","message":"Failed to obtain user ip","service":"auth-service","timestamp":"2025-08-28T21:07:39.503Z"}
{"level":"warn","message":"Checking for rate limit","service":"auth-service","timestamp":"2025-08-28T21:08:19.149Z"}
{"level":"info","message":"request from /api/v1/user/account/suspended/activate/68b0c4f2985f1c27a91c8a50 having a method of GET","service":"auth-service","timestamp":"2025-08-28T21:08:19.180Z"}
{"level":"info","message":"DB connection started","service":"auth-service","timestamp":"2025-08-28T21:10:41.449Z"}
{"level":"info","message":"Successfully connected to Redis","service":"auth-service","timestamp":"2025-08-28T21:10:41.462Z"}
{"level":"info","message":"Redis client is ready","service":"auth-service","timestamp":"2025-08-28T21:10:41.469Z"}
{"level":"info","message":"MongoDb  connected successfully","service":"auth-service","timestamp":"2025-08-28T21:10:42.173Z"}
{"level":"info","message":"App started at port 8000","service":"auth-service","timestamp":"2025-08-28T21:10:42.173Z"}
{"level":"info","message":"DB connection started","service":"auth-service","timestamp":"2025-08-28T21:12:39.955Z"}
{"level":"info","message":"Successfully connected to Redis","service":"auth-service","timestamp":"2025-08-28T21:12:39.968Z"}
{"level":"info","message":"Redis client is ready","service":"auth-service","timestamp":"2025-08-28T21:12:39.970Z"}
{"level":"info","message":"MongoDb  connected successfully","service":"auth-service","timestamp":"2025-08-28T21:12:40.577Z"}
{"level":"info","message":"App started at port 8000","service":"auth-service","timestamp":"2025-08-28T21:12:40.578Z"}
{"level":"warn","message":"Checking for rate limit","service":"auth-service","timestamp":"2025-08-28T21:16:49.583Z"}
{"level":"info","message":"request from /api/auth/login having a method of POST","service":"auth-service","timestamp":"2025-08-28T21:16:49.644Z"}
{"level":"info","message":"user hit the login controller","service":"auth-service","timestamp":"2025-08-28T21:16:49.645Z"}
{"level":"error","message":"Attempt to login user with wrong credentials","service":"auth-service","timestamp":"2025-08-28T21:16:49.900Z"}
{"level":"warn","message":"User ip not found","service":"auth-service","timestamp":"2025-08-28T21:16:49.901Z"}
{"level":"warn","message":"Failed to obtain user ip","service":"auth-service","timestamp":"2025-08-28T21:16:50.002Z"}
{"level":"warn","message":"Checking for rate limit","service":"auth-service","timestamp":"2025-08-28T21:17:12.277Z"}
{"level":"info","message":"request from /api/auth/account/suspended/activate/68b0c4f2985f1c27a91c8a50 having a method of GET","service":"auth-service","timestamp":"2025-08-28T21:17:12.286Z"}
{"level":"info","message":"user hits the suspendedAccountActivationController","service":"auth-service","timestamp":"2025-08-28T21:17:12.290Z"}
{"level":"warn","message":"Checking for rate limit","service":"auth-service","timestamp":"2025-08-28T21:21:51.931Z"}
{"level":"info","message":"request from /api/auth/login having a method of POST","service":"auth-service","timestamp":"2025-08-28T21:21:51.945Z"}
{"level":"info","message":"user hit the login controller","service":"auth-service","timestamp":"2025-08-28T21:21:51.946Z"}
{"level":"info","message":"attempt to create an email verification token","service":"auth-service","timestamp":"2025-08-28T21:21:52.075Z"}
{"level":"warn","message":"Checking for rate limit","service":"auth-service","timestamp":"2025-08-28T21:22:46.468Z"}
{"level":"info","message":"request from /api/auth/login having a method of POST","service":"auth-service","timestamp":"2025-08-28T21:22:46.470Z"}
{"level":"info","message":"user hit the login controller","service":"auth-service","timestamp":"2025-08-28T21:22:46.470Z"}
{"level":"info","message":"attempt to create an email verification token","service":"auth-service","timestamp":"2025-08-28T21:22:46.733Z"}
{"level":"info","message":"DB connection started","service":"auth-service","timestamp":"2025-08-28T21:26:27.407Z"}
{"level":"info","message":"Successfully connected to Redis","service":"auth-service","timestamp":"2025-08-28T21:26:27.421Z"}
{"level":"info","message":"Redis client is ready","service":"auth-service","timestamp":"2025-08-28T21:26:27.436Z"}
{"level":"info","message":"MongoDb  connected successfully","service":"auth-service","timestamp":"2025-08-28T21:26:27.957Z"}
{"level":"info","message":"App started at port 8000","service":"auth-service","timestamp":"2025-08-28T21:26:27.958Z"}
{"level":"info","message":"DB connection started","service":"auth-service","timestamp":"2025-08-28T21:26:41.951Z"}
{"level":"info","message":"Successfully connected to Redis","service":"auth-service","timestamp":"2025-08-28T21:26:41.964Z"}
{"level":"info","message":"Redis client is ready","service":"auth-service","timestamp":"2025-08-28T21:26:41.980Z"}
{"level":"info","message":"DB connection started","service":"auth-service","timestamp":"2025-08-28T21:26:45.426Z"}
{"level":"info","message":"Successfully connected to Redis","service":"auth-service","timestamp":"2025-08-28T21:26:45.440Z"}
{"level":"info","message":"Redis client is ready","service":"auth-service","timestamp":"2025-08-28T21:26:45.442Z"}
{"level":"info","message":"MongoDb  connected successfully","service":"auth-service","timestamp":"2025-08-28T21:26:46.512Z"}
{"level":"info","message":"App started at port 8000","service":"auth-service","timestamp":"2025-08-28T21:26:46.513Z"}
{"level":"info","message":"DB connection started","service":"auth-service","timestamp":"2025-08-28T21:26:56.685Z"}
{"level":"info","message":"Successfully connected to Redis","service":"auth-service","timestamp":"2025-08-28T21:26:56.711Z"}
{"level":"info","message":"Redis client is ready","service":"auth-service","timestamp":"2025-08-28T21:26:56.717Z"}
{"level":"info","message":"MongoDb  connected successfully","service":"auth-service","timestamp":"2025-08-28T21:26:57.151Z"}
{"level":"info","message":"App started at port 8000","service":"auth-service","timestamp":"2025-08-28T21:26:57.151Z"}
{"level":"info","message":"DB connection started","service":"auth-service","timestamp":"2025-08-28T21:27:22.064Z"}
{"level":"info","message":"Successfully connected to Redis","service":"auth-service","timestamp":"2025-08-28T21:27:22.074Z"}
{"level":"info","message":"Redis client is ready","service":"auth-service","timestamp":"2025-08-28T21:27:22.076Z"}
{"level":"info","message":"MongoDb  connected successfully","service":"auth-service","timestamp":"2025-08-28T21:27:22.501Z"}
{"level":"info","message":"App started at port 8000","service":"auth-service","timestamp":"2025-08-28T21:27:22.502Z"}
{"level":"info","message":"DB connection started","service":"auth-service","timestamp":"2025-08-28T21:48:37.472Z"}
{"level":"info","message":"Successfully connected to Redis","service":"auth-service","timestamp":"2025-08-28T21:48:37.486Z"}
{"level":"info","message":"Redis client is ready","service":"auth-service","timestamp":"2025-08-28T21:48:37.499Z"}
{"level":"info","message":"MongoDb  connected successfully","service":"auth-service","timestamp":"2025-08-28T21:48:38.036Z"}
{"level":"info","message":"App started at port 8000","service":"auth-service","timestamp":"2025-08-28T21:48:38.037Z"}
{"level":"info","message":"DB connection started","service":"auth-service","timestamp":"2025-08-28T21:53:44.987Z"}
{"level":"info","message":"Successfully connected to Redis","service":"auth-service","timestamp":"2025-08-28T21:53:45.000Z"}
{"level":"info","message":"Redis client is ready","service":"auth-service","timestamp":"2025-08-28T21:53:45.005Z"}
{"level":"info","message":"MongoDb  connected successfully","service":"auth-service","timestamp":"2025-08-28T21:53:45.484Z"}
{"level":"info","message":"App started at port 8000","service":"auth-service","timestamp":"2025-08-28T21:53:45.485Z"}
{"level":"info","message":"DB connection started","service":"auth-service","timestamp":"2025-08-29T07:44:29.091Z"}
{"level":"info","message":"Successfully connected to Redis","service":"auth-service","timestamp":"2025-08-29T07:44:29.108Z"}
{"code":"ECONNREFUSED","hostname":"_mongodb._tcp.cluster0.vfgp0mr.mongodb.net","level":"error","message":"DB error: querySrv ECONNREFUSED _mongodb._tcp.cluster0.vfgp0mr.mongodb.net","service":"auth-service","stack":"Error: querySrv ECONNREFUSED _mongodb._tcp.cluster0.vfgp0mr.mongodb.net\n    at QueryReqWrap.onresolve [as oncomplete] (node:internal/dns/promises:294:17)","syscall":"querySrv","timestamp":"2025-08-29T07:44:29.109Z"}
{"level":"info","message":"App started at port 8000","service":"auth-service","timestamp":"2025-08-29T07:44:29.109Z"}
{"level":"info","message":"Redis client is ready","service":"auth-service","timestamp":"2025-08-29T07:44:29.141Z"}
{"level":"info","message":"DB connection started","service":"auth-service","timestamp":"2025-08-29T07:45:05.377Z"}
{"level":"info","message":"Successfully connected to Redis","service":"auth-service","timestamp":"2025-08-29T07:45:05.387Z"}
{"code":"ECONNREFUSED","hostname":"_mongodb._tcp.cluster0.vfgp0mr.mongodb.net","level":"error","message":"DB error: querySrv ECONNREFUSED _mongodb._tcp.cluster0.vfgp0mr.mongodb.net","service":"auth-service","stack":"Error: querySrv ECONNREFUSED _mongodb._tcp.cluster0.vfgp0mr.mongodb.net\n    at QueryReqWrap.onresolve [as oncomplete] (node:internal/dns/promises:294:17)","syscall":"querySrv","timestamp":"2025-08-29T07:45:05.390Z"}
{"level":"info","message":"App started at port 8000","service":"auth-service","timestamp":"2025-08-29T07:45:05.391Z"}
{"level":"info","message":"Redis client is ready","service":"auth-service","timestamp":"2025-08-29T07:45:05.396Z"}
{"level":"info","message":"DB connection started","service":"auth-service","timestamp":"2025-08-29T07:46:15.192Z"}
{"level":"info","message":"Successfully connected to Redis","service":"auth-service","timestamp":"2025-08-29T07:46:15.207Z"}
{"code":"ECONNREFUSED","hostname":"_mongodb._tcp.cluster0.vfgp0mr.mongodb.net","level":"error","message":"DB error: querySrv ECONNREFUSED _mongodb._tcp.cluster0.vfgp0mr.mongodb.net","service":"auth-service","stack":"Error: querySrv ECONNREFUSED _mongodb._tcp.cluster0.vfgp0mr.mongodb.net\n    at QueryReqWrap.onresolve [as oncomplete] (node:internal/dns/promises:294:17)","syscall":"querySrv","timestamp":"2025-08-29T07:46:15.208Z"}
{"level":"info","message":"App started at port 8000","service":"auth-service","timestamp":"2025-08-29T07:46:15.208Z"}
{"level":"info","message":"Redis client is ready","service":"auth-service","timestamp":"2025-08-29T07:46:15.214Z"}
{"level":"info","message":"DB connection started","service":"auth-service","timestamp":"2025-08-29T07:46:23.720Z"}
{"level":"info","message":"Successfully connected to Redis","service":"auth-service","timestamp":"2025-08-29T07:46:23.733Z"}
{"level":"info","message":"Redis client is ready","service":"auth-service","timestamp":"2025-08-29T07:46:23.734Z"}
{"code":"ECONNREFUSED","hostname":"_mongodb._tcp.cluster0.vfgp0mr.mongodb.net","level":"error","message":"DB error: querySrv ECONNREFUSED _mongodb._tcp.cluster0.vfgp0mr.mongodb.net","service":"auth-service","stack":"Error: querySrv ECONNREFUSED _mongodb._tcp.cluster0.vfgp0mr.mongodb.net\n    at QueryReqWrap.onresolve [as oncomplete] (node:internal/dns/promises:294:17)","syscall":"querySrv","timestamp":"2025-08-29T07:46:23.735Z"}
{"level":"info","message":"App started at port 8000","service":"auth-service","timestamp":"2025-08-29T07:46:23.736Z"}
{"level":"info","message":"DB connection started","service":"auth-service","timestamp":"2025-08-29T07:46:31.656Z"}
{"level":"info","message":"Successfully connected to Redis","service":"auth-service","timestamp":"2025-08-29T07:46:31.671Z"}
{"code":"ECONNREFUSED","hostname":"_mongodb._tcp.cluster0.vfgp0mr.mongodb.net","level":"error","message":"DB error: querySrv ECONNREFUSED _mongodb._tcp.cluster0.vfgp0mr.mongodb.net","service":"auth-service","stack":"Error: querySrv ECONNREFUSED _mongodb._tcp.cluster0.vfgp0mr.mongodb.net\n    at QueryReqWrap.onresolve [as oncomplete] (node:internal/dns/promises:294:17)","syscall":"querySrv","timestamp":"2025-08-29T07:46:31.673Z"}
{"level":"info","message":"App started at port 8000","service":"auth-service","timestamp":"2025-08-29T07:46:31.673Z"}
{"level":"info","message":"Redis client is ready","service":"auth-service","timestamp":"2025-08-29T07:46:31.675Z"}
{"level":"info","message":"DB connection started","service":"auth-service","timestamp":"2025-08-29T07:46:38.646Z"}
{"level":"info","message":"Successfully connected to Redis","service":"auth-service","timestamp":"2025-08-29T07:46:38.660Z"}
{"code":"ECONNREFUSED","hostname":"_mongodb._tcp.cluster0.vfgp0mr.mongodb.net","level":"error","message":"DB error: querySrv ECONNREFUSED _mongodb._tcp.cluster0.vfgp0mr.mongodb.net","service":"auth-service","stack":"Error: querySrv ECONNREFUSED _mongodb._tcp.cluster0.vfgp0mr.mongodb.net\n    at QueryReqWrap.onresolve [as oncomplete] (node:internal/dns/promises:294:17)","syscall":"querySrv","timestamp":"2025-08-29T07:46:38.662Z"}
{"level":"info","message":"App started at port 8000","service":"auth-service","timestamp":"2025-08-29T07:46:38.663Z"}
{"level":"info","message":"Redis client is ready","service":"auth-service","timestamp":"2025-08-29T07:46:38.665Z"}
{"level":"info","message":"DB connection started","service":"auth-service","timestamp":"2025-08-29T07:46:55.457Z"}
{"level":"info","message":"Successfully connected to Redis","service":"auth-service","timestamp":"2025-08-29T07:46:55.474Z"}
{"code":"ECONNREFUSED","hostname":"_mongodb._tcp.cluster0.vfgp0mr.mongodb.net","level":"error","message":"DB error: querySrv ECONNREFUSED _mongodb._tcp.cluster0.vfgp0mr.mongodb.net","service":"auth-service","stack":"Error: querySrv ECONNREFUSED _mongodb._tcp.cluster0.vfgp0mr.mongodb.net\n    at QueryReqWrap.onresolve [as oncomplete] (node:internal/dns/promises:294:17)","syscall":"querySrv","timestamp":"2025-08-29T07:46:55.475Z"}
{"level":"info","message":"App started at port 8000","service":"auth-service","timestamp":"2025-08-29T07:46:55.476Z"}
{"level":"info","message":"Redis client is ready","service":"auth-service","timestamp":"2025-08-29T07:46:55.479Z"}
{"level":"info","message":"DB connection started","service":"auth-service","timestamp":"2025-08-29T07:46:58.648Z"}
{"level":"info","message":"Successfully connected to Redis","service":"auth-service","timestamp":"2025-08-29T07:46:58.656Z"}
{"level":"info","message":"Redis client is ready","service":"auth-service","timestamp":"2025-08-29T07:46:58.657Z"}
{"code":"ECONNREFUSED","hostname":"_mongodb._tcp.cluster0.vfgp0mr.mongodb.net","level":"error","message":"DB error: querySrv ECONNREFUSED _mongodb._tcp.cluster0.vfgp0mr.mongodb.net","service":"auth-service","stack":"Error: querySrv ECONNREFUSED _mongodb._tcp.cluster0.vfgp0mr.mongodb.net\n    at QueryReqWrap.onresolve [as oncomplete] (node:internal/dns/promises:294:17)","syscall":"querySrv","timestamp":"2025-08-29T07:46:58.658Z"}
{"level":"info","message":"App started at port 8000","service":"auth-service","timestamp":"2025-08-29T07:46:58.659Z"}
{"level":"info","message":"DB connection started","service":"auth-service","timestamp":"2025-08-29T07:47:02.616Z"}
{"level":"info","message":"Successfully connected to Redis","service":"auth-service","timestamp":"2025-08-29T07:47:02.626Z"}
{"level":"info","message":"Redis client is ready","service":"auth-service","timestamp":"2025-08-29T07:47:02.627Z"}
{"code":"ECONNREFUSED","hostname":"_mongodb._tcp.cluster0.vfgp0mr.mongodb.net","level":"error","message":"DB error: querySrv ECONNREFUSED _mongodb._tcp.cluster0.vfgp0mr.mongodb.net","service":"auth-service","stack":"Error: querySrv ECONNREFUSED _mongodb._tcp.cluster0.vfgp0mr.mongodb.net\n    at QueryReqWrap.onresolve [as oncomplete] (node:internal/dns/promises:294:17)","syscall":"querySrv","timestamp":"2025-08-29T07:47:02.628Z"}
{"level":"info","message":"App started at port 8000","service":"auth-service","timestamp":"2025-08-29T07:47:02.629Z"}
{"level":"info","message":"DB connection started","service":"auth-service","timestamp":"2025-08-29T07:47:06.538Z"}
{"level":"info","message":"Successfully connected to Redis","service":"auth-service","timestamp":"2025-08-29T07:47:06.548Z"}
{"code":"ECONNREFUSED","hostname":"_mongodb._tcp.cluster0.vfgp0mr.mongodb.net","level":"error","message":"DB error: querySrv ECONNREFUSED _mongodb._tcp.cluster0.vfgp0mr.mongodb.net","service":"auth-service","stack":"Error: querySrv ECONNREFUSED _mongodb._tcp.cluster0.vfgp0mr.mongodb.net\n    at QueryReqWrap.onresolve [as oncomplete] (node:internal/dns/promises:294:17)","syscall":"querySrv","timestamp":"2025-08-29T07:47:06.550Z"}
{"level":"info","message":"App started at port 8000","service":"auth-service","timestamp":"2025-08-29T07:47:06.550Z"}
{"level":"info","message":"Redis client is ready","service":"auth-service","timestamp":"2025-08-29T07:47:06.551Z"}
{"level":"info","message":"DB connection started","service":"auth-service","timestamp":"2025-08-29T07:47:14.229Z"}
{"level":"info","message":"Successfully connected to Redis","service":"auth-service","timestamp":"2025-08-29T07:47:14.239Z"}
{"level":"info","message":"Redis client is ready","service":"auth-service","timestamp":"2025-08-29T07:47:14.240Z"}
{"code":"ECONNREFUSED","hostname":"_mongodb._tcp.cluster0.vfgp0mr.mongodb.net","level":"error","message":"DB error: querySrv ECONNREFUSED _mongodb._tcp.cluster0.vfgp0mr.mongodb.net","service":"auth-service","stack":"Error: querySrv ECONNREFUSED _mongodb._tcp.cluster0.vfgp0mr.mongodb.net\n    at QueryReqWrap.onresolve [as oncomplete] (node:internal/dns/promises:294:17)","syscall":"querySrv","timestamp":"2025-08-29T07:47:14.241Z"}
{"level":"info","message":"App started at port 8000","service":"auth-service","timestamp":"2025-08-29T07:47:14.242Z"}
{"level":"info","message":"DB connection started","service":"auth-service","timestamp":"2025-08-29T07:47:19.363Z"}
{"level":"info","message":"Successfully connected to Redis","service":"auth-service","timestamp":"2025-08-29T07:47:19.372Z"}
{"level":"info","message":"Redis client is ready","service":"auth-service","timestamp":"2025-08-29T07:47:19.373Z"}
{"code":"ECONNREFUSED","hostname":"_mongodb._tcp.cluster0.vfgp0mr.mongodb.net","level":"error","message":"DB error: querySrv ECONNREFUSED _mongodb._tcp.cluster0.vfgp0mr.mongodb.net","service":"auth-service","stack":"Error: querySrv ECONNREFUSED _mongodb._tcp.cluster0.vfgp0mr.mongodb.net\n    at QueryReqWrap.onresolve [as oncomplete] (node:internal/dns/promises:294:17)","syscall":"querySrv","timestamp":"2025-08-29T07:47:19.375Z"}
{"level":"info","message":"App started at port 8000","service":"auth-service","timestamp":"2025-08-29T07:47:19.375Z"}
{"level":"info","message":"DB connection started","service":"auth-service","timestamp":"2025-08-29T07:48:06.808Z"}
{"level":"info","message":"Successfully connected to Redis","service":"auth-service","timestamp":"2025-08-29T07:48:06.821Z"}
{"level":"info","message":"Redis client is ready","service":"auth-service","timestamp":"2025-08-29T07:48:06.822Z"}
{"code":"ECONNREFUSED","hostname":"_mongodb._tcp.cluster0.vfgp0mr.mongodb.net","level":"error","message":"DB error: querySrv ECONNREFUSED _mongodb._tcp.cluster0.vfgp0mr.mongodb.net","service":"auth-service","stack":"Error: querySrv ECONNREFUSED _mongodb._tcp.cluster0.vfgp0mr.mongodb.net\n    at QueryReqWrap.onresolve [as oncomplete] (node:internal/dns/promises:294:17)","syscall":"querySrv","timestamp":"2025-08-29T07:48:06.823Z"}
{"level":"info","message":"App started at port 8000","service":"auth-service","timestamp":"2025-08-29T07:48:06.823Z"}
{"level":"info","message":"DB connection started","service":"auth-service","timestamp":"2025-08-29T07:48:09.967Z"}
{"level":"info","message":"Successfully connected to Redis","service":"auth-service","timestamp":"2025-08-29T07:48:09.975Z"}
{"level":"info","message":"Redis client is ready","service":"auth-service","timestamp":"2025-08-29T07:48:09.977Z"}
{"code":"ECONNREFUSED","hostname":"_mongodb._tcp.cluster0.vfgp0mr.mongodb.net","level":"error","message":"DB error: querySrv ECONNREFUSED _mongodb._tcp.cluster0.vfgp0mr.mongodb.net","service":"auth-service","stack":"Error: querySrv ECONNREFUSED _mongodb._tcp.cluster0.vfgp0mr.mongodb.net\n    at QueryReqWrap.onresolve [as oncomplete] (node:internal/dns/promises:294:17)","syscall":"querySrv","timestamp":"2025-08-29T07:48:09.978Z"}
{"level":"info","message":"App started at port 8000","service":"auth-service","timestamp":"2025-08-29T07:48:09.978Z"}
{"level":"info","message":"DB connection started","service":"auth-service","timestamp":"2025-08-29T07:48:12.954Z"}
{"code":"ECONNREFUSED","hostname":"_mongodb._tcp.cluster0.vfgp0mr.mongodb.net","level":"error","message":"DB error: querySrv ECONNREFUSED _mongodb._tcp.cluster0.vfgp0mr.mongodb.net","service":"auth-service","stack":"Error: querySrv ECONNREFUSED _mongodb._tcp.cluster0.vfgp0mr.mongodb.net\n    at QueryReqWrap.onresolve [as oncomplete] (node:internal/dns/promises:294:17)","syscall":"querySrv","timestamp":"2025-08-29T07:48:12.978Z"}
{"level":"info","message":"App started at port 8000","service":"auth-service","timestamp":"2025-08-29T07:48:12.979Z"}
{"level":"info","message":"Successfully connected to Redis","service":"auth-service","timestamp":"2025-08-29T07:48:12.982Z"}
{"level":"info","message":"Redis client is ready","service":"auth-service","timestamp":"2025-08-29T07:48:12.987Z"}
{"level":"info","message":"DB connection started","service":"auth-service","timestamp":"2025-08-29T07:48:17.194Z"}
{"level":"info","message":"Successfully connected to Redis","service":"auth-service","timestamp":"2025-08-29T07:48:17.205Z"}
{"level":"info","message":"Redis client is ready","service":"auth-service","timestamp":"2025-08-29T07:48:17.207Z"}
{"code":"ECONNREFUSED","hostname":"_mongodb._tcp.cluster0.vfgp0mr.mongodb.net","level":"error","message":"DB error: querySrv ECONNREFUSED _mongodb._tcp.cluster0.vfgp0mr.mongodb.net","service":"auth-service","stack":"Error: querySrv ECONNREFUSED _mongodb._tcp.cluster0.vfgp0mr.mongodb.net\n    at QueryReqWrap.onresolve [as oncomplete] (node:internal/dns/promises:294:17)","syscall":"querySrv","timestamp":"2025-08-29T07:48:17.208Z"}
{"level":"info","message":"App started at port 8000","service":"auth-service","timestamp":"2025-08-29T07:48:17.208Z"}
{"level":"info","message":"DB connection started","service":"auth-service","timestamp":"2025-08-29T07:48:28.447Z"}
{"level":"info","message":"Successfully connected to Redis","service":"auth-service","timestamp":"2025-08-29T07:48:28.456Z"}
{"level":"info","message":"Redis client is ready","service":"auth-service","timestamp":"2025-08-29T07:48:28.457Z"}
{"code":"ECONNREFUSED","hostname":"_mongodb._tcp.cluster0.vfgp0mr.mongodb.net","level":"error","message":"DB error: querySrv ECONNREFUSED _mongodb._tcp.cluster0.vfgp0mr.mongodb.net","service":"auth-service","stack":"Error: querySrv ECONNREFUSED _mongodb._tcp.cluster0.vfgp0mr.mongodb.net\n    at QueryReqWrap.onresolve [as oncomplete] (node:internal/dns/promises:294:17)","syscall":"querySrv","timestamp":"2025-08-29T07:48:28.458Z"}
{"level":"info","message":"App started at port 8000","service":"auth-service","timestamp":"2025-08-29T07:48:28.458Z"}
{"level":"info","message":"DB connection started","service":"auth-service","timestamp":"2025-08-29T07:48:36.141Z"}
{"code":"ECONNREFUSED","hostname":"_mongodb._tcp.cluster0.vfgp0mr.mongodb.net","level":"error","message":"DB error: querySrv ECONNREFUSED _mongodb._tcp.cluster0.vfgp0mr.mongodb.net","service":"auth-service","stack":"Error: querySrv ECONNREFUSED _mongodb._tcp.cluster0.vfgp0mr.mongodb.net\n    at QueryReqWrap.onresolve [as oncomplete] (node:internal/dns/promises:294:17)","syscall":"querySrv","timestamp":"2025-08-29T07:48:36.162Z"}
{"level":"info","message":"App started at port 8000","service":"auth-service","timestamp":"2025-08-29T07:48:36.164Z"}
{"level":"info","message":"Successfully connected to Redis","service":"auth-service","timestamp":"2025-08-29T07:48:36.167Z"}
{"level":"info","message":"Redis client is ready","service":"auth-service","timestamp":"2025-08-29T07:48:36.170Z"}
{"level":"info","message":"DB connection started","service":"auth-service","timestamp":"2025-08-29T07:48:38.714Z"}
{"level":"info","message":"Successfully connected to Redis","service":"auth-service","timestamp":"2025-08-29T07:48:38.723Z"}
{"code":"ECONNREFUSED","hostname":"_mongodb._tcp.cluster0.vfgp0mr.mongodb.net","level":"error","message":"DB error: querySrv ECONNREFUSED _mongodb._tcp.cluster0.vfgp0mr.mongodb.net","service":"auth-service","stack":"Error: querySrv ECONNREFUSED _mongodb._tcp.cluster0.vfgp0mr.mongodb.net\n    at QueryReqWrap.onresolve [as oncomplete] (node:internal/dns/promises:294:17)","syscall":"querySrv","timestamp":"2025-08-29T07:48:38.724Z"}
{"level":"info","message":"App started at port 8000","service":"auth-service","timestamp":"2025-08-29T07:48:38.724Z"}
{"level":"info","message":"Redis client is ready","service":"auth-service","timestamp":"2025-08-29T07:48:38.726Z"}
{"level":"info","message":"DB connection started","service":"auth-service","timestamp":"2025-08-29T07:48:49.406Z"}
{"level":"info","message":"Successfully connected to Redis","service":"auth-service","timestamp":"2025-08-29T07:48:49.420Z"}
{"level":"info","message":"Redis client is ready","service":"auth-service","timestamp":"2025-08-29T07:48:49.421Z"}
{"code":"ECONNREFUSED","hostname":"_mongodb._tcp.cluster0.vfgp0mr.mongodb.net","level":"error","message":"DB error: querySrv ECONNREFUSED _mongodb._tcp.cluster0.vfgp0mr.mongodb.net","service":"auth-service","stack":"Error: querySrv ECONNREFUSED _mongodb._tcp.cluster0.vfgp0mr.mongodb.net\n    at QueryReqWrap.onresolve [as oncomplete] (node:internal/dns/promises:294:17)","syscall":"querySrv","timestamp":"2025-08-29T07:48:49.422Z"}
{"level":"info","message":"App started at port 8000","service":"auth-service","timestamp":"2025-08-29T07:48:49.423Z"}
{"level":"info","message":"DB connection started","service":"auth-service","timestamp":"2025-08-29T07:48:56.831Z"}
{"level":"info","message":"Successfully connected to Redis","service":"auth-service","timestamp":"2025-08-29T07:48:56.842Z"}
{"level":"info","message":"Redis client is ready","service":"auth-service","timestamp":"2025-08-29T07:48:56.843Z"}
{"code":"ECONNREFUSED","hostname":"_mongodb._tcp.cluster0.vfgp0mr.mongodb.net","level":"error","message":"DB error: querySrv ECONNREFUSED _mongodb._tcp.cluster0.vfgp0mr.mongodb.net","service":"auth-service","stack":"Error: querySrv ECONNREFUSED _mongodb._tcp.cluster0.vfgp0mr.mongodb.net\n    at QueryReqWrap.onresolve [as oncomplete] (node:internal/dns/promises:294:17)","syscall":"querySrv","timestamp":"2025-08-29T07:48:56.844Z"}
{"level":"info","message":"App started at port 8000","service":"auth-service","timestamp":"2025-08-29T07:48:56.845Z"}
{"level":"info","message":"DB connection started","service":"auth-service","timestamp":"2025-08-29T07:49:00.691Z"}
{"level":"info","message":"Successfully connected to Redis","service":"auth-service","timestamp":"2025-08-29T07:49:00.704Z"}
{"code":"ECONNREFUSED","hostname":"_mongodb._tcp.cluster0.vfgp0mr.mongodb.net","level":"error","message":"DB error: querySrv ECONNREFUSED _mongodb._tcp.cluster0.vfgp0mr.mongodb.net","service":"auth-service","stack":"Error: querySrv ECONNREFUSED _mongodb._tcp.cluster0.vfgp0mr.mongodb.net\n    at QueryReqWrap.onresolve [as oncomplete] (node:internal/dns/promises:294:17)","syscall":"querySrv","timestamp":"2025-08-29T07:49:00.707Z"}
{"level":"info","message":"App started at port 8000","service":"auth-service","timestamp":"2025-08-29T07:49:00.708Z"}
{"level":"info","message":"Redis client is ready","service":"auth-service","timestamp":"2025-08-29T07:49:00.713Z"}
{"level":"info","message":"DB connection started","service":"auth-service","timestamp":"2025-08-29T07:49:14.083Z"}
{"level":"info","message":"Successfully connected to Redis","service":"auth-service","timestamp":"2025-08-29T07:49:14.092Z"}
{"level":"info","message":"Redis client is ready","service":"auth-service","timestamp":"2025-08-29T07:49:14.093Z"}
{"code":"ECONNREFUSED","hostname":"_mongodb._tcp.cluster0.vfgp0mr.mongodb.net","level":"error","message":"DB error: querySrv ECONNREFUSED _mongodb._tcp.cluster0.vfgp0mr.mongodb.net","service":"auth-service","stack":"Error: querySrv ECONNREFUSED _mongodb._tcp.cluster0.vfgp0mr.mongodb.net\n    at QueryReqWrap.onresolve [as oncomplete] (node:internal/dns/promises:294:17)","syscall":"querySrv","timestamp":"2025-08-29T07:49:14.094Z"}
{"level":"info","message":"App started at port 8000","service":"auth-service","timestamp":"2025-08-29T07:49:14.095Z"}
{"level":"info","message":"DB connection started","service":"auth-service","timestamp":"2025-08-29T07:49:16.844Z"}
{"level":"info","message":"Successfully connected to Redis","service":"auth-service","timestamp":"2025-08-29T07:49:16.856Z"}
{"level":"info","message":"Redis client is ready","service":"auth-service","timestamp":"2025-08-29T07:49:16.858Z"}
{"code":"ECONNREFUSED","hostname":"_mongodb._tcp.cluster0.vfgp0mr.mongodb.net","level":"error","message":"DB error: querySrv ECONNREFUSED _mongodb._tcp.cluster0.vfgp0mr.mongodb.net","service":"auth-service","stack":"Error: querySrv ECONNREFUSED _mongodb._tcp.cluster0.vfgp0mr.mongodb.net\n    at QueryReqWrap.onresolve [as oncomplete] (node:internal/dns/promises:294:17)","syscall":"querySrv","timestamp":"2025-08-29T07:49:16.859Z"}
{"level":"info","message":"App started at port 8000","service":"auth-service","timestamp":"2025-08-29T07:49:16.859Z"}
{"level":"warn","message":"Checking for rate limit","service":"auth-service","timestamp":"2025-08-29T07:50:17.919Z"}
{"level":"info","message":"request from /api/auth/register having a method of POST","service":"auth-service","timestamp":"2025-08-29T07:50:17.926Z"}
{"level":"info","message":"user hit the register controller","service":"auth-service","timestamp":"2025-08-29T07:50:17.929Z"}
{"level":"error","message":"Registration error Operation `users.findOne()` buffering timed out after 10000ms","service":"auth-service","stack":"MongooseError: Operation `users.findOne()` buffering timed out after 10000ms\n    at Timeout.<anonymous> (/Users/home/Desktop/projects/ROSCA/rusca-microservices-server/authservices/node_modules/mongoose/lib/drivers/node-mongodb-native/collection.js:187:23)\n    at listOnTimeout (node:internal/timers:608:17)\n    at processTimers (node:internal/timers:543:7)","timestamp":"2025-08-29T07:50:27.957Z"}
{"level":"info","message":"DB connection started","service":"auth-service","timestamp":"2025-08-29T07:51:35.940Z"}
{"level":"info","message":"Successfully connected to Redis","service":"auth-service","timestamp":"2025-08-29T07:51:35.995Z"}
{"level":"info","message":"Redis client is ready","service":"auth-service","timestamp":"2025-08-29T07:51:36.194Z"}
{"level":"info","message":"MongoDb  connected successfully","service":"auth-service","timestamp":"2025-08-29T07:51:36.983Z"}
{"level":"info","message":"App started at port 8000","service":"auth-service","timestamp":"2025-08-29T07:51:36.984Z"}
{"level":"warn","message":"Checking for rate limit","service":"auth-service","timestamp":"2025-08-29T07:51:44.640Z"}
{"level":"info","message":"request from /api/auth/register having a method of POST","service":"auth-service","timestamp":"2025-08-29T07:51:44.646Z"}
{"level":"info","message":"user hit the register controller","service":"auth-service","timestamp":"2025-08-29T07:51:44.647Z"}
{"level":"warn","message":"Attempted registration with existing email","service":"auth-service","timestamp":"2025-08-29T07:51:44.724Z"}
{"level":"info","message":"DB connection started","service":"auth-service","timestamp":"2025-08-29T07:53:10.337Z"}
{"level":"info","message":"Successfully connected to Redis","service":"auth-service","timestamp":"2025-08-29T07:53:10.354Z"}
{"level":"info","message":"Redis client is ready","service":"auth-service","timestamp":"2025-08-29T07:53:10.359Z"}
{"level":"info","message":"MongoDb  connected successfully","service":"auth-service","timestamp":"2025-08-29T07:53:10.915Z"}
{"level":"info","message":"App started at port 8000","service":"auth-service","timestamp":"2025-08-29T07:53:10.915Z"}
{"level":"warn","message":"Checking for rate limit","service":"auth-service","timestamp":"2025-08-29T07:53:41.147Z"}
{"level":"info","message":"request from /api/auth/register having a method of POST","service":"auth-service","timestamp":"2025-08-29T07:53:41.153Z"}
{"level":"info","message":"user hit the register controller","service":"auth-service","timestamp":"2025-08-29T07:53:41.153Z"}
{"level":"warn","message":"Attempted registration with existing email","service":"auth-service","timestamp":"2025-08-29T07:53:41.201Z"}
{"level":"warn","message":"Checking for rate limit","service":"auth-service","timestamp":"2025-08-29T07:54:05.750Z"}
{"level":"info","message":"request from /api/auth/login having a method of POST","service":"auth-service","timestamp":"2025-08-29T07:54:05.752Z"}
{"level":"info","message":"user hit the login controller","service":"auth-service","timestamp":"2025-08-29T07:54:05.754Z"}
{"level":"info","message":"attempt to create an email verification token","service":"auth-service","timestamp":"2025-08-29T07:54:05.843Z"}
{"level":"info","message":"DB connection started","service":"auth-service","timestamp":"2025-08-29T07:54:33.413Z"}
{"level":"info","message":"Successfully connected to Redis","service":"auth-service","timestamp":"2025-08-29T07:54:33.432Z"}
{"level":"info","message":"Redis client is ready","service":"auth-service","timestamp":"2025-08-29T07:54:33.436Z"}
{"level":"info","message":"MongoDb  connected successfully","service":"auth-service","timestamp":"2025-08-29T07:54:33.949Z"}
{"level":"info","message":"App started at port 8000","service":"auth-service","timestamp":"2025-08-29T07:54:33.949Z"}
{"level":"info","message":"DB connection started","service":"auth-service","timestamp":"2025-08-29T07:55:17.727Z"}
{"level":"info","message":"Successfully connected to Redis","service":"auth-service","timestamp":"2025-08-29T07:55:17.738Z"}
{"level":"info","message":"Redis client is ready","service":"auth-service","timestamp":"2025-08-29T07:55:17.742Z"}
{"level":"info","message":"MongoDb  connected successfully","service":"auth-service","timestamp":"2025-08-29T07:55:18.221Z"}
{"level":"info","message":"App started at port 8000","service":"auth-service","timestamp":"2025-08-29T07:55:18.221Z"}
{"level":"warn","message":"Checking for rate limit","service":"auth-service","timestamp":"2025-08-29T07:55:26.760Z"}
{"level":"info","message":"request from /api/auth/login having a method of POST","service":"auth-service","timestamp":"2025-08-29T07:55:26.767Z"}
{"level":"info","message":"user hit the login controller","service":"auth-service","timestamp":"2025-08-29T07:55:26.768Z"}
{"level":"info","message":"attempt to create an email verification token","service":"auth-service","timestamp":"2025-08-29T07:55:26.862Z"}
{"level":"warn","message":"Checking for rate limit","service":"auth-service","timestamp":"2025-08-29T07:55:57.817Z"}
{"level":"info","message":"request from /api/auth/emailVerify/ukonulucky@gmail.com/f5b6020e4150409b66694e9e2bbdb3acfe319611 having a method of GET","service":"auth-service","timestamp":"2025-08-29T07:55:57.895Z"}
{"level":"info","message":"DB connection started","service":"auth-service","timestamp":"2025-08-29T07:56:59.161Z"}
{"level":"info","message":"Successfully connected to Redis","service":"auth-service","timestamp":"2025-08-29T07:56:59.191Z"}
{"level":"info","message":"Redis client is ready","service":"auth-service","timestamp":"2025-08-29T07:56:59.225Z"}
{"level":"info","message":"DB connection started","service":"auth-service","timestamp":"2025-08-29T07:57:01.049Z"}
{"level":"info","message":"Successfully connected to Redis","service":"auth-service","timestamp":"2025-08-29T07:57:01.066Z"}
{"level":"info","message":"Redis client is ready","service":"auth-service","timestamp":"2025-08-29T07:57:01.122Z"}
{"level":"info","message":"MongoDb  connected successfully","service":"auth-service","timestamp":"2025-08-29T07:57:01.513Z"}
{"level":"info","message":"App started at port 8000","service":"auth-service","timestamp":"2025-08-29T07:57:01.514Z"}
{"level":"warn","message":"Checking for rate limit","service":"auth-service","timestamp":"2025-08-29T07:58:02.105Z"}
{"level":"info","message":"request from /api/auth/emailVerify/ukonulucky@gmail.com/f5b6020e4150409b66694e9e2bbdb3acfe319611 having a method of GET","service":"auth-service","timestamp":"2025-08-29T07:58:02.114Z"}
{"level":"info","message":"user hits the verify email controller","service":"auth-service","timestamp":"2025-08-29T07:58:02.115Z"}
{"level":"error","message":"user account suspension error Invalid user token","service":"auth-service","stack":"Error: Invalid user token\n    at verifyUserEmailController (/Users/home/Desktop/projects/ROSCA/rusca-microservices-server/authservices/src/controllers/userControllers.ts:699:13)\n    at processTicksAndRejections (node:internal/process/task_queues:105:5)","timestamp":"2025-08-29T07:58:02.294Z"}
{"level":"info","message":"DB connection started","service":"auth-service","timestamp":"2025-08-29T07:59:49.691Z"}
{"level":"info","message":"Successfully connected to Redis","service":"auth-service","timestamp":"2025-08-29T07:59:49.719Z"}
{"level":"info","message":"Redis client is ready","service":"auth-service","timestamp":"2025-08-29T07:59:49.758Z"}
{"level":"info","message":"MongoDb  connected successfully","service":"auth-service","timestamp":"2025-08-29T07:59:50.279Z"}
{"level":"info","message":"App started at port 8000","service":"auth-service","timestamp":"2025-08-29T07:59:50.279Z"}
{"level":"info","message":"DB connection started","service":"auth-service","timestamp":"2025-08-29T08:00:36.629Z"}
{"level":"info","message":"Successfully connected to Redis","service":"auth-service","timestamp":"2025-08-29T08:00:36.646Z"}
{"level":"info","message":"Redis client is ready","service":"auth-service","timestamp":"2025-08-29T08:00:36.652Z"}
{"level":"info","message":"MongoDb  connected successfully","service":"auth-service","timestamp":"2025-08-29T08:00:37.069Z"}
{"level":"info","message":"App started at port 8000","service":"auth-service","timestamp":"2025-08-29T08:00:37.069Z"}
{"level":"info","message":"DB connection started","service":"auth-service","timestamp":"2025-08-29T08:01:02.433Z"}
{"level":"info","message":"Successfully connected to Redis","service":"auth-service","timestamp":"2025-08-29T08:01:02.443Z"}
{"level":"info","message":"Redis client is ready","service":"auth-service","timestamp":"2025-08-29T08:01:02.446Z"}
{"level":"info","message":"MongoDb  connected successfully","service":"auth-service","timestamp":"2025-08-29T08:01:02.916Z"}
{"level":"info","message":"App started at port 8000","service":"auth-service","timestamp":"2025-08-29T08:01:02.917Z"}
{"level":"warn","message":"Checking for rate limit","service":"auth-service","timestamp":"2025-08-29T08:01:24.843Z"}
{"level":"info","message":"request from /api/auth/emailVerify/ukonulucky@gmail.com/f5b6020e4150409b66694e9e2bbdb3acfe319611 having a method of GET","service":"auth-service","timestamp":"2025-08-29T08:01:24.849Z"}
{"level":"info","message":"user hits the verify email controller","service":"auth-service","timestamp":"2025-08-29T08:01:24.850Z"}
{"level":"error","message":"user account email verification error Invalid user token","service":"auth-service","stack":"Error: Invalid user token\n    at verifyUserEmailController (/Users/home/Desktop/projects/ROSCA/rusca-microservices-server/authservices/src/controllers/userControllers.ts:703:13)\n    at processTicksAndRejections (node:internal/process/task_queues:105:5)","timestamp":"2025-08-29T08:01:24.933Z"}
{"level":"info","message":"DB connection started","service":"auth-service","timestamp":"2025-08-29T08:01:38.408Z"}
{"level":"info","message":"Successfully connected to Redis","service":"auth-service","timestamp":"2025-08-29T08:01:38.419Z"}
{"level":"info","message":"Redis client is ready","service":"auth-service","timestamp":"2025-08-29T08:01:38.420Z"}
{"level":"info","message":"MongoDb  connected successfully","service":"auth-service","timestamp":"2025-08-29T08:01:38.911Z"}
{"level":"info","message":"App started at port 8000","service":"auth-service","timestamp":"2025-08-29T08:01:38.911Z"}
{"level":"info","message":"DB connection started","service":"auth-service","timestamp":"2025-08-29T08:01:42.057Z"}
{"level":"info","message":"Successfully connected to Redis","service":"auth-service","timestamp":"2025-08-29T08:01:42.066Z"}
{"level":"info","message":"Redis client is ready","service":"auth-service","timestamp":"2025-08-29T08:01:42.068Z"}
{"level":"info","message":"MongoDb  connected successfully","service":"auth-service","timestamp":"2025-08-29T08:01:42.504Z"}
{"level":"info","message":"App started at port 8000","service":"auth-service","timestamp":"2025-08-29T08:01:42.504Z"}
{"level":"info","message":"DB connection started","service":"auth-service","timestamp":"2025-08-29T08:03:02.603Z"}
{"level":"info","message":"Successfully connected to Redis","service":"auth-service","timestamp":"2025-08-29T08:03:02.613Z"}
{"level":"info","message":"Redis client is ready","service":"auth-service","timestamp":"2025-08-29T08:03:02.616Z"}
{"level":"info","message":"MongoDb  connected successfully","service":"auth-service","timestamp":"2025-08-29T08:03:03.239Z"}
{"level":"info","message":"App started at port 8000","service":"auth-service","timestamp":"2025-08-29T08:03:03.240Z"}
{"level":"info","message":"DB connection started","service":"auth-service","timestamp":"2025-08-29T08:03:06.604Z"}
{"level":"info","message":"Successfully connected to Redis","service":"auth-service","timestamp":"2025-08-29T08:03:06.616Z"}
{"level":"info","message":"Redis client is ready","service":"auth-service","timestamp":"2025-08-29T08:03:06.618Z"}
{"level":"info","message":"DB connection started","service":"auth-service","timestamp":"2025-08-29T08:03:08.626Z"}
{"level":"info","message":"Successfully connected to Redis","service":"auth-service","timestamp":"2025-08-29T08:03:08.644Z"}
{"level":"info","message":"Redis client is ready","service":"auth-service","timestamp":"2025-08-29T08:03:08.648Z"}
{"level":"info","message":"MongoDb  connected successfully","service":"auth-service","timestamp":"2025-08-29T08:03:09.088Z"}
{"level":"info","message":"App started at port 8000","service":"auth-service","timestamp":"2025-08-29T08:03:09.089Z"}
{"level":"info","message":"DB connection started","service":"auth-service","timestamp":"2025-08-29T08:03:16.179Z"}
{"level":"info","message":"Successfully connected to Redis","service":"auth-service","timestamp":"2025-08-29T08:03:16.189Z"}
{"level":"info","message":"Redis client is ready","service":"auth-service","timestamp":"2025-08-29T08:03:16.191Z"}
{"level":"info","message":"MongoDb  connected successfully","service":"auth-service","timestamp":"2025-08-29T08:03:16.636Z"}
{"level":"info","message":"App started at port 8000","service":"auth-service","timestamp":"2025-08-29T08:03:16.637Z"}
{"level":"warn","message":"Checking for rate limit","service":"auth-service","timestamp":"2025-08-29T08:03:25.742Z"}
{"level":"info","message":"request from /api/auth/emailVerify/ukonulucky@gmail.com/f5b6020e4150409b66694e9e2bbdb3acfe319611 having a method of GET","service":"auth-service","timestamp":"2025-08-29T08:03:25.746Z"}
{"level":"info","message":"user hits the verify email controller","service":"auth-service","timestamp":"2025-08-29T08:03:25.747Z"}
{"level":"info","message":"DB connection started","service":"auth-service","timestamp":"2025-08-29T08:04:14.073Z"}
{"level":"info","message":"Successfully connected to Redis","service":"auth-service","timestamp":"2025-08-29T08:04:14.082Z"}
{"level":"info","message":"Redis client is ready","service":"auth-service","timestamp":"2025-08-29T08:04:14.084Z"}
{"level":"info","message":"MongoDb  connected successfully","service":"auth-service","timestamp":"2025-08-29T08:04:14.564Z"}
{"level":"info","message":"App started at port 8000","service":"auth-service","timestamp":"2025-08-29T08:04:14.565Z"}
{"level":"info","message":"DB connection started","service":"auth-service","timestamp":"2025-08-29T08:04:20.966Z"}
{"level":"info","message":"Successfully connected to Redis","service":"auth-service","timestamp":"2025-08-29T08:04:20.977Z"}
{"level":"info","message":"Redis client is ready","service":"auth-service","timestamp":"2025-08-29T08:04:20.979Z"}
{"level":"info","message":"MongoDb  connected successfully","service":"auth-service","timestamp":"2025-08-29T08:04:21.599Z"}
{"level":"info","message":"App started at port 8000","service":"auth-service","timestamp":"2025-08-29T08:04:21.600Z"}
{"level":"warn","message":"Checking for rate limit","service":"auth-service","timestamp":"2025-08-29T08:04:27.100Z"}
{"level":"info","message":"request from /api/auth/emailVerify/ukonulucky@gmail.com/f5b6020e4150409b66694e9e2bbdb3acfe319611 having a method of GET","service":"auth-service","timestamp":"2025-08-29T08:04:27.115Z"}
{"level":"info","message":"user hits the verify email controller","service":"auth-service","timestamp":"2025-08-29T08:04:27.117Z"}
{"level":"info","message":"DB connection started","service":"auth-service","timestamp":"2025-08-29T08:06:04.821Z"}
{"level":"info","message":"Successfully connected to Redis","service":"auth-service","timestamp":"2025-08-29T08:06:04.841Z"}
{"level":"info","message":"Redis client is ready","service":"auth-service","timestamp":"2025-08-29T08:06:04.844Z"}
{"level":"info","message":"MongoDb  connected successfully","service":"auth-service","timestamp":"2025-08-29T08:06:05.413Z"}
{"level":"info","message":"App started at port 8000","service":"auth-service","timestamp":"2025-08-29T08:06:05.413Z"}
{"level":"warn","message":"Checking for rate limit","service":"auth-service","timestamp":"2025-08-29T08:07:29.838Z"}
{"level":"info","message":"request from /api/auth/delete/f5b6020e4150409b66694e9e2bbdb3acfe319611 having a method of DELETE","service":"auth-service","timestamp":"2025-08-29T08:07:29.843Z"}
{"level":"info","message":"user hits the deleteController","service":"auth-service","timestamp":"2025-08-29T08:07:29.844Z"}
{"kind":"ObjectId","level":"error","message":"user deletion error Cast to ObjectId failed for value \"f5b6020e4150409b66694e9e2bbdb3acfe319611\" (type string) at path \"_id\" for model \"User\"","path":"_id","reason":{},"service":"auth-service","stack":"CastError: Cast to ObjectId failed for value \"f5b6020e4150409b66694e9e2bbdb3acfe319611\" (type string) at path \"_id\" for model \"User\"\n    at SchemaObjectId.cast (/Users/home/Desktop/projects/ROSCA/rusca-microservices-server/authservices/node_modules/mongoose/lib/schema/objectId.js:251:11)\n    at SchemaObjectId.SchemaType.applySetters (/Users/home/Desktop/projects/ROSCA/rusca-microservices-server/authservices/node_modules/mongoose/lib/schemaType.js:1258:12)\n    at SchemaObjectId.SchemaType.castForQuery (/Users/home/Desktop/projects/ROSCA/rusca-microservices-server/authservices/node_modules/mongoose/lib/schemaType.js:1676:17)\n    at cast (/Users/home/Desktop/projects/ROSCA/rusca-microservices-server/authservices/node_modules/mongoose/lib/cast.js:390:32)\n    at model.Query.Query.cast (/Users/home/Desktop/projects/ROSCA/rusca-microservices-server/authservices/node_modules/mongoose/lib/query.js:5055:12)\n    at model.Query.Query._castConditions (/Users/home/Desktop/projects/ROSCA/rusca-microservices-server/authservices/node_modules/mongoose/lib/query.js:2351:10)\n    at model.Query._findOneAndDelete (/Users/home/Desktop/projects/ROSCA/rusca-microservices-server/authservices/node_modules/mongoose/lib/query.js:3593:8)\n    at model.Query.exec (/Users/home/Desktop/projects/ROSCA/rusca-microservices-server/authservices/node_modules/mongoose/lib/query.js:4604:80)\n    at processTicksAndRejections (node:internal/process/task_queues:105:5)\n    at async deleteUserController (/Users/home/Desktop/projects/ROSCA/rusca-microservices-server/authservices/src/controllers/userControllers.ts:522:23)","stringValue":"\"f5b6020e4150409b66694e9e2bbdb3acfe319611\"","timestamp":"2025-08-29T08:07:29.865Z","value":"f5b6020e4150409b66694e9e2bbdb3acfe319611","valueType":"string"}
{"level":"warn","message":"Checking for rate limit","service":"auth-service","timestamp":"2025-08-29T08:08:08.561Z"}
{"level":"info","message":"request from /api/auth/delete/68b0c4f2985f1c27a91c8a50 having a method of DELETE","service":"auth-service","timestamp":"2025-08-29T08:08:08.565Z"}
{"level":"info","message":"user hits the deleteController","service":"auth-service","timestamp":"2025-08-29T08:08:08.565Z"}
{"level":"info","message":"DB connection started","service":"auth-service","timestamp":"2025-08-29T08:09:29.019Z"}
{"level":"info","message":"Successfully connected to Redis","service":"auth-service","timestamp":"2025-08-29T08:09:29.072Z"}
{"level":"info","message":"Redis client is ready","service":"auth-service","timestamp":"2025-08-29T08:09:29.082Z"}
{"level":"info","message":"MongoDb  connected successfully","service":"auth-service","timestamp":"2025-08-29T08:09:29.847Z"}
{"level":"info","message":"App started at port 8000","service":"auth-service","timestamp":"2025-08-29T08:09:29.847Z"}
{"level":"info","message":"DB connection started","service":"auth-service","timestamp":"2025-08-29T08:09:32.421Z"}
{"level":"info","message":"Successfully connected to Redis","service":"auth-service","timestamp":"2025-08-29T08:09:32.433Z"}
{"level":"info","message":"Redis client is ready","service":"auth-service","timestamp":"2025-08-29T08:09:32.435Z"}
{"level":"info","message":"MongoDb  connected successfully","service":"auth-service","timestamp":"2025-08-29T08:09:32.923Z"}
{"level":"info","message":"App started at port 8000","service":"auth-service","timestamp":"2025-08-29T08:09:32.923Z"}
{"level":"info","message":"DB connection started","service":"auth-service","timestamp":"2025-08-29T08:09:57.504Z"}
{"level":"info","message":"Successfully connected to Redis","service":"auth-service","timestamp":"2025-08-29T08:09:57.515Z"}
{"level":"info","message":"Redis client is ready","service":"auth-service","timestamp":"2025-08-29T08:09:57.517Z"}
{"level":"info","message":"DB connection started","service":"auth-service","timestamp":"2025-08-29T08:10:05.729Z"}
{"level":"info","message":"Successfully connected to Redis","service":"auth-service","timestamp":"2025-08-29T08:10:05.746Z"}
{"level":"info","message":"Redis client is ready","service":"auth-service","timestamp":"2025-08-29T08:10:05.758Z"}
{"level":"info","message":"MongoDb  connected successfully","service":"auth-service","timestamp":"2025-08-29T08:10:06.358Z"}
{"level":"info","message":"App started at port 8000","service":"auth-service","timestamp":"2025-08-29T08:10:06.358Z"}
{"level":"info","message":"DB connection started","service":"auth-service","timestamp":"2025-08-29T08:10:18.722Z"}
{"level":"info","message":"Successfully connected to Redis","service":"auth-service","timestamp":"2025-08-29T08:10:18.734Z"}
{"level":"info","message":"Redis client is ready","service":"auth-service","timestamp":"2025-08-29T08:10:18.746Z"}
{"level":"info","message":"MongoDb  connected successfully","service":"auth-service","timestamp":"2025-08-29T08:10:19.181Z"}
{"level":"info","message":"App started at port 8000","service":"auth-service","timestamp":"2025-08-29T08:10:19.182Z"}
{"level":"warn","message":"Checking for rate limit","service":"auth-service","timestamp":"2025-08-29T08:10:49.304Z"}
{"level":"info","message":"request from /api/auth/delete/68b0c4f2985f1c27a91c8a50 having a method of DELETE","service":"auth-service","timestamp":"2025-08-29T08:10:49.313Z"}
{"level":"info","message":"user hits the deleteController","service":"auth-service","timestamp":"2025-08-29T08:10:49.315Z"}
{"level":"warn","message":"Checking for rate limit","service":"auth-service","timestamp":"2025-08-29T08:10:58.041Z"}
{"level":"info","message":"request from /api/auth/delete/f5b6020e4150409b66694e9e2bbdb3acfe319611 having a method of DELETE","service":"auth-service","timestamp":"2025-08-29T08:10:58.043Z"}
{"level":"info","message":"user hits the deleteController","service":"auth-service","timestamp":"2025-08-29T08:10:58.043Z"}
{"level":"warn","message":"Checking for rate limit","service":"auth-service","timestamp":"2025-08-29T08:11:35.773Z"}
{"level":"info","message":"request from /api/auth/register having a method of POST","service":"auth-service","timestamp":"2025-08-29T08:11:35.776Z"}
{"level":"info","message":"user hit the register controller","service":"auth-service","timestamp":"2025-08-29T08:11:35.776Z"}
{"level":"info","message":"user created","service":"auth-service","timestamp":"2025-08-29T08:11:35.920Z"}
{"level":"warn","message":"Checking for rate limit","service":"auth-service","timestamp":"2025-08-29T08:11:57.677Z"}
{"level":"info","message":"request from /api/auth/login having a method of POST","service":"auth-service","timestamp":"2025-08-29T08:11:57.678Z"}
{"level":"info","message":"user hit the login controller","service":"auth-service","timestamp":"2025-08-29T08:11:57.681Z"}
{"level":"info","message":"attempt to create an email verification token","service":"auth-service","timestamp":"2025-08-29T08:11:57.778Z"}
{"level":"warn","message":"Checking for rate limit","service":"auth-service","timestamp":"2025-08-29T08:13:32.987Z"}
{"level":"info","message":"request from /api/auth/emailVerify/ukonulucky@gmail.com/3af6b8677f3386199b0ffdd9bd722da414ddd9fb having a method of GET","service":"auth-service","timestamp":"2025-08-29T08:13:33.000Z"}
{"level":"info","message":"user hits the verify email controller","service":"auth-service","timestamp":"2025-08-29T08:13:33.001Z"}
{"level":"warn","message":"Checking for rate limit","service":"auth-service","timestamp":"2025-08-29T08:16:51.456Z"}
{"level":"info","message":"request from /api/auth/register having a method of POST","service":"auth-service","timestamp":"2025-08-29T08:16:51.478Z"}
{"level":"info","message":"user hit the register controller","service":"auth-service","timestamp":"2025-08-29T08:16:51.480Z"}
{"level":"warn","message":"Attempted registration with existing email","service":"auth-service","timestamp":"2025-08-29T08:16:51.536Z"}
{"level":"warn","message":"Checking for rate limit","service":"auth-service","timestamp":"2025-08-29T08:17:00.407Z"}
{"level":"info","message":"request from /api/auth/register having a method of POST","service":"auth-service","timestamp":"2025-08-29T08:17:00.410Z"}
{"level":"info","message":"user hit the register controller","service":"auth-service","timestamp":"2025-08-29T08:17:00.411Z"}
{"level":"info","message":"user created","service":"auth-service","timestamp":"2025-08-29T08:17:00.548Z"}
{"level":"info","message":"DB connection started","service":"auth-service","timestamp":"2025-08-29T08:18:16.885Z"}
{"level":"info","message":"Successfully connected to Redis","service":"auth-service","timestamp":"2025-08-29T08:18:16.905Z"}
{"level":"info","message":"Redis client is ready","service":"auth-service","timestamp":"2025-08-29T08:18:16.921Z"}
{"level":"info","message":"MongoDb  connected successfully","service":"auth-service","timestamp":"2025-08-29T08:18:17.411Z"}
{"level":"info","message":"App started at port 8000","service":"auth-service","timestamp":"2025-08-29T08:18:17.411Z"}
{"level":"info","message":"DB connection started","service":"auth-service","timestamp":"2025-08-29T08:18:40.441Z"}
{"level":"info","message":"Successfully connected to Redis","service":"auth-service","timestamp":"2025-08-29T08:18:40.453Z"}
{"level":"info","message":"Redis client is ready","service":"auth-service","timestamp":"2025-08-29T08:18:40.456Z"}
{"level":"info","message":"MongoDb  connected successfully","service":"auth-service","timestamp":"2025-08-29T08:18:40.892Z"}
{"level":"info","message":"App started at port 8000","service":"auth-service","timestamp":"2025-08-29T08:18:40.892Z"}
{"level":"warn","message":"Checking for rate limit","service":"auth-service","timestamp":"2025-08-29T08:19:19.513Z"}
{"level":"info","message":"request from /api/auth/register having a method of POST","service":"auth-service","timestamp":"2025-08-29T08:19:19.517Z"}
{"level":"info","message":"user hit the register controller","service":"auth-service","timestamp":"2025-08-29T08:19:19.518Z"}
{"level":"info","message":"user created","service":"auth-service","timestamp":"2025-08-29T08:19:19.660Z"}
{"level":"warn","message":"Checking for rate limit","service":"auth-service","timestamp":"2025-08-29T08:20:48.268Z"}
{"level":"info","message":"request from /api/auth/register having a method of POST","service":"auth-service","timestamp":"2025-08-29T08:20:48.274Z"}
{"level":"info","message":"user hit the register controller","service":"auth-service","timestamp":"2025-08-29T08:20:48.275Z"}
{"level":"info","message":"user created","service":"auth-service","timestamp":"2025-08-29T08:20:48.417Z"}
{"level":"warn","message":"Checking for rate limit","service":"auth-service","timestamp":"2025-08-29T08:21:41.180Z"}
{"level":"info","message":"request from /api/auth/emailVerify/ukonulucky@gmail.com/0292f42c104a7ad8526d0fad43cb73a39127b357 having a method of GET","service":"auth-service","timestamp":"2025-08-29T08:21:41.187Z"}
{"level":"info","message":"user hits the verify email controller","service":"auth-service","timestamp":"2025-08-29T08:21:41.188Z"}
{"level":"info","message":"DB connection started","service":"auth-service","timestamp":"2025-08-29T08:23:17.887Z"}
{"level":"info","message":"Successfully connected to Redis","service":"auth-service","timestamp":"2025-08-29T08:23:17.900Z"}
{"level":"info","message":"Redis client is ready","service":"auth-service","timestamp":"2025-08-29T08:23:17.907Z"}
{"level":"info","message":"MongoDb  connected successfully","service":"auth-service","timestamp":"2025-08-29T08:23:18.463Z"}
{"level":"info","message":"App started at port 8000","service":"auth-service","timestamp":"2025-08-29T08:23:18.464Z"}
{"level":"info","message":"DB connection started","service":"auth-service","timestamp":"2025-08-29T08:26:31.778Z"}
{"level":"info","message":"Successfully connected to Redis","service":"auth-service","timestamp":"2025-08-29T08:26:31.799Z"}
{"level":"info","message":"Redis client is ready","service":"auth-service","timestamp":"2025-08-29T08:26:31.813Z"}
{"level":"info","message":"MongoDb  connected successfully","service":"auth-service","timestamp":"2025-08-29T08:26:32.389Z"}
{"level":"info","message":"App started at port 8000","service":"auth-service","timestamp":"2025-08-29T08:26:32.390Z"}
{"level":"warn","message":"Checking for rate limit","service":"auth-service","timestamp":"2025-08-29T08:27:22.124Z"}
{"level":"info","message":"request from /api/auth/login having a method of POST","service":"auth-service","timestamp":"2025-08-29T08:27:22.178Z"}
{"level":"info","message":"user hit the login controller","service":"auth-service","timestamp":"2025-08-29T08:27:22.179Z"}
{"level":"info","message":"attempt to create an email verification token","service":"auth-service","timestamp":"2025-08-29T08:27:22.309Z"}
{"level":"info","message":"DB connection started","service":"auth-service","timestamp":"2025-08-29T08:28:22.679Z"}
{"level":"info","message":"Successfully connected to Redis","service":"auth-service","timestamp":"2025-08-29T08:28:22.692Z"}
{"level":"info","message":"Redis client is ready","service":"auth-service","timestamp":"2025-08-29T08:28:22.698Z"}
{"level":"info","message":"MongoDb  connected successfully","service":"auth-service","timestamp":"2025-08-29T08:28:23.217Z"}
{"level":"info","message":"App started at port 8000","service":"auth-service","timestamp":"2025-08-29T08:28:23.217Z"}
{"level":"info","message":"DB connection started","service":"auth-service","timestamp":"2025-08-29T08:28:37.932Z"}
{"level":"info","message":"Successfully connected to Redis","service":"auth-service","timestamp":"2025-08-29T08:28:37.945Z"}
{"level":"info","message":"Redis client is ready","service":"auth-service","timestamp":"2025-08-29T08:28:37.949Z"}
{"level":"info","message":"MongoDb  connected successfully","service":"auth-service","timestamp":"2025-08-29T08:28:38.826Z"}
{"level":"info","message":"App started at port 8000","service":"auth-service","timestamp":"2025-08-29T08:28:38.826Z"}
{"level":"warn","message":"Checking for rate limit","service":"auth-service","timestamp":"2025-08-29T08:28:51.195Z"}
{"level":"info","message":"request from /api/auth/login having a method of POST","service":"auth-service","timestamp":"2025-08-29T08:28:51.219Z"}
{"level":"info","message":"user hit the login controller","service":"auth-service","timestamp":"2025-08-29T08:28:51.223Z"}
{"level":"info","message":"attempt to create an email verification token","service":"auth-service","timestamp":"2025-08-29T08:28:51.327Z"}
{"level":"info","message":"DB connection started","service":"auth-service","timestamp":"2025-08-29T08:29:40.598Z"}
{"level":"info","message":"Successfully connected to Redis","service":"auth-service","timestamp":"2025-08-29T08:29:40.610Z"}
{"level":"info","message":"Redis client is ready","service":"auth-service","timestamp":"2025-08-29T08:29:40.611Z"}
{"level":"info","message":"MongoDb  connected successfully","service":"auth-service","timestamp":"2025-08-29T08:29:41.169Z"}
{"level":"info","message":"App started at port 8000","service":"auth-service","timestamp":"2025-08-29T08:29:41.169Z"}
{"level":"info","message":"DB connection started","service":"auth-service","timestamp":"2025-08-29T08:29:54.861Z"}
{"level":"info","message":"Successfully connected to Redis","service":"auth-service","timestamp":"2025-08-29T08:29:54.870Z"}
{"level":"info","message":"Redis client is ready","service":"auth-service","timestamp":"2025-08-29T08:29:54.873Z"}
{"level":"info","message":"MongoDb  connected successfully","service":"auth-service","timestamp":"2025-08-29T08:29:55.435Z"}
{"level":"info","message":"App started at port 8000","service":"auth-service","timestamp":"2025-08-29T08:29:55.435Z"}
{"level":"info","message":"DB connection started","service":"auth-service","timestamp":"2025-08-29T08:30:09.058Z"}
{"level":"info","message":"Successfully connected to Redis","service":"auth-service","timestamp":"2025-08-29T08:30:09.070Z"}
{"level":"info","message":"Redis client is ready","service":"auth-service","timestamp":"2025-08-29T08:30:09.071Z"}
{"level":"info","message":"MongoDb  connected successfully","service":"auth-service","timestamp":"2025-08-29T08:30:09.573Z"}
{"level":"info","message":"App started at port 8000","service":"auth-service","timestamp":"2025-08-29T08:30:09.574Z"}
{"level":"info","message":"DB connection started","service":"auth-service","timestamp":"2025-08-29T08:34:13.286Z"}
{"level":"info","message":"Successfully connected to Redis","service":"auth-service","timestamp":"2025-08-29T08:34:13.301Z"}
{"level":"info","message":"Redis client is ready","service":"auth-service","timestamp":"2025-08-29T08:34:13.317Z"}
{"level":"info","message":"MongoDb  connected successfully","service":"auth-service","timestamp":"2025-08-29T08:34:13.899Z"}
{"level":"info","message":"App started at port 8000","service":"auth-service","timestamp":"2025-08-29T08:34:13.899Z"}
{"level":"info","message":"DB connection started","service":"auth-service","timestamp":"2025-08-29T08:34:44.322Z"}
{"level":"info","message":"Successfully connected to Redis","service":"auth-service","timestamp":"2025-08-29T08:34:44.331Z"}
{"level":"info","message":"Redis client is ready","service":"auth-service","timestamp":"2025-08-29T08:34:44.342Z"}
{"level":"info","message":"MongoDb  connected successfully","service":"auth-service","timestamp":"2025-08-29T08:34:44.751Z"}
{"level":"info","message":"App started at port 8000","service":"auth-service","timestamp":"2025-08-29T08:34:44.751Z"}
{"level":"warn","message":"Checking for rate limit","service":"auth-service","timestamp":"2025-08-29T08:34:59.411Z"}
{"level":"info","message":"request from /api/auth/login having a method of POST","service":"auth-service","timestamp":"2025-08-29T08:34:59.475Z"}
{"level":"info","message":"user hit the login controller","service":"auth-service","timestamp":"2025-08-29T08:34:59.476Z"}
{"level":"info","message":"attempt to create an email verification token","service":"auth-service","timestamp":"2025-08-29T08:34:59.599Z"}
{"level":"warn","message":"Checking for rate limit","service":"auth-service","timestamp":"2025-08-29T08:36:05.663Z"}
{"level":"info","message":"request from /api/auth/emailVerify/ukonulucky@gmail.com/42043465ec25a244bfcfa01c86d9a92195d9a388 having a method of GET","service":"auth-service","timestamp":"2025-08-29T08:36:05.721Z"}
{"level":"info","message":"user hits the verify email controller","service":"auth-service","timestamp":"2025-08-29T08:36:05.724Z"}
{"level":"warn","message":"Checking for rate limit","service":"auth-service","timestamp":"2025-08-29T08:36:57.226Z"}
{"level":"info","message":"request from /api/auth/login having a method of POST","service":"auth-service","timestamp":"2025-08-29T08:36:57.267Z"}
{"level":"info","message":"user hit the login controller","service":"auth-service","timestamp":"2025-08-29T08:36:57.268Z"}
{"level":"info","message":"DB connection started","service":"auth-service","timestamp":"2025-08-29T08:38:25.638Z"}
{"level":"info","message":"Successfully connected to Redis","service":"auth-service","timestamp":"2025-08-29T08:38:25.656Z"}
{"level":"info","message":"Redis client is ready","service":"auth-service","timestamp":"2025-08-29T08:38:25.663Z"}
{"level":"info","message":"MongoDb  connected successfully","service":"auth-service","timestamp":"2025-08-29T08:38:26.169Z"}
{"level":"info","message":"App started at port 8000","service":"auth-service","timestamp":"2025-08-29T08:38:26.170Z"}
{"level":"warn","message":"Checking for rate limit","service":"auth-service","timestamp":"2025-08-29T08:39:40.305Z"}
{"level":"info","message":"request from /api/auth/delete/68b162e077d56d31a3f88a86 having a method of DELETE","service":"auth-service","timestamp":"2025-08-29T08:39:40.324Z"}
{"level":"info","message":"user hits the deleteController","service":"auth-service","timestamp":"2025-08-29T08:39:40.326Z"}
{"level":"warn","message":"Checking for rate limit","service":"auth-service","timestamp":"2025-08-29T08:39:47.948Z"}
{"level":"info","message":"request from /api/auth/register having a method of POST","service":"auth-service","timestamp":"2025-08-29T08:39:47.951Z"}
{"level":"info","message":"user hit the register controller","service":"auth-service","timestamp":"2025-08-29T08:39:47.951Z"}
{"level":"info","message":"user created","service":"auth-service","timestamp":"2025-08-29T08:39:48.079Z"}
{"level":"warn","message":"Checking for rate limit","service":"auth-service","timestamp":"2025-08-29T08:40:07.364Z"}
{"level":"info","message":"request from /api/auth/emailVerify/ukonulucky@gmail.com/c87f96c2153d656e7a0d7e4ab842042b50f4bb7d having a method of GET","service":"auth-service","timestamp":"2025-08-29T08:40:07.379Z"}
{"level":"info","message":"user hits the verify email controller","service":"auth-service","timestamp":"2025-08-29T08:40:07.380Z"}
{"level":"info","message":"DB connection started","service":"auth-service","timestamp":"2025-08-29T08:45:11.512Z"}
{"level":"info","message":"Successfully connected to Redis","service":"auth-service","timestamp":"2025-08-29T08:45:11.532Z"}
{"level":"info","message":"Redis client is ready","service":"auth-service","timestamp":"2025-08-29T08:45:11.538Z"}
{"level":"info","message":"MongoDb  connected successfully","service":"auth-service","timestamp":"2025-08-29T08:45:12.060Z"}
{"level":"info","message":"App started at port 8000","service":"auth-service","timestamp":"2025-08-29T08:45:12.060Z"}
{"level":"warn","message":"Checking for rate limit","service":"auth-service","timestamp":"2025-08-29T08:45:36.811Z"}
{"level":"info","message":"request from /api/auth/logOut having a method of GET","service":"auth-service","timestamp":"2025-08-29T08:45:36.888Z"}
{"level":"warn","message":"Checking for rate limit","service":"auth-service","timestamp":"2025-08-29T08:45:50.461Z"}
{"level":"info","message":"request from /api/auth/logOut/68b16753222d8654479bb9d9 having a method of GET","service":"auth-service","timestamp":"2025-08-29T08:45:50.464Z"}
{"level":"info","message":"DB connection started","service":"auth-service","timestamp":"2025-08-29T08:46:17.168Z"}
{"level":"info","message":"Successfully connected to Redis","service":"auth-service","timestamp":"2025-08-29T08:46:17.178Z"}
{"level":"info","message":"Redis client is ready","service":"auth-service","timestamp":"2025-08-29T08:46:17.181Z"}
{"level":"info","message":"MongoDb  connected successfully","service":"auth-service","timestamp":"2025-08-29T08:46:17.663Z"}
{"level":"info","message":"App started at port 8000","service":"auth-service","timestamp":"2025-08-29T08:46:17.663Z"}
{"level":"warn","message":"Checking for rate limit","service":"auth-service","timestamp":"2025-08-29T08:46:34.796Z"}
{"level":"info","message":"request from /api/auth/logOut having a method of GET","service":"auth-service","timestamp":"2025-08-29T08:46:34.799Z"}
{"level":"info","message":"DB connection started","service":"auth-service","timestamp":"2025-08-29T08:47:42.562Z"}
{"level":"info","message":"Successfully connected to Redis","service":"auth-service","timestamp":"2025-08-29T08:47:42.575Z"}
{"level":"info","message":"Redis client is ready","service":"auth-service","timestamp":"2025-08-29T08:47:42.576Z"}
{"level":"info","message":"MongoDb  connected successfully","service":"auth-service","timestamp":"2025-08-29T08:47:43.111Z"}
{"level":"info","message":"App started at port 8000","service":"auth-service","timestamp":"2025-08-29T08:47:43.112Z"}
{"level":"info","message":"DB connection started","service":"auth-service","timestamp":"2025-08-29T08:47:47.846Z"}
{"level":"info","message":"Successfully connected to Redis","service":"auth-service","timestamp":"2025-08-29T08:47:47.855Z"}
{"level":"info","message":"Redis client is ready","service":"auth-service","timestamp":"2025-08-29T08:47:47.857Z"}
{"level":"info","message":"MongoDb  connected successfully","service":"auth-service","timestamp":"2025-08-29T08:47:48.333Z"}
{"level":"info","message":"App started at port 8000","service":"auth-service","timestamp":"2025-08-29T08:47:48.333Z"}
{"level":"info","message":"DB connection started","service":"auth-service","timestamp":"2025-08-29T08:49:20.863Z"}
{"level":"info","message":"Successfully connected to Redis","service":"auth-service","timestamp":"2025-08-29T08:49:20.873Z"}
{"level":"info","message":"Redis client is ready","service":"auth-service","timestamp":"2025-08-29T08:49:20.875Z"}
{"level":"info","message":"MongoDb  connected successfully","service":"auth-service","timestamp":"2025-08-29T08:49:21.436Z"}
{"level":"info","message":"App started at port 8000","service":"auth-service","timestamp":"2025-08-29T08:49:21.436Z"}
{"level":"warn","message":"Checking for rate limit","service":"auth-service","timestamp":"2025-08-29T08:49:29.396Z"}
{"level":"info","message":"request from /api/auth/login having a method of POST","service":"auth-service","timestamp":"2025-08-29T08:49:29.401Z"}
{"level":"info","message":"user hit the login controller","service":"auth-service","timestamp":"2025-08-29T08:49:29.402Z"}
{"level":"warn","message":"Checking for rate limit","service":"auth-service","timestamp":"2025-08-29T08:49:53.100Z"}
{"level":"info","message":"request from /api/auth/logOut having a method of GET","service":"auth-service","timestamp":"2025-08-29T08:49:53.103Z"}
{"level":"info","message":"user hit the logout controller","service":"auth-service","timestamp":"2025-08-29T08:49:53.145Z"}
{"level":"info","message":"DB connection started","service":"auth-service","timestamp":"2025-08-29T08:50:17.085Z"}
{"level":"info","message":"Successfully connected to Redis","service":"auth-service","timestamp":"2025-08-29T08:50:17.099Z"}
{"level":"info","message":"Redis client is ready","service":"auth-service","timestamp":"2025-08-29T08:50:17.101Z"}
{"level":"info","message":"MongoDb  connected successfully","service":"auth-service","timestamp":"2025-08-29T08:50:17.591Z"}
{"level":"info","message":"App started at port 8000","service":"auth-service","timestamp":"2025-08-29T08:50:17.592Z"}
{"level":"info","message":"DB connection started","service":"auth-service","timestamp":"2025-08-29T08:50:50.127Z"}
{"level":"info","message":"Successfully connected to Redis","service":"auth-service","timestamp":"2025-08-29T08:50:50.139Z"}
{"level":"info","message":"Redis client is ready","service":"auth-service","timestamp":"2025-08-29T08:50:50.141Z"}
{"level":"info","message":"MongoDb  connected successfully","service":"auth-service","timestamp":"2025-08-29T08:50:50.672Z"}
{"level":"info","message":"App started at port 8000","service":"auth-service","timestamp":"2025-08-29T08:50:50.673Z"}
{"level":"info","message":"DB connection started","service":"auth-service","timestamp":"2025-08-29T08:51:03.020Z"}
{"level":"info","message":"Successfully connected to Redis","service":"auth-service","timestamp":"2025-08-29T08:51:03.031Z"}
{"level":"info","message":"Redis client is ready","service":"auth-service","timestamp":"2025-08-29T08:51:03.033Z"}
{"level":"info","message":"MongoDb  connected successfully","service":"auth-service","timestamp":"2025-08-29T08:51:03.487Z"}
{"level":"info","message":"App started at port 8000","service":"auth-service","timestamp":"2025-08-29T08:51:03.487Z"}
{"level":"info","message":"DB connection started","service":"auth-service","timestamp":"2025-08-29T08:51:08.918Z"}
{"level":"info","message":"Successfully connected to Redis","service":"auth-service","timestamp":"2025-08-29T08:51:08.927Z"}
{"level":"info","message":"Redis client is ready","service":"auth-service","timestamp":"2025-08-29T08:51:08.929Z"}
{"level":"info","message":"MongoDb  connected successfully","service":"auth-service","timestamp":"2025-08-29T08:51:09.369Z"}
{"level":"info","message":"App started at port 8000","service":"auth-service","timestamp":"2025-08-29T08:51:09.370Z"}
{"level":"info","message":"DB connection started","service":"auth-service","timestamp":"2025-08-29T08:51:35.923Z"}
{"level":"info","message":"Successfully connected to Redis","service":"auth-service","timestamp":"2025-08-29T08:51:35.937Z"}
{"level":"info","message":"Redis client is ready","service":"auth-service","timestamp":"2025-08-29T08:51:35.938Z"}
{"level":"info","message":"MongoDb  connected successfully","service":"auth-service","timestamp":"2025-08-29T08:51:36.371Z"}
{"level":"info","message":"App started at port 8000","service":"auth-service","timestamp":"2025-08-29T08:51:36.372Z"}
{"level":"info","message":"DB connection started","service":"auth-service","timestamp":"2025-08-29T08:51:53.848Z"}
{"level":"info","message":"Successfully connected to Redis","service":"auth-service","timestamp":"2025-08-29T08:51:53.857Z"}
{"level":"info","message":"Redis client is ready","service":"auth-service","timestamp":"2025-08-29T08:51:53.859Z"}
{"level":"info","message":"MongoDb  connected successfully","service":"auth-service","timestamp":"2025-08-29T08:51:54.338Z"}
{"level":"info","message":"App started at port 8000","service":"auth-service","timestamp":"2025-08-29T08:51:54.338Z"}
{"level":"info","message":"DB connection started","service":"auth-service","timestamp":"2025-08-29T08:52:30.170Z"}
{"level":"info","message":"Successfully connected to Redis","service":"auth-service","timestamp":"2025-08-29T08:52:30.181Z"}
{"level":"info","message":"Redis client is ready","service":"auth-service","timestamp":"2025-08-29T08:52:30.206Z"}
{"level":"info","message":"MongoDb  connected successfully","service":"auth-service","timestamp":"2025-08-29T08:52:30.757Z"}
{"level":"info","message":"App started at port 8000","service":"auth-service","timestamp":"2025-08-29T08:52:30.757Z"}
{"level":"info","message":"DB connection started","service":"auth-service","timestamp":"2025-08-29T08:52:48.145Z"}
{"level":"info","message":"Successfully connected to Redis","service":"auth-service","timestamp":"2025-08-29T08:52:48.155Z"}
{"level":"info","message":"Redis client is ready","service":"auth-service","timestamp":"2025-08-29T08:52:48.157Z"}
{"level":"info","message":"MongoDb  connected successfully","service":"auth-service","timestamp":"2025-08-29T08:52:48.598Z"}
{"level":"info","message":"App started at port 8000","service":"auth-service","timestamp":"2025-08-29T08:52:48.598Z"}
{"level":"info","message":"DB connection started","service":"auth-service","timestamp":"2025-08-29T08:54:34.969Z"}
{"level":"info","message":"Successfully connected to Redis","service":"auth-service","timestamp":"2025-08-29T08:54:34.989Z"}
{"level":"info","message":"Redis client is ready","service":"auth-service","timestamp":"2025-08-29T08:54:34.992Z"}
{"level":"info","message":"MongoDb  connected successfully","service":"auth-service","timestamp":"2025-08-29T08:54:35.547Z"}
{"level":"info","message":"App started at port 8000","service":"auth-service","timestamp":"2025-08-29T08:54:35.548Z"}
{"level":"warn","message":"Checking for rate limit","service":"auth-service","timestamp":"2025-08-29T08:54:53.339Z"}
{"level":"info","message":"request from /api/auth/login having a method of POST","service":"auth-service","timestamp":"2025-08-29T08:54:53.346Z"}
{"level":"info","message":"user hit the login controller","service":"auth-service","timestamp":"2025-08-29T08:54:53.347Z"}
{"level":"warn","message":"Checking for rate limit","service":"auth-service","timestamp":"2025-08-29T08:55:16.372Z"}
{"level":"info","message":"request from /api/auth/delete/68b162e077d56d31a3f88a86 having a method of DELETE","service":"auth-service","timestamp":"2025-08-29T08:55:16.374Z"}
{"level":"warn","message":"Checking for rate limit","service":"auth-service","timestamp":"2025-08-29T08:55:30.426Z"}
{"level":"info","message":"request from /api/auth/delete/68b162e077d56d31a3f88a86 having a method of DELETE","service":"auth-service","timestamp":"2025-08-29T08:55:30.430Z"}
{"level":"warn","message":"Checking for rate limit","service":"auth-service","timestamp":"2025-08-29T08:55:38.394Z"}
{"level":"info","message":"request from /api/auth/delete/68b162e077d56d31a3f88a86 having a method of DELETE","service":"auth-service","timestamp":"2025-08-29T08:55:38.397Z"}
{"level":"info","message":"DB connection started","service":"auth-service","timestamp":"2025-08-29T08:57:05.378Z"}
{"level":"info","message":"Successfully connected to Redis","service":"auth-service","timestamp":"2025-08-29T08:57:05.401Z"}
{"level":"info","message":"Redis client is ready","service":"auth-service","timestamp":"2025-08-29T08:57:05.453Z"}
{"level":"info","message":"MongoDb  connected successfully","service":"auth-service","timestamp":"2025-08-29T08:57:05.938Z"}
{"level":"info","message":"App started at port 8000","service":"auth-service","timestamp":"2025-08-29T08:57:05.938Z"}
{"level":"warn","message":"Checking for rate limit","service":"auth-service","timestamp":"2025-08-29T08:57:20.032Z"}
{"level":"info","message":"request from /api/auth/delete/68b162e077d56d31a3f88a86 having a method of DELETE","service":"auth-service","timestamp":"2025-08-29T08:57:20.056Z"}
{"level":"info","message":"DB connection started","service":"auth-service","timestamp":"2025-08-29T09:47:41.025Z"}
{"level":"info","message":"Successfully connected to Redis","service":"auth-service","timestamp":"2025-08-29T09:47:41.052Z"}
{"level":"info","message":"Redis client is ready","service":"auth-service","timestamp":"2025-08-29T09:47:41.065Z"}
{"level":"info","message":"MongoDb  connected successfully","service":"auth-service","timestamp":"2025-08-29T09:47:41.617Z"}
{"level":"info","message":"App started at port 8000","service":"auth-service","timestamp":"2025-08-29T09:47:41.617Z"}
{"level":"info","message":"DB connection started","service":"auth-service","timestamp":"2025-08-29T09:47:48.601Z"}
{"level":"info","message":"Successfully connected to Redis","service":"auth-service","timestamp":"2025-08-29T09:47:48.621Z"}
{"level":"info","message":"Redis client is ready","service":"auth-service","timestamp":"2025-08-29T09:47:48.624Z"}
{"level":"info","message":"MongoDb  connected successfully","service":"auth-service","timestamp":"2025-08-29T09:47:49.082Z"}
{"level":"info","message":"App started at port 8000","service":"auth-service","timestamp":"2025-08-29T09:47:49.082Z"}
{"level":"info","message":"DB connection started","service":"auth-service","timestamp":"2025-08-29T09:47:54.928Z"}
{"level":"info","message":"Successfully connected to Redis","service":"auth-service","timestamp":"2025-08-29T09:47:54.941Z"}
{"level":"info","message":"Redis client is ready","service":"auth-service","timestamp":"2025-08-29T09:47:54.958Z"}
{"level":"info","message":"MongoDb  connected successfully","service":"auth-service","timestamp":"2025-08-29T09:47:55.419Z"}
{"level":"info","message":"App started at port 8000","service":"auth-service","timestamp":"2025-08-29T09:47:55.420Z"}
{"level":"info","message":"DB connection started","service":"auth-service","timestamp":"2025-08-29T09:48:00.828Z"}
{"level":"info","message":"Successfully connected to Redis","service":"auth-service","timestamp":"2025-08-29T09:48:00.846Z"}
{"level":"info","message":"Redis client is ready","service":"auth-service","timestamp":"2025-08-29T09:48:00.850Z"}
{"level":"info","message":"MongoDb  connected successfully","service":"auth-service","timestamp":"2025-08-29T09:48:01.281Z"}
{"level":"info","message":"App started at port 8000","service":"auth-service","timestamp":"2025-08-29T09:48:01.281Z"}
{"level":"info","message":"DB connection started","service":"auth-service","timestamp":"2025-08-29T09:48:06.100Z"}
{"level":"info","message":"Successfully connected to Redis","service":"auth-service","timestamp":"2025-08-29T09:48:06.110Z"}
{"level":"info","message":"Redis client is ready","service":"auth-service","timestamp":"2025-08-29T09:48:06.112Z"}
{"level":"info","message":"MongoDb  connected successfully","service":"auth-service","timestamp":"2025-08-29T09:48:06.669Z"}
{"level":"info","message":"App started at port 8000","service":"auth-service","timestamp":"2025-08-29T09:48:06.669Z"}
{"level":"info","message":"DB connection started","service":"auth-service","timestamp":"2025-08-29T09:48:12.690Z"}
{"level":"info","message":"Successfully connected to Redis","service":"auth-service","timestamp":"2025-08-29T09:48:12.703Z"}
{"level":"info","message":"Redis client is ready","service":"auth-service","timestamp":"2025-08-29T09:48:12.705Z"}
{"level":"info","message":"MongoDb  connected successfully","service":"auth-service","timestamp":"2025-08-29T09:48:13.127Z"}
{"level":"info","message":"App started at port 8000","service":"auth-service","timestamp":"2025-08-29T09:48:13.127Z"}
{"level":"info","message":"DB connection started","service":"auth-service","timestamp":"2025-08-29T09:48:21.135Z"}
{"level":"info","message":"Successfully connected to Redis","service":"auth-service","timestamp":"2025-08-29T09:48:21.145Z"}
{"level":"info","message":"Redis client is ready","service":"auth-service","timestamp":"2025-08-29T09:48:21.147Z"}
{"level":"info","message":"MongoDb  connected successfully","service":"auth-service","timestamp":"2025-08-29T09:48:21.589Z"}
{"level":"info","message":"App started at port 8000","service":"auth-service","timestamp":"2025-08-29T09:48:21.590Z"}
{"level":"info","message":"DB connection started","service":"auth-service","timestamp":"2025-08-29T09:48:35.481Z"}
{"level":"info","message":"Successfully connected to Redis","service":"auth-service","timestamp":"2025-08-29T09:48:35.493Z"}
{"level":"info","message":"Redis client is ready","service":"auth-service","timestamp":"2025-08-29T09:48:35.494Z"}
{"level":"info","message":"MongoDb  connected successfully","service":"auth-service","timestamp":"2025-08-29T09:48:36.000Z"}
{"level":"info","message":"App started at port 8000","service":"auth-service","timestamp":"2025-08-29T09:48:36.001Z"}
{"level":"info","message":"DB connection started","service":"auth-service","timestamp":"2025-08-29T09:48:39.833Z"}
{"level":"info","message":"Successfully connected to Redis","service":"auth-service","timestamp":"2025-08-29T09:48:39.846Z"}
{"level":"info","message":"Redis client is ready","service":"auth-service","timestamp":"2025-08-29T09:48:39.847Z"}
{"level":"info","message":"MongoDb  connected successfully","service":"auth-service","timestamp":"2025-08-29T09:48:40.306Z"}
{"level":"info","message":"App started at port 8000","service":"auth-service","timestamp":"2025-08-29T09:48:40.306Z"}
{"level":"info","message":"DB connection started","service":"auth-service","timestamp":"2025-08-29T09:48:42.549Z"}
{"level":"info","message":"Successfully connected to Redis","service":"auth-service","timestamp":"2025-08-29T09:48:42.662Z"}
{"level":"info","message":"Redis client is ready","service":"auth-service","timestamp":"2025-08-29T09:48:42.666Z"}
{"level":"info","message":"MongoDb  connected successfully","service":"auth-service","timestamp":"2025-08-29T09:48:43.108Z"}
{"level":"info","message":"App started at port 8000","service":"auth-service","timestamp":"2025-08-29T09:48:43.108Z"}
{"level":"info","message":"DB connection started","service":"auth-service","timestamp":"2025-08-29T09:48:47.671Z"}
{"level":"info","message":"Successfully connected to Redis","service":"auth-service","timestamp":"2025-08-29T09:48:47.684Z"}
{"level":"info","message":"Redis client is ready","service":"auth-service","timestamp":"2025-08-29T09:48:47.686Z"}
{"level":"info","message":"MongoDb  connected successfully","service":"auth-service","timestamp":"2025-08-29T09:48:48.141Z"}
{"level":"info","message":"App started at port 8000","service":"auth-service","timestamp":"2025-08-29T09:48:48.142Z"}
{"level":"info","message":"DB connection started","service":"auth-service","timestamp":"2025-08-29T09:49:00.112Z"}
{"level":"info","message":"Successfully connected to Redis","service":"auth-service","timestamp":"2025-08-29T09:49:00.121Z"}
{"level":"info","message":"Redis client is ready","service":"auth-service","timestamp":"2025-08-29T09:49:00.123Z"}
{"level":"info","message":"MongoDb  connected successfully","service":"auth-service","timestamp":"2025-08-29T09:49:00.742Z"}
{"level":"info","message":"App started at port 8000","service":"auth-service","timestamp":"2025-08-29T09:49:00.743Z"}
{"level":"info","message":"DB connection started","service":"auth-service","timestamp":"2025-08-29T09:49:03.151Z"}
{"level":"info","message":"Successfully connected to Redis","service":"auth-service","timestamp":"2025-08-29T09:49:03.167Z"}
{"level":"info","message":"Redis client is ready","service":"auth-service","timestamp":"2025-08-29T09:49:03.168Z"}
{"level":"info","message":"MongoDb  connected successfully","service":"auth-service","timestamp":"2025-08-29T09:49:03.602Z"}
{"level":"info","message":"App started at port 8000","service":"auth-service","timestamp":"2025-08-29T09:49:03.603Z"}
{"level":"info","message":"DB connection started","service":"auth-service","timestamp":"2025-08-29T09:49:14.785Z"}
{"level":"info","message":"Successfully connected to Redis","service":"auth-service","timestamp":"2025-08-29T09:49:14.798Z"}
{"level":"info","message":"Redis client is ready","service":"auth-service","timestamp":"2025-08-29T09:49:14.801Z"}
{"level":"info","message":"DB connection started","service":"auth-service","timestamp":"2025-08-29T09:49:24.844Z"}
{"level":"info","message":"Successfully connected to Redis","service":"auth-service","timestamp":"2025-08-29T09:49:24.855Z"}
{"level":"info","message":"Redis client is ready","service":"auth-service","timestamp":"2025-08-29T09:49:24.857Z"}
{"level":"info","message":"MongoDb  connected successfully","service":"auth-service","timestamp":"2025-08-29T09:49:25.296Z"}
{"level":"info","message":"App started at port 8000","service":"auth-service","timestamp":"2025-08-29T09:49:25.298Z"}
{"level":"info","message":"DB connection started","service":"auth-service","timestamp":"2025-08-29T09:49:35.381Z"}
{"level":"info","message":"Successfully connected to Redis","service":"auth-service","timestamp":"2025-08-29T09:49:35.394Z"}
{"level":"info","message":"Redis client is ready","service":"auth-service","timestamp":"2025-08-29T09:49:35.398Z"}
{"level":"info","message":"MongoDb  connected successfully","service":"auth-service","timestamp":"2025-08-29T09:49:35.869Z"}
{"level":"info","message":"App started at port 8000","service":"auth-service","timestamp":"2025-08-29T09:49:35.869Z"}
{"level":"info","message":"DB connection started","service":"auth-service","timestamp":"2025-08-29T09:52:22.510Z"}
{"level":"info","message":"Successfully connected to Redis","service":"auth-service","timestamp":"2025-08-29T09:52:22.521Z"}
{"level":"info","message":"Redis client is ready","service":"auth-service","timestamp":"2025-08-29T09:52:22.524Z"}
{"level":"info","message":"MongoDb  connected successfully","service":"auth-service","timestamp":"2025-08-29T09:52:23.048Z"}
{"level":"info","message":"App started at port 8000","service":"auth-service","timestamp":"2025-08-29T09:52:23.048Z"}
{"level":"info","message":"DB connection started","service":"auth-service","timestamp":"2025-08-29T09:52:32.739Z"}
{"level":"info","message":"Successfully connected to Redis","service":"auth-service","timestamp":"2025-08-29T09:52:32.749Z"}
{"level":"info","message":"Redis client is ready","service":"auth-service","timestamp":"2025-08-29T09:52:32.751Z"}
{"level":"info","message":"DB connection started","service":"auth-service","timestamp":"2025-08-29T09:52:34.911Z"}
{"level":"info","message":"Successfully connected to Redis","service":"auth-service","timestamp":"2025-08-29T09:52:34.921Z"}
{"level":"info","message":"Redis client is ready","service":"auth-service","timestamp":"2025-08-29T09:52:34.923Z"}
{"level":"info","message":"MongoDb  connected successfully","service":"auth-service","timestamp":"2025-08-29T09:52:35.390Z"}
{"level":"info","message":"App started at port 8000","service":"auth-service","timestamp":"2025-08-29T09:52:35.390Z"}
{"level":"info","message":"DB connection started","service":"auth-service","timestamp":"2025-08-29T09:52:40.099Z"}
{"level":"info","message":"Successfully connected to Redis","service":"auth-service","timestamp":"2025-08-29T09:52:40.108Z"}
{"level":"info","message":"Redis client is ready","service":"auth-service","timestamp":"2025-08-29T09:52:40.110Z"}
{"level":"info","message":"MongoDb  connected successfully","service":"auth-service","timestamp":"2025-08-29T09:52:40.571Z"}
{"level":"info","message":"App started at port 8000","service":"auth-service","timestamp":"2025-08-29T09:52:40.571Z"}
{"level":"info","message":"DB connection started","service":"auth-service","timestamp":"2025-08-29T09:52:45.525Z"}
{"level":"info","message":"Successfully connected to Redis","service":"auth-service","timestamp":"2025-08-29T09:52:45.541Z"}
{"level":"info","message":"Redis client is ready","service":"auth-service","timestamp":"2025-08-29T09:52:45.543Z"}
{"level":"info","message":"MongoDb  connected successfully","service":"auth-service","timestamp":"2025-08-29T09:52:45.973Z"}
{"level":"info","message":"App started at port 8000","service":"auth-service","timestamp":"2025-08-29T09:52:45.973Z"}
{"level":"info","message":"DB connection started","service":"auth-service","timestamp":"2025-08-29T09:52:58.338Z"}
{"level":"info","message":"Successfully connected to Redis","service":"auth-service","timestamp":"2025-08-29T09:52:58.349Z"}
{"level":"info","message":"Redis client is ready","service":"auth-service","timestamp":"2025-08-29T09:52:58.350Z"}
{"level":"info","message":"MongoDb  connected successfully","service":"auth-service","timestamp":"2025-08-29T09:52:58.772Z"}
{"level":"info","message":"App started at port 8000","service":"auth-service","timestamp":"2025-08-29T09:52:58.773Z"}
{"level":"info","message":"DB connection started","service":"auth-service","timestamp":"2025-08-29T09:53:15.219Z"}
{"level":"info","message":"Successfully connected to Redis","service":"auth-service","timestamp":"2025-08-29T09:53:15.229Z"}
{"level":"info","message":"Redis client is ready","service":"auth-service","timestamp":"2025-08-29T09:53:15.232Z"}
{"level":"info","message":"MongoDb  connected successfully","service":"auth-service","timestamp":"2025-08-29T09:53:15.657Z"}
{"level":"info","message":"App started at port 8000","service":"auth-service","timestamp":"2025-08-29T09:53:15.657Z"}
{"level":"info","message":"DB connection started","service":"auth-service","timestamp":"2025-08-29T09:53:20.789Z"}
{"level":"info","message":"Successfully connected to Redis","service":"auth-service","timestamp":"2025-08-29T09:53:20.803Z"}
{"level":"info","message":"Redis client is ready","service":"auth-service","timestamp":"2025-08-29T09:53:20.805Z"}
{"level":"info","message":"MongoDb  connected successfully","service":"auth-service","timestamp":"2025-08-29T09:53:21.256Z"}
{"level":"info","message":"App started at port 8000","service":"auth-service","timestamp":"2025-08-29T09:53:21.256Z"}
{"level":"info","message":"DB connection started","service":"auth-service","timestamp":"2025-08-29T09:53:24.120Z"}
{"level":"info","message":"Successfully connected to Redis","service":"auth-service","timestamp":"2025-08-29T09:53:24.130Z"}
{"level":"info","message":"Redis client is ready","service":"auth-service","timestamp":"2025-08-29T09:53:24.131Z"}
{"level":"info","message":"MongoDb  connected successfully","service":"auth-service","timestamp":"2025-08-29T09:53:24.739Z"}
{"level":"info","message":"App started at port 8000","service":"auth-service","timestamp":"2025-08-29T09:53:24.739Z"}
{"level":"info","message":"DB connection started","service":"auth-service","timestamp":"2025-08-29T09:53:27.682Z"}
{"level":"info","message":"Successfully connected to Redis","service":"auth-service","timestamp":"2025-08-29T09:53:27.700Z"}
{"level":"info","message":"Redis client is ready","service":"auth-service","timestamp":"2025-08-29T09:53:27.705Z"}
{"level":"info","message":"MongoDb  connected successfully","service":"auth-service","timestamp":"2025-08-29T09:53:28.127Z"}
{"level":"info","message":"App started at port 8000","service":"auth-service","timestamp":"2025-08-29T09:53:28.127Z"}
{"level":"info","message":"DB connection started","service":"auth-service","timestamp":"2025-08-29T09:53:35.614Z"}
{"level":"info","message":"Successfully connected to Redis","service":"auth-service","timestamp":"2025-08-29T09:53:35.624Z"}
{"level":"info","message":"Redis client is ready","service":"auth-service","timestamp":"2025-08-29T09:53:35.626Z"}
{"level":"info","message":"MongoDb  connected successfully","service":"auth-service","timestamp":"2025-08-29T09:53:36.067Z"}
{"level":"info","message":"App started at port 8000","service":"auth-service","timestamp":"2025-08-29T09:53:36.067Z"}
{"level":"info","message":"DB connection started","service":"auth-service","timestamp":"2025-08-29T09:53:41.308Z"}
{"level":"info","message":"Successfully connected to Redis","service":"auth-service","timestamp":"2025-08-29T09:53:41.320Z"}
{"level":"info","message":"Redis client is ready","service":"auth-service","timestamp":"2025-08-29T09:53:41.322Z"}
{"level":"info","message":"MongoDb  connected successfully","service":"auth-service","timestamp":"2025-08-29T09:53:41.831Z"}
{"level":"info","message":"App started at port 8000","service":"auth-service","timestamp":"2025-08-29T09:53:41.831Z"}
{"level":"info","message":"DB connection started","service":"auth-service","timestamp":"2025-08-29T09:53:46.382Z"}
{"level":"info","message":"Successfully connected to Redis","service":"auth-service","timestamp":"2025-08-29T09:53:46.399Z"}
{"level":"info","message":"Redis client is ready","service":"auth-service","timestamp":"2025-08-29T09:53:46.406Z"}
{"level":"info","message":"MongoDb  connected successfully","service":"auth-service","timestamp":"2025-08-29T09:53:46.881Z"}
{"level":"info","message":"App started at port 8000","service":"auth-service","timestamp":"2025-08-29T09:53:46.881Z"}
{"level":"warn","message":"Checking for rate limit","service":"auth-service","timestamp":"2025-08-29T09:55:03.838Z"}
{"level":"info","message":"request from /api/user/68b162e077d56d31a3f88a86 having a method of GET","service":"auth-service","timestamp":"2025-08-29T09:55:03.864Z"}
{"level":"warn","message":"Checking for rate limit","service":"auth-service","timestamp":"2025-08-29T09:55:14.193Z"}
{"level":"info","message":"request from /api/user/delete/68b162e077d56d31a3f88a86 having a method of DELETE","service":"auth-service","timestamp":"2025-08-29T09:55:14.197Z"}
{"level":"warn","message":"Checking for rate limit","service":"auth-service","timestamp":"2025-08-29T09:56:10.937Z"}
{"level":"info","message":"request from /api/users having a method of GET","service":"auth-service","timestamp":"2025-08-29T09:56:10.942Z"}
{"level":"warn","message":"Checking for rate limit","service":"auth-service","timestamp":"2025-08-29T09:56:23.752Z"}
{"level":"info","message":"request from /api/auth/login having a method of POST","service":"auth-service","timestamp":"2025-08-29T09:56:23.753Z"}
{"level":"info","message":"user hit the login controller","service":"auth-service","timestamp":"2025-08-29T09:56:23.754Z"}
{"level":"warn","message":"Checking for rate limit","service":"auth-service","timestamp":"2025-08-29T09:57:44.780Z"}
{"level":"info","message":"request from /api/user/68b162e077d56d31a3f88a86 having a method of GET","service":"auth-service","timestamp":"2025-08-29T09:57:45.080Z"}
{"level":"info","message":"User hits the getAllUsersRoutes","service":"auth-service","timestamp":"2025-08-29T09:57:45.189Z"}
{"level":"warn","message":"Checking for rate limit","service":"auth-service","timestamp":"2025-08-29T09:58:21.945Z"}
{"level":"info","message":"request from /api/user/68b16753222d8654479bb9d9 having a method of GET","service":"auth-service","timestamp":"2025-08-29T09:58:21.949Z"}
{"level":"info","message":"User hits the getAllUsersRoutes","service":"auth-service","timestamp":"2025-08-29T09:58:21.987Z"}
{"level":"warn","message":"Checking for rate limit","service":"auth-service","timestamp":"2025-08-29T09:58:55.638Z"}
{"level":"info","message":"request from /api/users having a method of GET","service":"auth-service","timestamp":"2025-08-29T09:58:55.641Z"}
{"level":"info","message":"User hits the getAllUsersRoutes","service":"auth-service","timestamp":"2025-08-29T09:58:55.685Z"}
{"level":"error","message":"Login error Cannot read properties of undefined (reading 'toString')","service":"auth-service","stack":"TypeError: Cannot read properties of undefined (reading 'toString')\n    at getAllUsersController (/Users/home/Desktop/projects/ROSCA/rusca-microservices-server/authservices/src/controllers/userControllers.ts:333:43)\n    at Layer.handleRequest (/Users/home/Desktop/projects/ROSCA/rusca-microservices-server/authservices/node_modules/router/lib/layer.js:152:17)\n    at next (/Users/home/Desktop/projects/ROSCA/rusca-microservices-server/authservices/node_modules/router/lib/route.js:157:13)\n    at checkUserAuthMiddelware (/Users/home/Desktop/projects/ROSCA/rusca-microservices-server/authservices/src/middleware/checkUserAuth.ts:36:9)\n    at processTicksAndRejections (node:internal/process/task_queues:105:5)","timestamp":"2025-08-29T09:58:55.702Z"}
{"level":"info","message":"DB connection started","service":"auth-service","timestamp":"2025-08-29T09:59:39.172Z"}
{"level":"info","message":"Successfully connected to Redis","service":"auth-service","timestamp":"2025-08-29T09:59:39.186Z"}
{"level":"info","message":"Redis client is ready","service":"auth-service","timestamp":"2025-08-29T09:59:39.191Z"}
{"level":"info","message":"MongoDb  connected successfully","service":"auth-service","timestamp":"2025-08-29T09:59:39.670Z"}
{"level":"info","message":"App started at port 8000","service":"auth-service","timestamp":"2025-08-29T09:59:39.670Z"}
{"level":"info","message":"DB connection started","service":"auth-service","timestamp":"2025-08-29T09:59:51.431Z"}
{"level":"info","message":"Successfully connected to Redis","service":"auth-service","timestamp":"2025-08-29T09:59:51.441Z"}
{"level":"info","message":"Redis client is ready","service":"auth-service","timestamp":"2025-08-29T09:59:51.444Z"}
{"level":"info","message":"MongoDb  connected successfully","service":"auth-service","timestamp":"2025-08-29T09:59:51.919Z"}
{"level":"info","message":"App started at port 8000","service":"auth-service","timestamp":"2025-08-29T09:59:51.919Z"}
{"level":"info","message":"DB connection started","service":"auth-service","timestamp":"2025-08-29T10:00:01.988Z"}
{"level":"info","message":"Successfully connected to Redis","service":"auth-service","timestamp":"2025-08-29T10:00:01.999Z"}
{"level":"info","message":"Redis client is ready","service":"auth-service","timestamp":"2025-08-29T10:00:02.004Z"}
{"level":"info","message":"MongoDb  connected successfully","service":"auth-service","timestamp":"2025-08-29T10:00:02.442Z"}
{"level":"info","message":"App started at port 8000","service":"auth-service","timestamp":"2025-08-29T10:00:02.442Z"}
{"level":"warn","message":"Checking for rate limit","service":"auth-service","timestamp":"2025-08-29T10:00:07.665Z"}
{"level":"info","message":"request from /api/users having a method of GET","service":"auth-service","timestamp":"2025-08-29T10:00:07.669Z"}
{"level":"info","message":"User hits the getAllUsersRoutes","service":"auth-service","timestamp":"2025-08-29T10:00:07.752Z"}
{"level":"info","message":"DB connection started","service":"auth-service","timestamp":"2025-08-29T10:00:41.591Z"}
{"level":"info","message":"Successfully connected to Redis","service":"auth-service","timestamp":"2025-08-29T10:00:41.601Z"}
{"level":"info","message":"Redis client is ready","service":"auth-service","timestamp":"2025-08-29T10:00:41.603Z"}
{"level":"info","message":"MongoDb  connected successfully","service":"auth-service","timestamp":"2025-08-29T10:00:42.049Z"}
{"level":"info","message":"App started at port 8000","service":"auth-service","timestamp":"2025-08-29T10:00:42.049Z"}
{"level":"info","message":"DB connection started","service":"auth-service","timestamp":"2025-08-29T10:00:58.759Z"}
{"level":"info","message":"Successfully connected to Redis","service":"auth-service","timestamp":"2025-08-29T10:00:58.770Z"}
{"level":"info","message":"Redis client is ready","service":"auth-service","timestamp":"2025-08-29T10:00:58.773Z"}
{"level":"info","message":"MongoDb  connected successfully","service":"auth-service","timestamp":"2025-08-29T10:00:59.283Z"}
{"level":"info","message":"App started at port 8000","service":"auth-service","timestamp":"2025-08-29T10:00:59.283Z"}
{"level":"info","message":"DB connection started","service":"auth-service","timestamp":"2025-08-29T10:01:23.264Z"}
{"level":"info","message":"Successfully connected to Redis","service":"auth-service","timestamp":"2025-08-29T10:01:23.278Z"}
{"level":"info","message":"Redis client is ready","service":"auth-service","timestamp":"2025-08-29T10:01:23.280Z"}
{"level":"info","message":"MongoDb  connected successfully","service":"auth-service","timestamp":"2025-08-29T10:01:23.726Z"}
{"level":"info","message":"App started at port 8000","service":"auth-service","timestamp":"2025-08-29T10:01:23.726Z"}
{"level":"info","message":"DB connection started","service":"auth-service","timestamp":"2025-08-29T10:01:31.870Z"}
{"level":"info","message":"Successfully connected to Redis","service":"auth-service","timestamp":"2025-08-29T10:01:31.886Z"}
{"level":"info","message":"Redis client is ready","service":"auth-service","timestamp":"2025-08-29T10:01:31.888Z"}
{"level":"info","message":"MongoDb  connected successfully","service":"auth-service","timestamp":"2025-08-29T10:01:32.321Z"}
{"level":"info","message":"App started at port 8000","service":"auth-service","timestamp":"2025-08-29T10:01:32.322Z"}
{"level":"info","message":"DB connection started","service":"auth-service","timestamp":"2025-08-29T10:01:34.958Z"}
{"level":"info","message":"Successfully connected to Redis","service":"auth-service","timestamp":"2025-08-29T10:01:34.972Z"}
{"level":"info","message":"Redis client is ready","service":"auth-service","timestamp":"2025-08-29T10:01:34.973Z"}
{"level":"info","message":"MongoDb  connected successfully","service":"auth-service","timestamp":"2025-08-29T10:01:35.425Z"}
{"level":"info","message":"App started at port 8000","service":"auth-service","timestamp":"2025-08-29T10:01:35.425Z"}
{"level":"warn","message":"Checking for rate limit","service":"auth-service","timestamp":"2025-08-29T10:01:39.232Z"}
{"level":"info","message":"request from /api/users having a method of GET","service":"auth-service","timestamp":"2025-08-29T10:01:39.236Z"}
{"level":"info","message":"User hits the getAllUsersRoutes","service":"auth-service","timestamp":"2025-08-29T10:01:39.289Z"}
{"level":"info","message":"DB connection started","service":"auth-service","timestamp":"2025-08-29T10:04:06.397Z"}
{"level":"info","message":"Successfully connected to Redis","service":"auth-service","timestamp":"2025-08-29T10:04:06.410Z"}
{"level":"info","message":"Redis client is ready","service":"auth-service","timestamp":"2025-08-29T10:04:06.412Z"}
{"level":"info","message":"MongoDb  connected successfully","service":"auth-service","timestamp":"2025-08-29T10:04:06.944Z"}
{"level":"info","message":"App started at port 8000","service":"auth-service","timestamp":"2025-08-29T10:04:06.944Z"}
{"level":"info","message":"DB connection started","service":"auth-service","timestamp":"2025-08-29T10:04:27.530Z"}
{"level":"info","message":"Successfully connected to Redis","service":"auth-service","timestamp":"2025-08-29T10:04:27.543Z"}
{"level":"info","message":"Redis client is ready","service":"auth-service","timestamp":"2025-08-29T10:04:27.552Z"}
{"level":"info","message":"MongoDb  connected successfully","service":"auth-service","timestamp":"2025-08-29T10:04:28.257Z"}
{"level":"info","message":"App started at port 8000","service":"auth-service","timestamp":"2025-08-29T10:04:28.258Z"}
{"level":"info","message":"DB connection started","service":"auth-service","timestamp":"2025-08-29T10:08:07.602Z"}
{"level":"info","message":"Successfully connected to Redis","service":"auth-service","timestamp":"2025-08-29T10:08:07.622Z"}
{"level":"info","message":"Redis client is ready","service":"auth-service","timestamp":"2025-08-29T10:08:07.630Z"}
{"level":"info","message":"MongoDb  connected successfully","service":"auth-service","timestamp":"2025-08-29T10:08:08.153Z"}
{"level":"info","message":"App started at port 8000","service":"auth-service","timestamp":"2025-08-29T10:08:08.153Z"}
{"level":"info","message":"DB connection started","service":"auth-service","timestamp":"2025-08-29T10:08:13.752Z"}
{"level":"info","message":"Successfully connected to Redis","service":"auth-service","timestamp":"2025-08-29T10:08:13.771Z"}
{"level":"info","message":"Redis client is ready","service":"auth-service","timestamp":"2025-08-29T10:08:13.773Z"}
{"level":"info","message":"MongoDb  connected successfully","service":"auth-service","timestamp":"2025-08-29T10:08:14.237Z"}
{"level":"info","message":"App started at port 8000","service":"auth-service","timestamp":"2025-08-29T10:08:14.237Z"}
{"level":"info","message":"DB connection started","service":"auth-service","timestamp":"2025-08-29T10:08:26.624Z"}
{"level":"info","message":"Successfully connected to Redis","service":"auth-service","timestamp":"2025-08-29T10:08:26.633Z"}
{"level":"info","message":"Redis client is ready","service":"auth-service","timestamp":"2025-08-29T10:08:26.636Z"}
{"level":"info","message":"MongoDb  connected successfully","service":"auth-service","timestamp":"2025-08-29T10:08:27.129Z"}
{"level":"info","message":"App started at port 8000","service":"auth-service","timestamp":"2025-08-29T10:08:27.129Z"}
{"level":"info","message":"DB connection started","service":"auth-service","timestamp":"2025-08-29T10:08:36.776Z"}
{"level":"info","message":"Successfully connected to Redis","service":"auth-service","timestamp":"2025-08-29T10:08:36.787Z"}
{"level":"info","message":"Redis client is ready","service":"auth-service","timestamp":"2025-08-29T10:08:36.789Z"}
{"level":"info","message":"MongoDb  connected successfully","service":"auth-service","timestamp":"2025-08-29T10:08:37.233Z"}
{"level":"info","message":"App started at port 8000","service":"auth-service","timestamp":"2025-08-29T10:08:37.234Z"}
{"level":"warn","message":"Checking for rate limit","service":"auth-service","timestamp":"2025-08-29T10:09:22.392Z"}
{"level":"info","message":"request from /api/auth/forgotpassword having a method of POST","service":"auth-service","timestamp":"2025-08-29T10:09:22.441Z"}
{"0":"R","1":"e","10":"d","11":"y","12":" ","13":"c","14":"a","15":"n","16":"n","17":"o","18":"t","19":" ","2":"q","20":"b","21":"e","22":" ","23":"e","24":"m","25":"p","26":"t","27":"y","3":"u","4":"e","5":"s","6":"t","7":" ","8":"b","9":"o","level":"error","message":"user forgot password email error","service":"auth-service","timestamp":"2025-08-29T10:09:22.441Z"}
{"level":"warn","message":"Checking for rate limit","service":"auth-service","timestamp":"2025-08-29T10:09:35.644Z"}
{"level":"info","message":"request from /api/auth/forgotpassword having a method of POST","service":"auth-service","timestamp":"2025-08-29T10:09:35.647Z"}
{"level":"info","message":"user sent email: ukonulucky@gmail.com for forgot password","service":"auth-service","timestamp":"2025-08-29T10:09:35.735Z"}
{"level":"info","message":"DB connection started","service":"auth-service","timestamp":"2025-08-29T10:12:27.724Z"}
{"level":"info","message":"Successfully connected to Redis","service":"auth-service","timestamp":"2025-08-29T10:12:27.738Z"}
{"level":"info","message":"Redis client is ready","service":"auth-service","timestamp":"2025-08-29T10:12:27.744Z"}
{"level":"info","message":"MongoDb  connected successfully","service":"auth-service","timestamp":"2025-08-29T10:12:28.240Z"}
{"level":"info","message":"App started at port 8000","service":"auth-service","timestamp":"2025-08-29T10:12:28.241Z"}
{"level":"info","message":"DB connection started","service":"auth-service","timestamp":"2025-08-29T10:12:36.076Z"}
{"level":"info","message":"Successfully connected to Redis","service":"auth-service","timestamp":"2025-08-29T10:12:36.088Z"}
{"level":"info","message":"Redis client is ready","service":"auth-service","timestamp":"2025-08-29T10:12:36.092Z"}
{"level":"info","message":"MongoDb  connected successfully","service":"auth-service","timestamp":"2025-08-29T10:12:36.555Z"}
{"level":"info","message":"App started at port 8000","service":"auth-service","timestamp":"2025-08-29T10:12:36.556Z"}
{"level":"info","message":"DB connection started","service":"auth-service","timestamp":"2025-08-29T10:12:56.817Z"}
{"level":"info","message":"Successfully connected to Redis","service":"auth-service","timestamp":"2025-08-29T10:12:56.827Z"}
{"level":"info","message":"Redis client is ready","service":"auth-service","timestamp":"2025-08-29T10:12:56.829Z"}
{"level":"info","message":"MongoDb  connected successfully","service":"auth-service","timestamp":"2025-08-29T10:12:57.348Z"}
{"level":"info","message":"App started at port 8000","service":"auth-service","timestamp":"2025-08-29T10:12:57.349Z"}
{"level":"info","message":"DB connection started","service":"auth-service","timestamp":"2025-08-29T10:13:18.692Z"}
{"level":"info","message":"Successfully connected to Redis","service":"auth-service","timestamp":"2025-08-29T10:13:18.706Z"}
{"level":"info","message":"Redis client is ready","service":"auth-service","timestamp":"2025-08-29T10:13:18.708Z"}
{"level":"info","message":"MongoDb  connected successfully","service":"auth-service","timestamp":"2025-08-29T10:13:19.136Z"}
{"level":"info","message":"App started at port 8000","service":"auth-service","timestamp":"2025-08-29T10:13:19.136Z"}
{"level":"info","message":"DB connection started","service":"auth-service","timestamp":"2025-08-29T10:13:21.340Z"}
{"level":"info","message":"Successfully connected to Redis","service":"auth-service","timestamp":"2025-08-29T10:13:21.351Z"}
{"level":"info","message":"Redis client is ready","service":"auth-service","timestamp":"2025-08-29T10:13:21.353Z"}
{"level":"info","message":"MongoDb  connected successfully","service":"auth-service","timestamp":"2025-08-29T10:13:21.902Z"}
{"level":"info","message":"App started at port 8000","service":"auth-service","timestamp":"2025-08-29T10:13:21.905Z"}
{"level":"info","message":"DB connection started","service":"auth-service","timestamp":"2025-08-29T10:13:27.200Z"}
{"level":"info","message":"Successfully connected to Redis","service":"auth-service","timestamp":"2025-08-29T10:13:27.212Z"}
{"level":"info","message":"Redis client is ready","service":"auth-service","timestamp":"2025-08-29T10:13:27.217Z"}
{"level":"info","message":"MongoDb  connected successfully","service":"auth-service","timestamp":"2025-08-29T10:13:27.672Z"}
{"level":"info","message":"App started at port 8000","service":"auth-service","timestamp":"2025-08-29T10:13:27.672Z"}
{"level":"info","message":"DB connection started","service":"auth-service","timestamp":"2025-08-29T10:13:31.417Z"}
{"level":"info","message":"Successfully connected to Redis","service":"auth-service","timestamp":"2025-08-29T10:13:31.426Z"}
{"level":"info","message":"Redis client is ready","service":"auth-service","timestamp":"2025-08-29T10:13:31.428Z"}
{"level":"info","message":"DB connection started","service":"auth-service","timestamp":"2025-08-29T10:13:34.235Z"}
{"level":"info","message":"Successfully connected to Redis","service":"auth-service","timestamp":"2025-08-29T10:13:34.246Z"}
{"level":"info","message":"Redis client is ready","service":"auth-service","timestamp":"2025-08-29T10:13:34.248Z"}
{"level":"info","message":"MongoDb  connected successfully","service":"auth-service","timestamp":"2025-08-29T10:13:34.662Z"}
{"level":"info","message":"App started at port 8000","service":"auth-service","timestamp":"2025-08-29T10:13:34.662Z"}
{"level":"info","message":"DB connection started","service":"auth-service","timestamp":"2025-08-29T10:14:21.312Z"}
{"level":"info","message":"Successfully connected to Redis","service":"auth-service","timestamp":"2025-08-29T10:14:21.323Z"}
{"level":"info","message":"Redis client is ready","service":"auth-service","timestamp":"2025-08-29T10:14:21.325Z"}
{"level":"info","message":"MongoDb  connected successfully","service":"auth-service","timestamp":"2025-08-29T10:14:21.749Z"}
{"level":"info","message":"App started at port 8000","service":"auth-service","timestamp":"2025-08-29T10:14:21.749Z"}
{"level":"info","message":"DB connection started","service":"auth-service","timestamp":"2025-08-29T10:15:38.419Z"}
{"level":"info","message":"Successfully connected to Redis","service":"auth-service","timestamp":"2025-08-29T10:15:38.429Z"}
{"level":"info","message":"Redis client is ready","service":"auth-service","timestamp":"2025-08-29T10:15:38.434Z"}
{"level":"info","message":"MongoDb  connected successfully","service":"auth-service","timestamp":"2025-08-29T10:15:38.923Z"}
{"level":"info","message":"App started at port 8000","service":"auth-service","timestamp":"2025-08-29T10:15:38.924Z"}
{"level":"info","message":"DB connection started","service":"auth-service","timestamp":"2025-08-29T10:15:53.858Z"}
{"level":"info","message":"Successfully connected to Redis","service":"auth-service","timestamp":"2025-08-29T10:15:53.879Z"}
{"level":"info","message":"Redis client is ready","service":"auth-service","timestamp":"2025-08-29T10:15:54.026Z"}
{"level":"info","message":"MongoDb  connected successfully","service":"auth-service","timestamp":"2025-08-29T10:15:54.371Z"}
{"level":"info","message":"App started at port 8000","service":"auth-service","timestamp":"2025-08-29T10:15:54.371Z"}
{"level":"info","message":"DB connection started","service":"auth-service","timestamp":"2025-08-29T10:16:09.425Z"}
{"level":"info","message":"Successfully connected to Redis","service":"auth-service","timestamp":"2025-08-29T10:16:09.435Z"}
{"level":"info","message":"Redis client is ready","service":"auth-service","timestamp":"2025-08-29T10:16:09.436Z"}
{"level":"info","message":"MongoDb  connected successfully","service":"auth-service","timestamp":"2025-08-29T10:16:09.874Z"}
{"level":"info","message":"App started at port 8000","service":"auth-service","timestamp":"2025-08-29T10:16:09.875Z"}
{"level":"info","message":"DB connection started","service":"auth-service","timestamp":"2025-08-29T10:16:20.602Z"}
{"level":"info","message":"Successfully connected to Redis","service":"auth-service","timestamp":"2025-08-29T10:16:20.611Z"}
{"level":"info","message":"Redis client is ready","service":"auth-service","timestamp":"2025-08-29T10:16:20.614Z"}
{"level":"info","message":"MongoDb  connected successfully","service":"auth-service","timestamp":"2025-08-29T10:16:21.129Z"}
{"level":"info","message":"App started at port 8000","service":"auth-service","timestamp":"2025-08-29T10:16:21.130Z"}
{"level":"info","message":"DB connection started","service":"auth-service","timestamp":"2025-08-29T10:17:06.847Z"}
{"level":"info","message":"Successfully connected to Redis","service":"auth-service","timestamp":"2025-08-29T10:17:06.864Z"}
{"level":"info","message":"Redis client is ready","service":"auth-service","timestamp":"2025-08-29T10:17:06.866Z"}
{"level":"info","message":"MongoDb  connected successfully","service":"auth-service","timestamp":"2025-08-29T10:17:07.651Z"}
{"level":"info","message":"App started at port 8000","service":"auth-service","timestamp":"2025-08-29T10:17:07.651Z"}
{"level":"info","message":"DB connection started","service":"auth-service","timestamp":"2025-08-29T10:17:11.522Z"}
{"level":"info","message":"Successfully connected to Redis","service":"auth-service","timestamp":"2025-08-29T10:17:11.532Z"}
{"level":"info","message":"Redis client is ready","service":"auth-service","timestamp":"2025-08-29T10:17:11.535Z"}
{"level":"info","message":"MongoDb  connected successfully","service":"auth-service","timestamp":"2025-08-29T10:17:11.981Z"}
{"level":"info","message":"App started at port 8000","service":"auth-service","timestamp":"2025-08-29T10:17:11.984Z"}
{"level":"info","message":"DB connection started","service":"auth-service","timestamp":"2025-08-29T10:17:17.015Z"}
{"level":"info","message":"Successfully connected to Redis","service":"auth-service","timestamp":"2025-08-29T10:17:17.029Z"}
{"level":"info","message":"Redis client is ready","service":"auth-service","timestamp":"2025-08-29T10:17:17.031Z"}
{"level":"info","message":"DB connection started","service":"auth-service","timestamp":"2025-08-29T10:17:18.995Z"}
{"level":"info","message":"Successfully connected to Redis","service":"auth-service","timestamp":"2025-08-29T10:17:19.003Z"}
{"level":"info","message":"Redis client is ready","service":"auth-service","timestamp":"2025-08-29T10:17:19.006Z"}
{"level":"info","message":"MongoDb  connected successfully","service":"auth-service","timestamp":"2025-08-29T10:17:19.448Z"}
{"level":"info","message":"App started at port 8000","service":"auth-service","timestamp":"2025-08-29T10:17:19.449Z"}
{"level":"warn","message":"Checking for rate limit","service":"auth-service","timestamp":"2025-08-29T10:17:29.230Z"}
{"level":"info","message":"request from /api/auth/forgotpassword having a method of POST","service":"auth-service","timestamp":"2025-08-29T10:17:29.235Z"}
{"level":"info","message":"user sent email: ukonulucky@gmail.com for forgot password","service":"auth-service","timestamp":"2025-08-29T10:17:29.341Z"}
{"level":"info","message":"DB connection started","service":"auth-service","timestamp":"2025-08-29T10:19:36.083Z"}
{"level":"info","message":"Successfully connected to Redis","service":"auth-service","timestamp":"2025-08-29T10:19:36.100Z"}
{"level":"info","message":"Redis client is ready","service":"auth-service","timestamp":"2025-08-29T10:19:36.106Z"}
{"level":"info","message":"MongoDb  connected successfully","service":"auth-service","timestamp":"2025-08-29T10:19:36.639Z"}
{"level":"info","message":"App started at port 8000","service":"auth-service","timestamp":"2025-08-29T10:19:36.639Z"}
{"level":"info","message":"DB connection started","service":"auth-service","timestamp":"2025-08-29T10:19:42.289Z"}
{"level":"info","message":"Successfully connected to Redis","service":"auth-service","timestamp":"2025-08-29T10:19:42.301Z"}
{"level":"info","message":"Redis client is ready","service":"auth-service","timestamp":"2025-08-29T10:19:42.305Z"}
{"level":"info","message":"MongoDb  connected successfully","service":"auth-service","timestamp":"2025-08-29T10:19:42.797Z"}
{"level":"info","message":"App started at port 8000","service":"auth-service","timestamp":"2025-08-29T10:19:42.797Z"}
{"level":"info","message":"DB connection started","service":"auth-service","timestamp":"2025-08-29T10:20:02.323Z"}
{"level":"info","message":"Successfully connected to Redis","service":"auth-service","timestamp":"2025-08-29T10:20:02.336Z"}
{"level":"info","message":"Redis client is ready","service":"auth-service","timestamp":"2025-08-29T10:20:02.339Z"}
{"level":"info","message":"MongoDb  connected successfully","service":"auth-service","timestamp":"2025-08-29T10:20:02.834Z"}
{"level":"info","message":"App started at port 8000","service":"auth-service","timestamp":"2025-08-29T10:20:02.838Z"}
{"level":"info","message":"DB connection started","service":"auth-service","timestamp":"2025-08-29T10:20:05.556Z"}
{"level":"info","message":"Successfully connected to Redis","service":"auth-service","timestamp":"2025-08-29T10:20:05.566Z"}
{"level":"info","message":"Redis client is ready","service":"auth-service","timestamp":"2025-08-29T10:20:05.567Z"}
{"level":"info","message":"MongoDb  connected successfully","service":"auth-service","timestamp":"2025-08-29T10:20:06.012Z"}
{"level":"info","message":"App started at port 8000","service":"auth-service","timestamp":"2025-08-29T10:20:06.012Z"}
{"level":"info","message":"DB connection started","service":"auth-service","timestamp":"2025-08-29T10:20:13.420Z"}
{"level":"info","message":"Successfully connected to Redis","service":"auth-service","timestamp":"2025-08-29T10:20:13.439Z"}
{"level":"info","message":"Redis client is ready","service":"auth-service","timestamp":"2025-08-29T10:20:13.440Z"}
{"level":"info","message":"MongoDb  connected successfully","service":"auth-service","timestamp":"2025-08-29T10:20:13.861Z"}
{"level":"info","message":"App started at port 8000","service":"auth-service","timestamp":"2025-08-29T10:20:13.861Z"}
{"level":"info","message":"DB connection started","service":"auth-service","timestamp":"2025-08-29T10:20:41.816Z"}
{"level":"info","message":"Successfully connected to Redis","service":"auth-service","timestamp":"2025-08-29T10:20:41.829Z"}
{"level":"info","message":"Redis client is ready","service":"auth-service","timestamp":"2025-08-29T10:20:41.831Z"}
{"level":"info","message":"MongoDb  connected successfully","service":"auth-service","timestamp":"2025-08-29T10:20:42.292Z"}
{"level":"info","message":"App started at port 8000","service":"auth-service","timestamp":"2025-08-29T10:20:42.292Z"}
{"level":"warn","message":"Checking for rate limit","service":"auth-service","timestamp":"2025-08-29T10:23:16.357Z"}
{"level":"info","message":"request from /api/auth/forgotpassword having a method of POST","service":"auth-service","timestamp":"2025-08-29T10:23:16.393Z"}
{"level":"info","message":"user sent email: ukonulucky@gmail.com for forgot password","service":"auth-service","timestamp":"2025-08-29T10:23:16.518Z"}
{"level":"info","message":"DB connection started","service":"auth-service","timestamp":"2025-08-29T10:26:47.164Z"}
{"level":"info","message":"Successfully connected to Redis","service":"auth-service","timestamp":"2025-08-29T10:26:47.180Z"}
{"level":"info","message":"Redis client is ready","service":"auth-service","timestamp":"2025-08-29T10:26:47.194Z"}
{"level":"info","message":"MongoDb  connected successfully","service":"auth-service","timestamp":"2025-08-29T10:26:47.730Z"}
{"level":"info","message":"App started at port 8000","service":"auth-service","timestamp":"2025-08-29T10:26:47.731Z"}
{"level":"info","message":"DB connection started","service":"auth-service","timestamp":"2025-08-29T10:27:01.014Z"}
{"level":"info","message":"Successfully connected to Redis","service":"auth-service","timestamp":"2025-08-29T10:27:01.025Z"}
{"level":"info","message":"Redis client is ready","service":"auth-service","timestamp":"2025-08-29T10:27:01.027Z"}
{"level":"info","message":"MongoDb  connected successfully","service":"auth-service","timestamp":"2025-08-29T10:27:01.529Z"}
{"level":"info","message":"App started at port 8000","service":"auth-service","timestamp":"2025-08-29T10:27:01.530Z"}
{"level":"info","message":"DB connection started","service":"auth-service","timestamp":"2025-08-29T10:27:30.344Z"}
{"level":"info","message":"Successfully connected to Redis","service":"auth-service","timestamp":"2025-08-29T10:27:30.359Z"}
{"level":"info","message":"Redis client is ready","service":"auth-service","timestamp":"2025-08-29T10:27:30.360Z"}
{"level":"info","message":"MongoDb  connected successfully","service":"auth-service","timestamp":"2025-08-29T10:27:30.827Z"}
{"level":"info","message":"App started at port 8000","service":"auth-service","timestamp":"2025-08-29T10:27:30.828Z"}
{"level":"info","message":"DB connection started","service":"auth-service","timestamp":"2025-08-29T10:27:48.021Z"}
{"level":"info","message":"Successfully connected to Redis","service":"auth-service","timestamp":"2025-08-29T10:27:48.041Z"}
{"level":"info","message":"Redis client is ready","service":"auth-service","timestamp":"2025-08-29T10:27:48.043Z"}
{"level":"info","message":"MongoDb  connected successfully","service":"auth-service","timestamp":"2025-08-29T10:27:48.508Z"}
{"level":"info","message":"App started at port 8000","service":"auth-service","timestamp":"2025-08-29T10:27:48.508Z"}
{"level":"info","message":"DB connection started","service":"auth-service","timestamp":"2025-08-29T10:27:59.524Z"}
{"level":"info","message":"Successfully connected to Redis","service":"auth-service","timestamp":"2025-08-29T10:27:59.534Z"}
{"level":"info","message":"Redis client is ready","service":"auth-service","timestamp":"2025-08-29T10:27:59.545Z"}
{"level":"info","message":"MongoDb  connected successfully","service":"auth-service","timestamp":"2025-08-29T10:27:59.965Z"}
{"level":"info","message":"App started at port 8000","service":"auth-service","timestamp":"2025-08-29T10:27:59.966Z"}
{"level":"info","message":"DB connection started","service":"auth-service","timestamp":"2025-08-29T10:28:06.418Z"}
{"level":"info","message":"Successfully connected to Redis","service":"auth-service","timestamp":"2025-08-29T10:28:06.427Z"}
{"level":"info","message":"Redis client is ready","service":"auth-service","timestamp":"2025-08-29T10:28:06.428Z"}
{"level":"info","message":"MongoDb  connected successfully","service":"auth-service","timestamp":"2025-08-29T10:28:06.900Z"}
{"level":"info","message":"App started at port 8000","service":"auth-service","timestamp":"2025-08-29T10:28:06.901Z"}
{"level":"info","message":"DB connection started","service":"auth-service","timestamp":"2025-08-29T10:29:04.671Z"}
{"level":"info","message":"Successfully connected to Redis","service":"auth-service","timestamp":"2025-08-29T10:29:04.681Z"}
{"level":"info","message":"Redis client is ready","service":"auth-service","timestamp":"2025-08-29T10:29:04.684Z"}
{"level":"info","message":"MongoDb  connected successfully","service":"auth-service","timestamp":"2025-08-29T10:29:05.183Z"}
{"level":"info","message":"App started at port 8000","service":"auth-service","timestamp":"2025-08-29T10:29:05.184Z"}
{"level":"info","message":"DB connection started","service":"auth-service","timestamp":"2025-08-29T10:29:07.862Z"}
{"level":"info","message":"Successfully connected to Redis","service":"auth-service","timestamp":"2025-08-29T10:29:07.874Z"}
{"level":"info","message":"Redis client is ready","service":"auth-service","timestamp":"2025-08-29T10:29:07.875Z"}
{"level":"info","message":"MongoDb  connected successfully","service":"auth-service","timestamp":"2025-08-29T10:29:08.381Z"}
{"level":"info","message":"App started at port 8000","service":"auth-service","timestamp":"2025-08-29T10:29:08.381Z"}
{"level":"info","message":"DB connection started","service":"auth-service","timestamp":"2025-08-29T10:29:19.727Z"}
{"level":"info","message":"Successfully connected to Redis","service":"auth-service","timestamp":"2025-08-29T10:29:19.738Z"}
{"level":"info","message":"Redis client is ready","service":"auth-service","timestamp":"2025-08-29T10:29:19.739Z"}
{"level":"info","message":"MongoDb  connected successfully","service":"auth-service","timestamp":"2025-08-29T10:29:20.173Z"}
{"level":"info","message":"App started at port 8000","service":"auth-service","timestamp":"2025-08-29T10:29:20.173Z"}
{"level":"info","message":"DB connection started","service":"auth-service","timestamp":"2025-08-29T10:29:29.913Z"}
{"level":"info","message":"Successfully connected to Redis","service":"auth-service","timestamp":"2025-08-29T10:29:29.922Z"}
{"level":"info","message":"Redis client is ready","service":"auth-service","timestamp":"2025-08-29T10:29:29.923Z"}
{"level":"info","message":"MongoDb  connected successfully","service":"auth-service","timestamp":"2025-08-29T10:29:30.439Z"}
{"level":"info","message":"App started at port 8000","service":"auth-service","timestamp":"2025-08-29T10:29:30.440Z"}
{"level":"info","message":"DB connection started","service":"auth-service","timestamp":"2025-08-29T10:29:53.093Z"}
{"level":"info","message":"Successfully connected to Redis","service":"auth-service","timestamp":"2025-08-29T10:29:53.108Z"}
{"level":"info","message":"Redis client is ready","service":"auth-service","timestamp":"2025-08-29T10:29:53.110Z"}
{"level":"info","message":"MongoDb  connected successfully","service":"auth-service","timestamp":"2025-08-29T10:29:53.703Z"}
{"level":"info","message":"App started at port 8000","service":"auth-service","timestamp":"2025-08-29T10:29:53.703Z"}
{"level":"warn","message":"Checking for rate limit","service":"auth-service","timestamp":"2025-08-29T10:30:33.671Z"}
{"level":"info","message":"request from /api/auth/updatePassword having a method of GET","service":"auth-service","timestamp":"2025-08-29T10:30:33.684Z"}
{"level":"warn","message":"Checking for rate limit","service":"auth-service","timestamp":"2025-08-29T10:30:47.811Z"}
{"level":"info","message":"request from /api/auth/updatePassword having a method of POST","service":"auth-service","timestamp":"2025-08-29T10:30:47.814Z"}
{"0":"R","1":"e","10":"d","11":"y","12":" ","13":"c","14":"a","15":"n","16":"n","17":"o","18":"t","19":" ","2":"q","20":"b","21":"e","22":" ","23":"e","24":"m","25":"p","26":"t","27":"y","3":"u","4":"e","5":"s","6":"t","7":" ","8":"b","9":"o","level":"error","message":"user hit the change forgot password controller error","service":"auth-service","timestamp":"2025-08-29T10:30:47.815Z"}
{"level":"warn","message":"Checking for rate limit","service":"auth-service","timestamp":"2025-08-29T10:31:50.781Z"}
{"level":"info","message":"request from /api/auth/updatePassword having a method of POST","service":"auth-service","timestamp":"2025-08-29T10:31:50.783Z"}
{"0":"R","1":"e","10":"d","11":"y","12":" ","13":"c","14":"a","15":"n","16":"n","17":"o","18":"t","19":" ","2":"q","20":"b","21":"e","22":" ","23":"e","24":"m","25":"p","26":"t","27":"y","3":"u","4":"e","5":"s","6":"t","7":" ","8":"b","9":"o","level":"error","message":"user hit the change forgot password controller error","service":"auth-service","timestamp":"2025-08-29T10:31:50.783Z"}
{"level":"warn","message":"Checking for rate limit","service":"auth-service","timestamp":"2025-08-29T10:31:59.309Z"}
{"level":"info","message":"request from /api/auth/updatePassword having a method of POST","service":"auth-service","timestamp":"2025-08-29T10:31:59.311Z"}
{"level":"warn","message":"Checking for rate limit","service":"auth-service","timestamp":"2025-08-29T10:32:10.654Z"}
{"level":"info","message":"request from /api/auth/updatePassword having a method of POST","service":"auth-service","timestamp":"2025-08-29T10:32:10.656Z"}
{"level":"warn","message":"Checking for rate limit","service":"auth-service","timestamp":"2025-08-29T10:32:31.242Z"}
{"level":"info","message":"request from /api/auth/updatePassword having a method of POST","service":"auth-service","timestamp":"2025-08-29T10:32:31.245Z"}
{"level":"warn","message":"Checking for rate limit","service":"auth-service","timestamp":"2025-08-29T10:32:34.067Z"}
{"level":"info","message":"request from /api/auth/updatePassword having a method of POST","service":"auth-service","timestamp":"2025-08-29T10:32:34.069Z"}
{"level":"warn","message":"Checking for rate limit","service":"auth-service","timestamp":"2025-08-29T10:32:57.376Z"}
{"level":"info","message":"request from /api/auth/updatePassword having a method of POST","service":"auth-service","timestamp":"2025-08-29T10:32:57.383Z"}
{"level":"info","message":"DB connection started","service":"auth-service","timestamp":"2025-08-29T10:35:31.401Z"}
{"level":"info","message":"Successfully connected to Redis","service":"auth-service","timestamp":"2025-08-29T10:35:31.428Z"}
{"level":"info","message":"Redis client is ready","service":"auth-service","timestamp":"2025-08-29T10:35:31.430Z"}
{"level":"info","message":"MongoDb  connected successfully","service":"auth-service","timestamp":"2025-08-29T10:35:32.064Z"}
{"level":"info","message":"App started at port 8000","service":"auth-service","timestamp":"2025-08-29T10:35:32.066Z"}
{"level":"info","message":"DB connection started","service":"auth-service","timestamp":"2025-08-29T10:35:48.705Z"}
{"level":"info","message":"Successfully connected to Redis","service":"auth-service","timestamp":"2025-08-29T10:35:48.718Z"}
{"level":"info","message":"Redis client is ready","service":"auth-service","timestamp":"2025-08-29T10:35:48.754Z"}
{"level":"info","message":"MongoDb  connected successfully","service":"auth-service","timestamp":"2025-08-29T10:35:49.169Z"}
{"level":"info","message":"App started at port 8000","service":"auth-service","timestamp":"2025-08-29T10:35:49.170Z"}
{"level":"info","message":"DB connection started","service":"auth-service","timestamp":"2025-08-29T10:36:06.463Z"}
{"level":"info","message":"Successfully connected to Redis","service":"auth-service","timestamp":"2025-08-29T10:36:06.479Z"}
{"level":"info","message":"Redis client is ready","service":"auth-service","timestamp":"2025-08-29T10:36:06.493Z"}
{"level":"info","message":"MongoDb  connected successfully","service":"auth-service","timestamp":"2025-08-29T10:36:06.945Z"}
{"level":"info","message":"App started at port 8000","service":"auth-service","timestamp":"2025-08-29T10:36:06.945Z"}
{"level":"info","message":"DB connection started","service":"auth-service","timestamp":"2025-08-29T10:36:41.033Z"}
{"level":"info","message":"Successfully connected to Redis","service":"auth-service","timestamp":"2025-08-29T10:36:41.048Z"}
{"level":"info","message":"Redis client is ready","service":"auth-service","timestamp":"2025-08-29T10:36:41.054Z"}
{"level":"info","message":"MongoDb  connected successfully","service":"auth-service","timestamp":"2025-08-29T10:36:41.538Z"}
{"level":"info","message":"App started at port 8000","service":"auth-service","timestamp":"2025-08-29T10:36:41.538Z"}
{"level":"info","message":"DB connection started","service":"auth-service","timestamp":"2025-08-29T10:37:00.230Z"}
{"level":"info","message":"Successfully connected to Redis","service":"auth-service","timestamp":"2025-08-29T10:37:00.240Z"}
{"level":"info","message":"Redis client is ready","service":"auth-service","timestamp":"2025-08-29T10:37:00.242Z"}
{"level":"info","message":"MongoDb  connected successfully","service":"auth-service","timestamp":"2025-08-29T10:37:00.735Z"}
{"level":"info","message":"App started at port 8000","service":"auth-service","timestamp":"2025-08-29T10:37:00.735Z"}
{"level":"info","message":"DB connection started","service":"auth-service","timestamp":"2025-08-29T10:37:48.083Z"}
{"level":"info","message":"Successfully connected to Redis","service":"auth-service","timestamp":"2025-08-29T10:37:48.108Z"}
{"level":"info","message":"Redis client is ready","service":"auth-service","timestamp":"2025-08-29T10:37:48.116Z"}
{"level":"info","message":"MongoDb  connected successfully","service":"auth-service","timestamp":"2025-08-29T10:37:48.604Z"}
{"level":"info","message":"App started at port 8000","service":"auth-service","timestamp":"2025-08-29T10:37:48.604Z"}
{"level":"warn","message":"Checking for rate limit","service":"auth-service","timestamp":"2025-08-29T10:38:22.169Z"}
{"level":"info","message":"request from /api/auth/updatePassword having a method of POST","service":"auth-service","timestamp":"2025-08-29T10:38:22.188Z"}
{"level":"info","message":"DB connection started","service":"auth-service","timestamp":"2025-08-29T10:39:52.830Z"}
{"level":"info","message":"Successfully connected to Redis","service":"auth-service","timestamp":"2025-08-29T10:39:52.843Z"}
{"level":"info","message":"Redis client is ready","service":"auth-service","timestamp":"2025-08-29T10:39:52.847Z"}
{"level":"info","message":"MongoDb  connected successfully","service":"auth-service","timestamp":"2025-08-29T10:39:53.399Z"}
{"level":"info","message":"App started at port 8000","service":"auth-service","timestamp":"2025-08-29T10:39:53.399Z"}
{"level":"info","message":"DB connection started","service":"auth-service","timestamp":"2025-08-29T10:40:03.783Z"}
{"level":"info","message":"Successfully connected to Redis","service":"auth-service","timestamp":"2025-08-29T10:40:03.797Z"}
{"level":"info","message":"Redis client is ready","service":"auth-service","timestamp":"2025-08-29T10:40:03.800Z"}
{"level":"info","message":"MongoDb  connected successfully","service":"auth-service","timestamp":"2025-08-29T10:40:04.348Z"}
{"level":"info","message":"App started at port 8000","service":"auth-service","timestamp":"2025-08-29T10:40:04.349Z"}
{"level":"info","message":"DB connection started","service":"auth-service","timestamp":"2025-08-29T10:40:22.844Z"}
{"level":"info","message":"Successfully connected to Redis","service":"auth-service","timestamp":"2025-08-29T10:40:22.864Z"}
{"level":"info","message":"Redis client is ready","service":"auth-service","timestamp":"2025-08-29T10:40:22.866Z"}
{"level":"info","message":"MongoDb  connected successfully","service":"auth-service","timestamp":"2025-08-29T10:40:23.374Z"}
{"level":"info","message":"App started at port 8000","service":"auth-service","timestamp":"2025-08-29T10:40:23.374Z"}
{"level":"info","message":"DB connection started","service":"auth-service","timestamp":"2025-08-29T10:40:34.808Z"}
{"level":"info","message":"Successfully connected to Redis","service":"auth-service","timestamp":"2025-08-29T10:40:34.818Z"}
{"level":"info","message":"Redis client is ready","service":"auth-service","timestamp":"2025-08-29T10:40:34.819Z"}
{"level":"info","message":"MongoDb  connected successfully","service":"auth-service","timestamp":"2025-08-29T10:40:35.279Z"}
{"level":"info","message":"App started at port 8000","service":"auth-service","timestamp":"2025-08-29T10:40:35.279Z"}
{"level":"info","message":"DB connection started","service":"auth-service","timestamp":"2025-08-29T10:41:07.161Z"}
{"level":"info","message":"Successfully connected to Redis","service":"auth-service","timestamp":"2025-08-29T10:41:07.173Z"}
{"level":"info","message":"Redis client is ready","service":"auth-service","timestamp":"2025-08-29T10:41:07.175Z"}
{"level":"info","message":"MongoDb  connected successfully","service":"auth-service","timestamp":"2025-08-29T10:41:07.684Z"}
{"level":"info","message":"App started at port 8000","service":"auth-service","timestamp":"2025-08-29T10:41:07.685Z"}
{"level":"info","message":"DB connection started","service":"auth-service","timestamp":"2025-08-29T10:41:17.460Z"}
{"level":"info","message":"Successfully connected to Redis","service":"auth-service","timestamp":"2025-08-29T10:41:17.474Z"}
{"level":"info","message":"Redis client is ready","service":"auth-service","timestamp":"2025-08-29T10:41:17.475Z"}
{"level":"info","message":"MongoDb  connected successfully","service":"auth-service","timestamp":"2025-08-29T10:41:18.030Z"}
{"level":"info","message":"App started at port 8000","service":"auth-service","timestamp":"2025-08-29T10:41:18.030Z"}
{"level":"warn","message":"Checking for rate limit","service":"auth-service","timestamp":"2025-08-29T10:41:29.395Z"}
{"level":"info","message":"request from /api/auth/updatePassword having a method of POST","service":"auth-service","timestamp":"2025-08-29T10:41:29.402Z"}
{"level":"info","message":"DB connection started","service":"auth-service","timestamp":"2025-08-29T10:41:59.003Z"}
{"level":"info","message":"Successfully connected to Redis","service":"auth-service","timestamp":"2025-08-29T10:41:59.013Z"}
{"level":"info","message":"Redis client is ready","service":"auth-service","timestamp":"2025-08-29T10:41:59.016Z"}
{"level":"info","message":"MongoDb  connected successfully","service":"auth-service","timestamp":"2025-08-29T10:41:59.507Z"}
{"level":"info","message":"App started at port 8000","service":"auth-service","timestamp":"2025-08-29T10:41:59.507Z"}
{"level":"info","message":"DB connection started","service":"auth-service","timestamp":"2025-08-29T10:43:42.759Z"}
{"level":"info","message":"Successfully connected to Redis","service":"auth-service","timestamp":"2025-08-29T10:43:42.775Z"}
{"level":"info","message":"Redis client is ready","service":"auth-service","timestamp":"2025-08-29T10:43:42.787Z"}
{"level":"info","message":"MongoDb  connected successfully","service":"auth-service","timestamp":"2025-08-29T10:43:43.534Z"}
{"level":"info","message":"App started at port 8000","service":"auth-service","timestamp":"2025-08-29T10:43:43.535Z"}
{"level":"warn","message":"Checking for rate limit","service":"auth-service","timestamp":"2025-08-29T10:44:52.067Z"}
{"level":"info","message":"request from /api/user/delete/68b16753222d8654479bb9d9 having a method of DELETE","service":"auth-service","timestamp":"2025-08-29T10:44:52.093Z"}
{"level":"info","message":"DB connection started","service":"auth-service","timestamp":"2025-08-29T10:45:09.985Z"}
{"level":"info","message":"Successfully connected to Redis","service":"auth-service","timestamp":"2025-08-29T10:45:09.996Z"}
{"level":"info","message":"Redis client is ready","service":"auth-service","timestamp":"2025-08-29T10:45:10.001Z"}
{"level":"info","message":"MongoDb  connected successfully","service":"auth-service","timestamp":"2025-08-29T10:45:10.564Z"}
{"level":"info","message":"App started at port 8000","service":"auth-service","timestamp":"2025-08-29T10:45:10.564Z"}
{"level":"warn","message":"Checking for rate limit","service":"auth-service","timestamp":"2025-08-29T10:45:16.778Z"}
{"level":"info","message":"request from /api/user/delete/68b16753222d8654479bb9d9 having a method of DELETE","service":"auth-service","timestamp":"2025-08-29T10:45:16.781Z"}
{"level":"info","message":"user hits the deleteController","service":"auth-service","timestamp":"2025-08-29T10:45:16.829Z"}
{"level":"warn","message":"Checking for rate limit","service":"auth-service","timestamp":"2025-08-29T10:45:25.996Z"}
{"level":"info","message":"request from /api/auth/register having a method of POST","service":"auth-service","timestamp":"2025-08-29T10:45:26.002Z"}
{"level":"info","message":"user hit the register controller","service":"auth-service","timestamp":"2025-08-29T10:45:26.003Z"}
{"level":"info","message":"user created","service":"auth-service","timestamp":"2025-08-29T10:45:26.135Z"}
{"level":"warn","message":"Checking for rate limit","service":"auth-service","timestamp":"2025-08-29T10:46:05.891Z"}
{"level":"info","message":"request from /api/auth/forgotpassword having a method of POST","service":"auth-service","timestamp":"2025-08-29T10:46:05.910Z"}
{"level":"info","message":"user sent email: ukonulucky@gmail.com for forgot password","service":"auth-service","timestamp":"2025-08-29T10:46:05.988Z"}
{"level":"warn","message":"Checking for rate limit","service":"auth-service","timestamp":"2025-08-29T10:46:41.376Z"}
{"level":"info","message":"request from /api/auth/updatePassword having a method of POST","service":"auth-service","timestamp":"2025-08-29T10:46:41.378Z"}
{"level":"info","message":"DB connection started","service":"auth-service","timestamp":"2025-08-29T10:48:12.139Z"}
{"level":"info","message":"Successfully connected to Redis","service":"auth-service","timestamp":"2025-08-29T10:48:12.156Z"}
{"level":"info","message":"Redis client is ready","service":"auth-service","timestamp":"2025-08-29T10:48:12.160Z"}
{"level":"info","message":"MongoDb  connected successfully","service":"auth-service","timestamp":"2025-08-29T10:48:12.674Z"}
{"level":"info","message":"App started at port 8000","service":"auth-service","timestamp":"2025-08-29T10:48:12.674Z"}
{"level":"info","message":"DB connection started","service":"auth-service","timestamp":"2025-08-29T10:48:18.123Z"}
{"level":"info","message":"Successfully connected to Redis","service":"auth-service","timestamp":"2025-08-29T10:48:18.137Z"}
{"level":"info","message":"Redis client is ready","service":"auth-service","timestamp":"2025-08-29T10:48:18.140Z"}
{"level":"info","message":"MongoDb  connected successfully","service":"auth-service","timestamp":"2025-08-29T10:48:18.551Z"}
{"level":"info","message":"App started at port 8000","service":"auth-service","timestamp":"2025-08-29T10:48:18.551Z"}
{"level":"warn","message":"Checking for rate limit","service":"auth-service","timestamp":"2025-08-29T10:48:28.193Z"}
{"level":"info","message":"request from /api/auth/updatePassword having a method of POST","service":"auth-service","timestamp":"2025-08-29T10:48:28.196Z"}
{"level":"warn","message":"Checking for rate limit","service":"auth-service","timestamp":"2025-08-29T10:49:46.558Z"}
{"level":"info","message":"request from /api/auth/updatePassword5 having a method of POST","service":"auth-service","timestamp":"2025-08-29T10:49:46.609Z"}
{"level":"info","message":"DB connection started","service":"auth-service","timestamp":"2025-08-29T10:51:27.692Z"}
{"level":"info","message":"Successfully connected to Redis","service":"auth-service","timestamp":"2025-08-29T10:51:27.702Z"}
{"level":"info","message":"Redis client is ready","service":"auth-service","timestamp":"2025-08-29T10:51:27.705Z"}
{"level":"info","message":"DB connection started","service":"auth-service","timestamp":"2025-08-29T10:51:30.386Z"}
{"level":"info","message":"Successfully connected to Redis","service":"auth-service","timestamp":"2025-08-29T10:51:30.395Z"}
{"level":"info","message":"Redis client is ready","service":"auth-service","timestamp":"2025-08-29T10:51:30.396Z"}
{"level":"info","message":"MongoDb  connected successfully","service":"auth-service","timestamp":"2025-08-29T10:51:30.882Z"}
{"level":"info","message":"App started at port 8000","service":"auth-service","timestamp":"2025-08-29T10:51:30.882Z"}
{"level":"info","message":"DB connection started","service":"auth-service","timestamp":"2025-08-29T11:32:16.201Z"}
{"level":"info","message":"Successfully connected to Redis","service":"auth-service","timestamp":"2025-08-29T11:32:16.216Z"}
{"level":"info","message":"Redis client is ready","service":"auth-service","timestamp":"2025-08-29T11:32:16.235Z"}
{"level":"info","message":"MongoDb  connected successfully","service":"auth-service","timestamp":"2025-08-29T11:32:16.803Z"}
{"level":"info","message":"App started at port 8000","service":"auth-service","timestamp":"2025-08-29T11:32:16.804Z"}
{"level":"info","message":"DB connection started","service":"auth-service","timestamp":"2025-08-29T11:32:40.144Z"}
{"level":"info","message":"Successfully connected to Redis","service":"auth-service","timestamp":"2025-08-29T11:32:40.155Z"}
{"level":"info","message":"Redis client is ready","service":"auth-service","timestamp":"2025-08-29T11:32:40.157Z"}
{"level":"info","message":"MongoDb  connected successfully","service":"auth-service","timestamp":"2025-08-29T11:32:40.594Z"}
{"level":"info","message":"App started at port 8000","service":"auth-service","timestamp":"2025-08-29T11:32:40.594Z"}
{"level":"info","message":"DB connection started","service":"auth-service","timestamp":"2025-08-29T11:33:08.978Z"}
{"level":"info","message":"Successfully connected to Redis","service":"auth-service","timestamp":"2025-08-29T11:33:08.991Z"}
{"level":"info","message":"Redis client is ready","service":"auth-service","timestamp":"2025-08-29T11:33:08.992Z"}
{"level":"info","message":"MongoDb  connected successfully","service":"auth-service","timestamp":"2025-08-29T11:33:09.430Z"}
{"level":"info","message":"App started at port 8000","service":"auth-service","timestamp":"2025-08-29T11:33:09.430Z"}
{"level":"info","message":"DB connection started","service":"auth-service","timestamp":"2025-08-29T11:33:25.281Z"}
{"level":"info","message":"Successfully connected to Redis","service":"auth-service","timestamp":"2025-08-29T11:33:25.306Z"}
{"level":"info","message":"Redis client is ready","service":"auth-service","timestamp":"2025-08-29T11:33:25.308Z"}
{"level":"info","message":"MongoDb  connected successfully","service":"auth-service","timestamp":"2025-08-29T11:33:25.761Z"}
{"level":"info","message":"App started at port 8000","service":"auth-service","timestamp":"2025-08-29T11:33:25.761Z"}
{"level":"info","message":"DB connection started","service":"auth-service","timestamp":"2025-08-29T11:33:30.339Z"}
{"level":"info","message":"Successfully connected to Redis","service":"auth-service","timestamp":"2025-08-29T11:33:30.348Z"}
{"level":"info","message":"Redis client is ready","service":"auth-service","timestamp":"2025-08-29T11:33:30.350Z"}
{"level":"info","message":"MongoDb  connected successfully","service":"auth-service","timestamp":"2025-08-29T11:33:30.800Z"}
{"level":"info","message":"App started at port 8000","service":"auth-service","timestamp":"2025-08-29T11:33:30.800Z"}
{"level":"info","message":"DB connection started","service":"auth-service","timestamp":"2025-08-30T10:20:04.569Z"}
{"level":"info","message":"Successfully connected to Redis","service":"auth-service","timestamp":"2025-08-30T10:20:04.587Z"}
{"level":"info","message":"Redis client is ready","service":"auth-service","timestamp":"2025-08-30T10:20:04.601Z"}
{"level":"info","message":"MongoDb  connected successfully","service":"auth-service","timestamp":"2025-08-30T10:20:05.099Z"}
{"level":"info","message":"App started at port 8001","service":"auth-service","timestamp":"2025-08-30T10:20:05.100Z"}
{"level":"warn","message":"Checking for rate limit","service":"auth-service","timestamp":"2025-08-30T10:24:51.116Z"}
{"level":"info","message":"request from /api/group/create having a method of GET","service":"auth-service","timestamp":"2025-08-30T10:24:51.190Z"}
{"level":"info","message":"user hits the getGroup controller","service":"auth-service","timestamp":"2025-08-30T10:24:51.194Z"}
{"level":"error","message":"groupId.toString is not a function","service":"auth-service","stack":"TypeError: groupId.toString is not a function\n    at getGroup (/Users/home/Desktop/projects/ROSCA/rusca-microservices-server/contribution-services/src/controllers/groupController.ts:93:56)\n    at Layer.handleRequest (/Users/home/Desktop/projects/ROSCA/rusca-microservices-server/contribution-services/node_modules/router/lib/layer.js:152:17)\n    at next (/Users/home/Desktop/projects/ROSCA/rusca-microservices-server/contribution-services/node_modules/router/lib/route.js:157:13)\n    at Route.dispatch (/Users/home/Desktop/projects/ROSCA/rusca-microservices-server/contribution-services/node_modules/router/lib/route.js:117:3)\n    at handle (/Users/home/Desktop/projects/ROSCA/rusca-microservices-server/contribution-services/node_modules/router/index.js:435:11)\n    at Layer.handleRequest (/Users/home/Desktop/projects/ROSCA/rusca-microservices-server/contribution-services/node_modules/router/lib/layer.js:152:17)\n    at /Users/home/Desktop/projects/ROSCA/rusca-microservices-server/contribution-services/node_modules/router/index.js:295:15\n    at param (/Users/home/Desktop/projects/ROSCA/rusca-microservices-server/contribution-services/node_modules/router/index.js:600:14)\n    at param (/Users/home/Desktop/projects/ROSCA/rusca-microservices-server/contribution-services/node_modules/router/index.js:610:14)\n    at processParams (/Users/home/Desktop/projects/ROSCA/rusca-microservices-server/contribution-services/node_modules/router/index.js:664:3)","timestamp":"2025-08-30T10:24:51.194Z"}
{"level":"error","message":"groupId.toString is not a function","service":"auth-service","timestamp":"2025-08-30T10:24:51.201Z"}
{"level":"warn","message":"Checking for rate limit","service":"auth-service","timestamp":"2025-08-30T10:25:07.677Z"}
{"level":"info","message":"request from /api/group/create having a method of POST","service":"auth-service","timestamp":"2025-08-30T10:25:07.683Z"}
{"level":"info","message":"user hit the create group controller","service":"auth-service","timestamp":"2025-08-30T10:25:07.683Z"}
{"details":[{"message":"Request body cannot be empty"}],"level":"error","message":"user hit the create group controller with error","service":"auth-service","timestamp":"2025-08-30T10:25:07.685Z"}
{"level":"warn","message":"Checking for rate limit","service":"auth-service","timestamp":"2025-08-30T11:10:46.657Z"}
{"level":"info","message":"request from /api/group/create having a method of POST","service":"auth-service","timestamp":"2025-08-30T11:10:46.696Z"}
{"level":"info","message":"user hit the create group controller","service":"auth-service","timestamp":"2025-08-30T11:10:46.696Z"}
{"level":"info","message":"creating a new group","service":"auth-service","timestamp":"2025-08-30T11:10:46.712Z"}
{"0":"g","1":"o","2":"l","3":"d","4":"e","5":"n","level":"info","message":"new group created with group name","service":"auth-service","timestamp":"2025-08-30T11:10:47.076Z"}
{"level":"warn","message":"Checking for rate limit","service":"auth-service","timestamp":"2025-08-30T11:10:57.129Z"}
{"level":"info","message":"request from /api/group/create having a method of POST","service":"auth-service","timestamp":"2025-08-30T11:10:57.131Z"}
{"level":"info","message":"user hit the create group controller","service":"auth-service","timestamp":"2025-08-30T11:10:57.131Z"}
{"level":"info","message":"creating a new group","service":"auth-service","timestamp":"2025-08-30T11:10:57.132Z"}
{"0":"g","1":"o","2":"l","3":"d","4":"e","5":"n","level":"info","message":"new group created with group name","service":"auth-service","timestamp":"2025-08-30T11:10:57.170Z"}
{"level":"warn","message":"Checking for rate limit","service":"auth-service","timestamp":"2025-08-30T11:13:31.146Z"}
{"level":"info","message":"request from /api/group/create having a method of POST","service":"auth-service","timestamp":"2025-08-30T11:13:31.149Z"}
{"level":"info","message":"user hit the create group controller","service":"auth-service","timestamp":"2025-08-30T11:13:31.149Z"}
{"level":"info","message":"creating a new group","service":"auth-service","timestamp":"2025-08-30T11:13:31.150Z"}
{"0":"P","1":"r","10":"a","11":"l","2":"o","3":"f","4":"e","5":"s","6":"s","7":"i","8":"o","9":"n","level":"info","message":"new group created with group name","service":"auth-service","timestamp":"2025-08-30T11:13:31.196Z"}
{"level":"warn","message":"Checking for rate limit","service":"auth-service","timestamp":"2025-08-30T11:14:49.909Z"}
{"level":"info","message":"request from /api/group/groups having a method of GET","service":"auth-service","timestamp":"2025-08-30T11:14:49.914Z"}
{"level":"info","message":"user hits the getGroups controller","service":"auth-service","timestamp":"2025-08-30T11:14:49.915Z"}
{"level":"info","message":"user fetched all groups controller","service":"auth-service","timestamp":"2025-08-30T11:14:49.973Z"}
{"level":"warn","message":"Checking for rate limit","service":"auth-service","timestamp":"2025-08-30T11:16:06.399Z"}
{"level":"info","message":"request from /api/group/68b2dc36ba9837081939b44b having a method of GET","service":"auth-service","timestamp":"2025-08-30T11:16:06.404Z"}
{"level":"info","message":"user hits the getGroup controller","service":"auth-service","timestamp":"2025-08-30T11:16:06.409Z"}
{"level":"error","message":"groupId.toString is not a function","service":"auth-service","stack":"TypeError: groupId.toString is not a function\n    at getGroup (/Users/home/Desktop/projects/ROSCA/rusca-microservices-server/contribution-services/src/controllers/groupController.ts:93:56)\n    at Layer.handleRequest (/Users/home/Desktop/projects/ROSCA/rusca-microservices-server/contribution-services/node_modules/router/lib/layer.js:152:17)\n    at next (/Users/home/Desktop/projects/ROSCA/rusca-microservices-server/contribution-services/node_modules/router/lib/route.js:157:13)\n    at Route.dispatch (/Users/home/Desktop/projects/ROSCA/rusca-microservices-server/contribution-services/node_modules/router/lib/route.js:117:3)\n    at handle (/Users/home/Desktop/projects/ROSCA/rusca-microservices-server/contribution-services/node_modules/router/index.js:435:11)\n    at Layer.handleRequest (/Users/home/Desktop/projects/ROSCA/rusca-microservices-server/contribution-services/node_modules/router/lib/layer.js:152:17)\n    at /Users/home/Desktop/projects/ROSCA/rusca-microservices-server/contribution-services/node_modules/router/index.js:295:15\n    at param (/Users/home/Desktop/projects/ROSCA/rusca-microservices-server/contribution-services/node_modules/router/index.js:600:14)\n    at param (/Users/home/Desktop/projects/ROSCA/rusca-microservices-server/contribution-services/node_modules/router/index.js:610:14)\n    at processParams (/Users/home/Desktop/projects/ROSCA/rusca-microservices-server/contribution-services/node_modules/router/index.js:664:3)","timestamp":"2025-08-30T11:16:06.411Z"}
{"level":"error","message":"groupId.toString is not a function","service":"auth-service","timestamp":"2025-08-30T11:16:06.414Z"}
{"level":"info","message":"DB connection started","service":"auth-service","timestamp":"2025-08-30T11:17:19.645Z"}
{"level":"info","message":"Successfully connected to Redis","service":"auth-service","timestamp":"2025-08-30T11:17:19.661Z"}
{"level":"info","message":"Redis client is ready","service":"auth-service","timestamp":"2025-08-30T11:17:19.670Z"}
{"level":"info","message":"MongoDb  connected successfully","service":"auth-service","timestamp":"2025-08-30T11:17:20.280Z"}
{"level":"info","message":"App started at port 8001","service":"auth-service","timestamp":"2025-08-30T11:17:20.280Z"}
{"level":"info","message":"DB connection started","service":"auth-service","timestamp":"2025-08-30T11:17:28.051Z"}
{"level":"info","message":"Successfully connected to Redis","service":"auth-service","timestamp":"2025-08-30T11:17:28.068Z"}
{"level":"info","message":"Redis client is ready","service":"auth-service","timestamp":"2025-08-30T11:17:28.070Z"}
{"level":"info","message":"MongoDb  connected successfully","service":"auth-service","timestamp":"2025-08-30T11:17:28.498Z"}
{"level":"info","message":"App started at port 8001","service":"auth-service","timestamp":"2025-08-30T11:17:28.499Z"}
{"level":"warn","message":"Checking for rate limit","service":"auth-service","timestamp":"2025-08-30T11:17:32.959Z"}
{"level":"info","message":"request from /api/group/68b2dc36ba9837081939b44b having a method of GET","service":"auth-service","timestamp":"2025-08-30T11:17:32.974Z"}
{"level":"info","message":"user hits the getGroup controller","service":"auth-service","timestamp":"2025-08-30T11:17:32.975Z"}
{"level":"info","message":"DB connection started","service":"auth-service","timestamp":"2025-08-30T11:18:17.718Z"}
{"level":"info","message":"Successfully connected to Redis","service":"auth-service","timestamp":"2025-08-30T11:18:17.727Z"}
{"level":"info","message":"Redis client is ready","service":"auth-service","timestamp":"2025-08-30T11:18:17.730Z"}
{"level":"info","message":"MongoDb  connected successfully","service":"auth-service","timestamp":"2025-08-30T11:18:18.175Z"}
{"level":"info","message":"App started at port 8001","service":"auth-service","timestamp":"2025-08-30T11:18:18.176Z"}
{"level":"warn","message":"Checking for rate limit","service":"auth-service","timestamp":"2025-08-30T11:18:20.339Z"}
{"level":"info","message":"request from /api/group/68b2dc36ba9837081939b44b having a method of GET","service":"auth-service","timestamp":"2025-08-30T11:18:20.354Z"}
{"level":"info","message":"user hits the getGroup controller","service":"auth-service","timestamp":"2025-08-30T11:18:20.359Z"}
{"level":"info","message":"DB connection started","service":"auth-service","timestamp":"2025-08-30T11:18:28.634Z"}
{"level":"info","message":"Successfully connected to Redis","service":"auth-service","timestamp":"2025-08-30T11:18:28.644Z"}
{"level":"info","message":"Redis client is ready","service":"auth-service","timestamp":"2025-08-30T11:18:28.645Z"}
{"level":"info","message":"MongoDb  connected successfully","service":"auth-service","timestamp":"2025-08-30T11:18:29.099Z"}
{"level":"info","message":"App started at port 8001","service":"auth-service","timestamp":"2025-08-30T11:18:29.099Z"}
{"level":"warn","message":"Checking for rate limit","service":"auth-service","timestamp":"2025-08-30T11:18:40.704Z"}
{"level":"info","message":"request from /api/group/68b2dc36ba9837081939b44b having a method of GET","service":"auth-service","timestamp":"2025-08-30T11:18:40.707Z"}
{"level":"info","message":"user hits the getGroup controller","service":"auth-service","timestamp":"2025-08-30T11:18:40.707Z"}
{"$__":{"activePaths":{"paths":{"__v":"init","_id":"init","groupName":"init","monthlyContribution":"init","numberOfMembers":"init","status":"init"},"states":{"default":{},"init":{"__v":true,"_id":true,"groupName":true,"monthlyContribution":true,"numberOfMembers":true,"status":true},"require":{}}},"skipId":true},"$isNew":false,"_doc":{"__v":0,"_id":"68b2dc36ba9837081939b44b","groupName":"golden","monthlyContribution":5000,"numberOfMembers":4,"status":"active"},"level":"info","message":"group fetched","service":"auth-service","timestamp":"2025-08-30T11:18:40.743Z"}
{"level":"warn","message":"Checking for rate limit","service":"auth-service","timestamp":"2025-08-30T11:18:52.383Z"}
{"level":"info","message":"request from /api/group having a method of GET","service":"auth-service","timestamp":"2025-08-30T11:18:52.384Z"}
{"level":"warn","message":"Checking for rate limit","service":"auth-service","timestamp":"2025-08-30T11:18:57.430Z"}
{"level":"info","message":"request from /api/group/1 having a method of GET","service":"auth-service","timestamp":"2025-08-30T11:18:57.432Z"}
{"level":"info","message":"user hits the getGroup controller","service":"auth-service","timestamp":"2025-08-30T11:18:57.433Z"}
{"level":"warn","message":"Checking for rate limit","service":"auth-service","timestamp":"2025-08-30T11:19:02.028Z"}
{"level":"info","message":"request from /api/group/8b2dc36ba9837081939b44b having a method of GET","service":"auth-service","timestamp":"2025-08-30T11:19:02.030Z"}
{"level":"info","message":"user hits the getGroup controller","service":"auth-service","timestamp":"2025-08-30T11:19:02.031Z"}
{"level":"warn","message":"Checking for rate limit","service":"auth-service","timestamp":"2025-08-30T11:19:05.589Z"}
{"level":"info","message":"request from /api/group/8b2dc36ba9837081939b44b having a method of GET","service":"auth-service","timestamp":"2025-08-30T11:19:05.591Z"}
{"level":"info","message":"user hits the getGroup controller","service":"auth-service","timestamp":"2025-08-30T11:19:05.591Z"}
{"level":"info","message":"DB connection started","service":"auth-service","timestamp":"2025-08-30T11:19:33.942Z"}
{"level":"info","message":"Successfully connected to Redis","service":"auth-service","timestamp":"2025-08-30T11:19:33.951Z"}
{"level":"info","message":"Redis client is ready","service":"auth-service","timestamp":"2025-08-30T11:19:33.953Z"}
{"level":"info","message":"MongoDb  connected successfully","service":"auth-service","timestamp":"2025-08-30T11:19:34.410Z"}
{"level":"info","message":"App started at port 8001","service":"auth-service","timestamp":"2025-08-30T11:19:34.411Z"}
{"level":"info","message":"DB connection started","service":"auth-service","timestamp":"2025-08-30T11:19:38.456Z"}
{"level":"info","message":"Successfully connected to Redis","service":"auth-service","timestamp":"2025-08-30T11:19:38.472Z"}
{"level":"info","message":"Redis client is ready","service":"auth-service","timestamp":"2025-08-30T11:19:38.474Z"}
{"level":"info","message":"MongoDb  connected successfully","service":"auth-service","timestamp":"2025-08-30T11:19:39.249Z"}
{"level":"info","message":"App started at port 8001","service":"auth-service","timestamp":"2025-08-30T11:19:39.250Z"}
{"level":"info","message":"DB connection started","service":"auth-service","timestamp":"2025-08-30T11:19:48.290Z"}
{"level":"info","message":"Successfully connected to Redis","service":"auth-service","timestamp":"2025-08-30T11:19:48.299Z"}
{"level":"info","message":"Redis client is ready","service":"auth-service","timestamp":"2025-08-30T11:19:48.301Z"}
{"level":"info","message":"MongoDb  connected successfully","service":"auth-service","timestamp":"2025-08-30T11:19:48.760Z"}
{"level":"info","message":"App started at port 8001","service":"auth-service","timestamp":"2025-08-30T11:19:48.760Z"}
{"level":"info","message":"DB connection started","service":"auth-service","timestamp":"2025-08-30T11:19:54.116Z"}
{"level":"info","message":"Successfully connected to Redis","service":"auth-service","timestamp":"2025-08-30T11:19:54.128Z"}
{"level":"info","message":"Redis client is ready","service":"auth-service","timestamp":"2025-08-30T11:19:54.130Z"}
{"level":"info","message":"MongoDb  connected successfully","service":"auth-service","timestamp":"2025-08-30T11:19:54.648Z"}
{"level":"info","message":"App started at port 8001","service":"auth-service","timestamp":"2025-08-30T11:19:54.649Z"}
{"level":"info","message":"DB connection started","service":"auth-service","timestamp":"2025-08-30T11:19:57.201Z"}
{"level":"info","message":"Successfully connected to Redis","service":"auth-service","timestamp":"2025-08-30T11:19:57.212Z"}
{"level":"info","message":"Redis client is ready","service":"auth-service","timestamp":"2025-08-30T11:19:57.213Z"}
{"level":"info","message":"MongoDb  connected successfully","service":"auth-service","timestamp":"2025-08-30T11:19:57.776Z"}
{"level":"info","message":"App started at port 8001","service":"auth-service","timestamp":"2025-08-30T11:19:57.776Z"}
{"level":"info","message":"DB connection started","service":"auth-service","timestamp":"2025-08-30T11:19:59.619Z"}
{"level":"info","message":"Successfully connected to Redis","service":"auth-service","timestamp":"2025-08-30T11:19:59.629Z"}
{"level":"info","message":"Redis client is ready","service":"auth-service","timestamp":"2025-08-30T11:19:59.631Z"}
{"level":"info","message":"DB connection started","service":"auth-service","timestamp":"2025-08-30T11:20:03.159Z"}
{"level":"info","message":"Successfully connected to Redis","service":"auth-service","timestamp":"2025-08-30T11:20:03.168Z"}
{"level":"info","message":"Redis client is ready","service":"auth-service","timestamp":"2025-08-30T11:20:03.171Z"}
{"level":"info","message":"MongoDb  connected successfully","service":"auth-service","timestamp":"2025-08-30T11:20:03.616Z"}
{"level":"info","message":"App started at port 8001","service":"auth-service","timestamp":"2025-08-30T11:20:03.617Z"}
{"level":"info","message":"DB connection started","service":"auth-service","timestamp":"2025-08-30T11:20:12.131Z"}
{"level":"info","message":"Successfully connected to Redis","service":"auth-service","timestamp":"2025-08-30T11:20:12.145Z"}
{"level":"info","message":"Redis client is ready","service":"auth-service","timestamp":"2025-08-30T11:20:12.146Z"}
{"level":"info","message":"DB connection started","service":"auth-service","timestamp":"2025-08-30T11:20:18.176Z"}
{"level":"info","message":"Successfully connected to Redis","service":"auth-service","timestamp":"2025-08-30T11:20:18.185Z"}
{"level":"info","message":"Redis client is ready","service":"auth-service","timestamp":"2025-08-30T11:20:18.186Z"}
{"level":"info","message":"MongoDb  connected successfully","service":"auth-service","timestamp":"2025-08-30T11:20:18.621Z"}
{"level":"info","message":"App started at port 8001","service":"auth-service","timestamp":"2025-08-30T11:20:18.622Z"}
{"level":"warn","message":"Checking for rate limit","service":"auth-service","timestamp":"2025-08-30T11:20:20.351Z"}
{"level":"info","message":"request from /api/group/68b2dc36ba9837081939b44b having a method of GET","service":"auth-service","timestamp":"2025-08-30T11:20:20.356Z"}
{"level":"info","message":"user hits the getGroup controller","service":"auth-service","timestamp":"2025-08-30T11:20:20.360Z"}
{"$__":{"activePaths":{"paths":{"__v":"init","_id":"init","groupName":"init","monthlyContribution":"init","numberOfMembers":"init","status":"init"},"states":{"default":{},"init":{"__v":true,"_id":true,"groupName":true,"monthlyContribution":true,"numberOfMembers":true,"status":true},"require":{}}},"skipId":true},"$isNew":false,"_doc":{"__v":0,"_id":"68b2dc36ba9837081939b44b","groupName":"golden","monthlyContribution":5000,"numberOfMembers":4,"status":"active"},"level":"info","message":"group fetched","service":"auth-service","timestamp":"2025-08-30T11:20:20.400Z"}
{"level":"warn","message":"Checking for rate limit","service":"auth-service","timestamp":"2025-08-30T11:20:25.393Z"}
{"level":"info","message":"request from /api/group/68b2dc36ba9837081939b44b5 having a method of GET","service":"auth-service","timestamp":"2025-08-30T11:20:25.395Z"}
{"level":"info","message":"user hits the getGroup controller","service":"auth-service","timestamp":"2025-08-30T11:20:25.395Z"}
{"level":"warn","message":"Checking for rate limit","service":"auth-service","timestamp":"2025-08-30T11:20:30.976Z"}
{"level":"info","message":"request from /api/group/68b2dc36ba9837081939b44b having a method of GET","service":"auth-service","timestamp":"2025-08-30T11:20:30.977Z"}
{"level":"info","message":"user hits the getGroup controller","service":"auth-service","timestamp":"2025-08-30T11:20:30.977Z"}
{"$__":{"activePaths":{"paths":{"__v":"init","_id":"init","groupName":"init","monthlyContribution":"init","numberOfMembers":"init","status":"init"},"states":{"default":{},"init":{"__v":true,"_id":true,"groupName":true,"monthlyContribution":true,"numberOfMembers":true,"status":true},"require":{}}},"skipId":true},"$isNew":false,"_doc":{"__v":0,"_id":"68b2dc36ba9837081939b44b","groupName":"golden","monthlyContribution":5000,"numberOfMembers":4,"status":"active"},"level":"info","message":"group fetched","service":"auth-service","timestamp":"2025-08-30T11:20:31.009Z"}
{"level":"info","message":"DB connection started","service":"auth-service","timestamp":"2025-08-30T11:22:01.199Z"}
{"level":"info","message":"Successfully connected to Redis","service":"auth-service","timestamp":"2025-08-30T11:22:01.211Z"}
{"level":"info","message":"Redis client is ready","service":"auth-service","timestamp":"2025-08-30T11:22:01.212Z"}
{"level":"info","message":"MongoDb  connected successfully","service":"auth-service","timestamp":"2025-08-30T11:22:01.734Z"}
{"level":"info","message":"App started at port 8001","service":"auth-service","timestamp":"2025-08-30T11:22:01.735Z"}
{"level":"info","message":"DB connection started","service":"auth-service","timestamp":"2025-08-30T11:22:05.116Z"}
{"level":"info","message":"Successfully connected to Redis","service":"auth-service","timestamp":"2025-08-30T11:22:05.127Z"}
{"level":"info","message":"Redis client is ready","service":"auth-service","timestamp":"2025-08-30T11:22:05.128Z"}
{"level":"info","message":"MongoDb  connected successfully","service":"auth-service","timestamp":"2025-08-30T11:22:05.695Z"}
{"level":"info","message":"App started at port 8001","service":"auth-service","timestamp":"2025-08-30T11:22:05.696Z"}
{"level":"warn","message":"Checking for rate limit","service":"auth-service","timestamp":"2025-08-30T11:22:11.505Z"}
{"level":"info","message":"request from /api/group/68b2dc36ba9837081939b44b having a method of DELETE","service":"auth-service","timestamp":"2025-08-30T11:22:11.509Z"}
{"level":"info","message":"user hits the delteGroup controller","service":"auth-service","timestamp":"2025-08-30T11:22:11.510Z"}
{"$__":{"activePaths":{"paths":{"__v":"init","_id":"init","groupName":"init","monthlyContribution":"init","numberOfMembers":"init","status":"init"},"states":{"default":{},"init":{"__v":true,"_id":true,"groupName":true,"monthlyContribution":true,"numberOfMembers":true,"status":true},"require":{}}},"skipId":true},"$isNew":false,"_doc":{"__v":0,"_id":"68b2dc36ba9837081939b44b","groupName":"golden","monthlyContribution":5000,"numberOfMembers":4,"status":"active"},"level":"info","message":"group deleted:","service":"auth-service","timestamp":"2025-08-30T11:22:11.574Z"}
{"level":"warn","message":"Checking for rate limit","service":"auth-service","timestamp":"2025-08-30T11:22:54.962Z"}
{"level":"info","message":"request from /api/groups having a method of GET","service":"auth-service","timestamp":"2025-08-30T11:22:54.965Z"}
{"level":"warn","message":"Checking for rate limit","service":"auth-service","timestamp":"2025-08-30T11:23:26.888Z"}
{"level":"info","message":"request from /api/group/groups having a method of GET","service":"auth-service","timestamp":"2025-08-30T11:23:26.890Z"}
{"level":"info","message":"user hits the getGroups controller","service":"auth-service","timestamp":"2025-08-30T11:23:26.890Z"}
{"level":"info","message":"user fetched all groups controller","service":"auth-service","timestamp":"2025-08-30T11:23:26.933Z"}
{"level":"warn","message":"Checking for rate limit","service":"auth-service","timestamp":"2025-08-30T11:23:38.548Z"}
{"level":"info","message":"request from /api/group/68b2dc36ba9837081939b44b having a method of GET","service":"auth-service","timestamp":"2025-08-30T11:23:38.551Z"}
{"level":"info","message":"user hits the getGroup controller","service":"auth-service","timestamp":"2025-08-30T11:23:38.551Z"}
{"level":"info","message":"group fetched","service":"auth-service","timestamp":"2025-08-30T11:23:38.589Z"}
{"level":"warn","message":"Checking for rate limit","service":"auth-service","timestamp":"2025-08-30T11:24:01.451Z"}
{"level":"info","message":"request from /api/group/68b2dc36ba9837081939b44b having a method of DELETE","service":"auth-service","timestamp":"2025-08-30T11:24:01.455Z"}
{"level":"info","message":"user hits the delteGroup controller","service":"auth-service","timestamp":"2025-08-30T11:24:01.455Z"}
{"level":"info","message":"group deleted:","service":"auth-service","timestamp":"2025-08-30T11:24:01.496Z"}
{"level":"info","message":"DB connection started","service":"auth-service","timestamp":"2025-08-30T11:24:25.653Z"}
{"level":"info","message":"Successfully connected to Redis","service":"auth-service","timestamp":"2025-08-30T11:24:25.662Z"}
{"level":"info","message":"Redis client is ready","service":"auth-service","timestamp":"2025-08-30T11:24:25.664Z"}
{"level":"info","message":"MongoDb  connected successfully","service":"auth-service","timestamp":"2025-08-30T11:24:26.219Z"}
{"level":"info","message":"App started at port 8001","service":"auth-service","timestamp":"2025-08-30T11:24:26.219Z"}
{"level":"info","message":"DB connection started","service":"auth-service","timestamp":"2025-08-30T11:24:39.120Z"}
{"level":"info","message":"Successfully connected to Redis","service":"auth-service","timestamp":"2025-08-30T11:24:39.136Z"}
{"level":"info","message":"Redis client is ready","service":"auth-service","timestamp":"2025-08-30T11:24:39.138Z"}
{"level":"info","message":"DB connection started","service":"auth-service","timestamp":"2025-08-30T11:24:41.911Z"}
{"level":"info","message":"Successfully connected to Redis","service":"auth-service","timestamp":"2025-08-30T11:24:41.922Z"}
{"level":"info","message":"Redis client is ready","service":"auth-service","timestamp":"2025-08-30T11:24:41.924Z"}
{"level":"info","message":"MongoDb  connected successfully","service":"auth-service","timestamp":"2025-08-30T11:24:42.369Z"}
{"level":"info","message":"App started at port 8001","service":"auth-service","timestamp":"2025-08-30T11:24:42.369Z"}
{"level":"info","message":"DB connection started","service":"auth-service","timestamp":"2025-08-30T11:24:48.679Z"}
{"level":"info","message":"Successfully connected to Redis","service":"auth-service","timestamp":"2025-08-30T11:24:48.688Z"}
{"level":"info","message":"Redis client is ready","service":"auth-service","timestamp":"2025-08-30T11:24:48.690Z"}
{"level":"info","message":"MongoDb  connected successfully","service":"auth-service","timestamp":"2025-08-30T11:24:49.127Z"}
{"level":"info","message":"App started at port 8001","service":"auth-service","timestamp":"2025-08-30T11:24:49.127Z"}
{"level":"info","message":"DB connection started","service":"auth-service","timestamp":"2025-08-30T11:24:56.070Z"}
{"level":"info","message":"Successfully connected to Redis","service":"auth-service","timestamp":"2025-08-30T11:24:56.080Z"}
{"level":"info","message":"Redis client is ready","service":"auth-service","timestamp":"2025-08-30T11:24:56.081Z"}
{"level":"info","message":"MongoDb  connected successfully","service":"auth-service","timestamp":"2025-08-30T11:24:56.515Z"}
{"level":"info","message":"App started at port 8001","service":"auth-service","timestamp":"2025-08-30T11:24:56.515Z"}
{"level":"info","message":"DB connection started","service":"auth-service","timestamp":"2025-08-30T11:24:58.494Z"}
{"level":"info","message":"Successfully connected to Redis","service":"auth-service","timestamp":"2025-08-30T11:24:58.503Z"}
{"level":"info","message":"Redis client is ready","service":"auth-service","timestamp":"2025-08-30T11:24:58.512Z"}
{"level":"info","message":"MongoDb  connected successfully","service":"auth-service","timestamp":"2025-08-30T11:24:59.034Z"}
{"level":"info","message":"App started at port 8001","service":"auth-service","timestamp":"2025-08-30T11:24:59.034Z"}
{"level":"info","message":"DB connection started","service":"auth-service","timestamp":"2025-08-30T11:25:07.005Z"}
{"level":"info","message":"Successfully connected to Redis","service":"auth-service","timestamp":"2025-08-30T11:25:07.014Z"}
{"level":"info","message":"Redis client is ready","service":"auth-service","timestamp":"2025-08-30T11:25:07.017Z"}
{"level":"info","message":"MongoDb  connected successfully","service":"auth-service","timestamp":"2025-08-30T11:25:07.431Z"}
{"level":"info","message":"App started at port 8001","service":"auth-service","timestamp":"2025-08-30T11:25:07.431Z"}
{"level":"info","message":"DB connection started","service":"auth-service","timestamp":"2025-08-30T11:25:34.580Z"}
{"level":"info","message":"Successfully connected to Redis","service":"auth-service","timestamp":"2025-08-30T11:25:34.589Z"}
{"level":"info","message":"Redis client is ready","service":"auth-service","timestamp":"2025-08-30T11:25:34.591Z"}
{"level":"info","message":"MongoDb  connected successfully","service":"auth-service","timestamp":"2025-08-30T11:25:35.042Z"}
{"level":"info","message":"App started at port 8001","service":"auth-service","timestamp":"2025-08-30T11:25:35.042Z"}
{"level":"info","message":"DB connection started","service":"auth-service","timestamp":"2025-08-30T11:25:42.921Z"}
{"level":"info","message":"Successfully connected to Redis","service":"auth-service","timestamp":"2025-08-30T11:25:42.934Z"}
{"level":"info","message":"Redis client is ready","service":"auth-service","timestamp":"2025-08-30T11:25:42.936Z"}
{"level":"info","message":"MongoDb  connected successfully","service":"auth-service","timestamp":"2025-08-30T11:25:43.491Z"}
{"level":"info","message":"App started at port 8001","service":"auth-service","timestamp":"2025-08-30T11:25:43.491Z"}
{"level":"info","message":"DB connection started","service":"auth-service","timestamp":"2025-08-30T11:25:49.388Z"}
{"level":"info","message":"Successfully connected to Redis","service":"auth-service","timestamp":"2025-08-30T11:25:49.402Z"}
{"level":"info","message":"Redis client is ready","service":"auth-service","timestamp":"2025-08-30T11:25:49.403Z"}
{"level":"info","message":"MongoDb  connected successfully","service":"auth-service","timestamp":"2025-08-30T11:25:49.855Z"}
{"level":"info","message":"App started at port 8001","service":"auth-service","timestamp":"2025-08-30T11:25:49.856Z"}
{"level":"warn","message":"Checking for rate limit","service":"auth-service","timestamp":"2025-08-30T11:25:59.654Z"}
{"level":"info","message":"request from /api/group/68b2dc36ba9837081939b44b having a method of DELETE","service":"auth-service","timestamp":"2025-08-30T11:25:59.658Z"}
{"level":"info","message":"user hits the delteGroup controller","service":"auth-service","timestamp":"2025-08-30T11:25:59.658Z"}
{"level":"warn","message":"Checking for rate limit","service":"auth-service","timestamp":"2025-08-30T11:26:05.036Z"}
{"level":"info","message":"request from /api/group/68b2dc36ba9837081939b44b having a method of GET","service":"auth-service","timestamp":"2025-08-30T11:26:05.044Z"}
{"level":"info","message":"user hits the getGroup controller","service":"auth-service","timestamp":"2025-08-30T11:26:05.045Z"}
{"level":"info","message":"DB connection started","service":"auth-service","timestamp":"2025-08-30T11:26:36.455Z"}
{"level":"info","message":"Successfully connected to Redis","service":"auth-service","timestamp":"2025-08-30T11:26:36.465Z"}
{"level":"info","message":"Redis client is ready","service":"auth-service","timestamp":"2025-08-30T11:26:36.466Z"}
{"level":"info","message":"MongoDb  connected successfully","service":"auth-service","timestamp":"2025-08-30T11:26:36.907Z"}
{"level":"info","message":"App started at port 8001","service":"auth-service","timestamp":"2025-08-30T11:26:36.907Z"}
{"level":"info","message":"DB connection started","service":"auth-service","timestamp":"2025-08-30T11:26:40.949Z"}
{"level":"info","message":"Successfully connected to Redis","service":"auth-service","timestamp":"2025-08-30T11:26:40.958Z"}
{"level":"info","message":"Redis client is ready","service":"auth-service","timestamp":"2025-08-30T11:26:40.960Z"}
{"level":"info","message":"MongoDb  connected successfully","service":"auth-service","timestamp":"2025-08-30T11:26:41.409Z"}
{"level":"info","message":"App started at port 8001","service":"auth-service","timestamp":"2025-08-30T11:26:41.409Z"}
{"level":"info","message":"DB connection started","service":"auth-service","timestamp":"2025-08-30T11:29:32.691Z"}
{"level":"info","message":"Successfully connected to Redis","service":"auth-service","timestamp":"2025-08-30T11:29:32.701Z"}
{"level":"info","message":"Redis client is ready","service":"auth-service","timestamp":"2025-08-30T11:29:32.702Z"}
{"level":"info","message":"MongoDb  connected successfully","service":"auth-service","timestamp":"2025-08-30T11:29:33.238Z"}
{"level":"info","message":"App started at port 8001","service":"auth-service","timestamp":"2025-08-30T11:29:33.239Z"}
{"level":"info","message":"DB connection started","service":"auth-service","timestamp":"2025-08-30T11:32:13.094Z"}
{"level":"info","message":"Successfully connected to Redis","service":"auth-service","timestamp":"2025-08-30T11:32:13.105Z"}
{"level":"info","message":"Redis client is ready","service":"auth-service","timestamp":"2025-08-30T11:32:13.107Z"}
{"level":"info","message":"MongoDb  connected successfully","service":"auth-service","timestamp":"2025-08-30T11:32:13.636Z"}
{"level":"info","message":"App started at port 8001","service":"auth-service","timestamp":"2025-08-30T11:32:13.636Z"}
{"level":"info","message":"DB connection started","service":"auth-service","timestamp":"2025-08-30T11:32:35.118Z"}
{"level":"info","message":"Successfully connected to Redis","service":"auth-service","timestamp":"2025-08-30T11:32:35.128Z"}
{"level":"info","message":"Redis client is ready","service":"auth-service","timestamp":"2025-08-30T11:32:35.129Z"}
{"level":"info","message":"MongoDb  connected successfully","service":"auth-service","timestamp":"2025-08-30T11:32:35.618Z"}
{"level":"info","message":"App started at port 8001","service":"auth-service","timestamp":"2025-08-30T11:32:35.618Z"}
{"level":"info","message":"DB connection started","service":"auth-service","timestamp":"2025-08-30T11:34:00.299Z"}
{"level":"info","message":"Successfully connected to Redis","service":"auth-service","timestamp":"2025-08-30T11:34:00.308Z"}
{"level":"info","message":"Redis client is ready","service":"auth-service","timestamp":"2025-08-30T11:34:00.310Z"}
{"level":"info","message":"MongoDb  connected successfully","service":"auth-service","timestamp":"2025-08-30T11:34:01.225Z"}
{"level":"info","message":"App started at port 8001","service":"auth-service","timestamp":"2025-08-30T11:34:01.225Z"}
{"level":"info","message":"DB connection started","service":"auth-service","timestamp":"2025-08-30T11:34:55.009Z"}
{"level":"info","message":"Successfully connected to Redis","service":"auth-service","timestamp":"2025-08-30T11:34:55.018Z"}
{"level":"info","message":"Redis client is ready","service":"auth-service","timestamp":"2025-08-30T11:34:55.019Z"}
{"level":"info","message":"MongoDb  connected successfully","service":"auth-service","timestamp":"2025-08-30T11:34:55.475Z"}
{"level":"info","message":"App started at port 8001","service":"auth-service","timestamp":"2025-08-30T11:34:55.476Z"}
{"level":"info","message":"DB connection started","service":"auth-service","timestamp":"2025-08-30T11:34:59.804Z"}
{"level":"info","message":"Successfully connected to Redis","service":"auth-service","timestamp":"2025-08-30T11:34:59.823Z"}
{"level":"info","message":"Redis client is ready","service":"auth-service","timestamp":"2025-08-30T11:34:59.826Z"}
{"level":"info","message":"MongoDb  connected successfully","service":"auth-service","timestamp":"2025-08-30T11:35:00.356Z"}
{"level":"info","message":"App started at port 8001","service":"auth-service","timestamp":"2025-08-30T11:35:00.356Z"}
{"level":"info","message":"DB connection started","service":"auth-service","timestamp":"2025-08-30T11:35:03.231Z"}
{"level":"info","message":"Successfully connected to Redis","service":"auth-service","timestamp":"2025-08-30T11:35:03.243Z"}
{"level":"info","message":"Redis client is ready","service":"auth-service","timestamp":"2025-08-30T11:35:03.245Z"}
{"level":"info","message":"DB connection started","service":"auth-service","timestamp":"2025-08-30T11:35:07.047Z"}
{"level":"info","message":"Successfully connected to Redis","service":"auth-service","timestamp":"2025-08-30T11:35:07.057Z"}
{"level":"info","message":"Redis client is ready","service":"auth-service","timestamp":"2025-08-30T11:35:07.062Z"}
{"level":"info","message":"MongoDb  connected successfully","service":"auth-service","timestamp":"2025-08-30T11:35:07.490Z"}
{"level":"info","message":"App started at port 8001","service":"auth-service","timestamp":"2025-08-30T11:35:07.490Z"}
{"level":"info","message":"DB connection started","service":"auth-service","timestamp":"2025-08-30T11:35:14.361Z"}
{"level":"info","message":"Successfully connected to Redis","service":"auth-service","timestamp":"2025-08-30T11:35:14.371Z"}
{"level":"info","message":"Redis client is ready","service":"auth-service","timestamp":"2025-08-30T11:35:14.372Z"}
{"level":"info","message":"MongoDb  connected successfully","service":"auth-service","timestamp":"2025-08-30T11:35:14.844Z"}
{"level":"info","message":"App started at port 8001","service":"auth-service","timestamp":"2025-08-30T11:35:14.845Z"}
{"level":"info","message":"DB connection started","service":"auth-service","timestamp":"2025-08-30T11:35:18.115Z"}
{"level":"info","message":"Successfully connected to Redis","service":"auth-service","timestamp":"2025-08-30T11:35:18.124Z"}
{"level":"info","message":"Redis client is ready","service":"auth-service","timestamp":"2025-08-30T11:35:18.126Z"}
{"level":"info","message":"MongoDb  connected successfully","service":"auth-service","timestamp":"2025-08-30T11:35:18.655Z"}
{"level":"info","message":"App started at port 8001","service":"auth-service","timestamp":"2025-08-30T11:35:18.656Z"}
{"level":"info","message":"DB connection started","service":"auth-service","timestamp":"2025-08-30T11:36:05.845Z"}
{"level":"info","message":"Successfully connected to Redis","service":"auth-service","timestamp":"2025-08-30T11:36:05.858Z"}
{"level":"info","message":"Redis client is ready","service":"auth-service","timestamp":"2025-08-30T11:36:05.861Z"}
{"level":"info","message":"MongoDb  connected successfully","service":"auth-service","timestamp":"2025-08-30T11:36:06.380Z"}
{"level":"info","message":"App started at port 8001","service":"auth-service","timestamp":"2025-08-30T11:36:06.380Z"}
{"level":"info","message":"DB connection started","service":"auth-service","timestamp":"2025-08-30T11:36:12.972Z"}
{"level":"info","message":"Successfully connected to Redis","service":"auth-service","timestamp":"2025-08-30T11:36:12.981Z"}
{"level":"info","message":"Redis client is ready","service":"auth-service","timestamp":"2025-08-30T11:36:12.985Z"}
{"level":"info","message":"MongoDb  connected successfully","service":"auth-service","timestamp":"2025-08-30T11:36:13.398Z"}
{"level":"info","message":"App started at port 8001","service":"auth-service","timestamp":"2025-08-30T11:36:13.398Z"}
{"level":"info","message":"DB connection started","service":"auth-service","timestamp":"2025-08-30T11:36:36.884Z"}
{"level":"info","message":"Successfully connected to Redis","service":"auth-service","timestamp":"2025-08-30T11:36:36.894Z"}
{"level":"info","message":"Redis client is ready","service":"auth-service","timestamp":"2025-08-30T11:36:36.897Z"}
{"level":"info","message":"MongoDb  connected successfully","service":"auth-service","timestamp":"2025-08-30T11:36:37.413Z"}
{"level":"info","message":"App started at port 8001","service":"auth-service","timestamp":"2025-08-30T11:36:37.414Z"}
{"level":"info","message":"DB connection started","service":"auth-service","timestamp":"2025-08-30T11:36:54.993Z"}
{"level":"info","message":"Successfully connected to Redis","service":"auth-service","timestamp":"2025-08-30T11:36:55.002Z"}
{"level":"info","message":"Redis client is ready","service":"auth-service","timestamp":"2025-08-30T11:36:55.005Z"}
{"level":"info","message":"DB connection started","service":"auth-service","timestamp":"2025-08-30T11:36:56.939Z"}
{"level":"info","message":"Successfully connected to Redis","service":"auth-service","timestamp":"2025-08-30T11:36:56.964Z"}
{"level":"info","message":"Redis client is ready","service":"auth-service","timestamp":"2025-08-30T11:36:56.966Z"}
{"level":"info","message":"MongoDb  connected successfully","service":"auth-service","timestamp":"2025-08-30T11:36:57.399Z"}
{"level":"info","message":"App started at port 8001","service":"auth-service","timestamp":"2025-08-30T11:36:57.400Z"}
{"level":"info","message":"DB connection started","service":"auth-service","timestamp":"2025-08-30T11:37:00.006Z"}
{"level":"info","message":"Successfully connected to Redis","service":"auth-service","timestamp":"2025-08-30T11:37:00.021Z"}
{"level":"info","message":"Redis client is ready","service":"auth-service","timestamp":"2025-08-30T11:37:00.022Z"}
{"level":"info","message":"MongoDb  connected successfully","service":"auth-service","timestamp":"2025-08-30T11:37:00.465Z"}
{"level":"info","message":"App started at port 8001","service":"auth-service","timestamp":"2025-08-30T11:37:00.466Z"}
{"level":"info","message":"DB connection started","service":"auth-service","timestamp":"2025-08-30T11:37:08.545Z"}
{"level":"info","message":"Successfully connected to Redis","service":"auth-service","timestamp":"2025-08-30T11:37:08.555Z"}
{"level":"info","message":"Redis client is ready","service":"auth-service","timestamp":"2025-08-30T11:37:08.557Z"}
{"level":"info","message":"MongoDb  connected successfully","service":"auth-service","timestamp":"2025-08-30T11:37:09.175Z"}
{"level":"info","message":"App started at port 8001","service":"auth-service","timestamp":"2025-08-30T11:37:09.176Z"}
{"level":"info","message":"DB connection started","service":"auth-service","timestamp":"2025-08-30T11:37:16.405Z"}
{"level":"info","message":"Successfully connected to Redis","service":"auth-service","timestamp":"2025-08-30T11:37:16.414Z"}
{"level":"info","message":"Redis client is ready","service":"auth-service","timestamp":"2025-08-30T11:37:16.416Z"}
{"level":"info","message":"MongoDb  connected successfully","service":"auth-service","timestamp":"2025-08-30T11:37:16.857Z"}
{"level":"info","message":"App started at port 8001","service":"auth-service","timestamp":"2025-08-30T11:37:16.857Z"}
{"level":"info","message":"DB connection started","service":"auth-service","timestamp":"2025-08-30T11:37:26.849Z"}
{"level":"info","message":"Successfully connected to Redis","service":"auth-service","timestamp":"2025-08-30T11:37:26.873Z"}
{"level":"info","message":"Redis client is ready","service":"auth-service","timestamp":"2025-08-30T11:37:26.874Z"}
{"level":"info","message":"MongoDb  connected successfully","service":"auth-service","timestamp":"2025-08-30T11:37:27.291Z"}
{"level":"info","message":"App started at port 8001","service":"auth-service","timestamp":"2025-08-30T11:37:27.291Z"}
{"level":"info","message":"DB connection started","service":"auth-service","timestamp":"2025-08-30T11:37:36.131Z"}
{"level":"info","message":"Successfully connected to Redis","service":"auth-service","timestamp":"2025-08-30T11:37:36.150Z"}
{"level":"info","message":"Redis client is ready","service":"auth-service","timestamp":"2025-08-30T11:37:36.153Z"}
{"level":"info","message":"DB connection started","service":"auth-service","timestamp":"2025-08-30T11:37:39.728Z"}
{"level":"info","message":"Successfully connected to Redis","service":"auth-service","timestamp":"2025-08-30T11:37:39.738Z"}
{"level":"info","message":"Redis client is ready","service":"auth-service","timestamp":"2025-08-30T11:37:39.739Z"}
{"level":"info","message":"MongoDb  connected successfully","service":"auth-service","timestamp":"2025-08-30T11:37:40.175Z"}
{"level":"info","message":"App started at port 8001","service":"auth-service","timestamp":"2025-08-30T11:37:40.175Z"}
{"level":"info","message":"DB connection started","service":"auth-service","timestamp":"2025-08-30T11:37:46.721Z"}
{"level":"info","message":"Successfully connected to Redis","service":"auth-service","timestamp":"2025-08-30T11:37:46.731Z"}
{"level":"info","message":"Redis client is ready","service":"auth-service","timestamp":"2025-08-30T11:37:46.732Z"}
{"level":"info","message":"MongoDb  connected successfully","service":"auth-service","timestamp":"2025-08-30T11:37:47.231Z"}
{"level":"info","message":"App started at port 8001","service":"auth-service","timestamp":"2025-08-30T11:37:47.232Z"}
{"level":"info","message":"DB connection started","service":"auth-service","timestamp":"2025-08-30T11:37:48.799Z"}
{"level":"info","message":"Successfully connected to Redis","service":"auth-service","timestamp":"2025-08-30T11:37:48.808Z"}
{"level":"info","message":"Redis client is ready","service":"auth-service","timestamp":"2025-08-30T11:37:48.809Z"}
{"level":"info","message":"MongoDb  connected successfully","service":"auth-service","timestamp":"2025-08-30T11:37:49.247Z"}
{"level":"info","message":"App started at port 8001","service":"auth-service","timestamp":"2025-08-30T11:37:49.248Z"}
{"level":"info","message":"DB connection started","service":"auth-service","timestamp":"2025-08-30T11:40:12.143Z"}
{"level":"info","message":"Successfully connected to Redis","service":"auth-service","timestamp":"2025-08-30T11:40:12.155Z"}
{"level":"info","message":"Redis client is ready","service":"auth-service","timestamp":"2025-08-30T11:40:12.162Z"}
{"level":"info","message":"MongoDb  connected successfully","service":"auth-service","timestamp":"2025-08-30T11:40:12.661Z"}
{"level":"info","message":"App started at port 8001","service":"auth-service","timestamp":"2025-08-30T11:40:12.661Z"}
{"level":"info","message":"DB connection started","service":"auth-service","timestamp":"2025-08-30T11:40:28.007Z"}
{"level":"info","message":"Successfully connected to Redis","service":"auth-service","timestamp":"2025-08-30T11:40:28.016Z"}
{"level":"info","message":"Redis client is ready","service":"auth-service","timestamp":"2025-08-30T11:40:28.018Z"}
{"level":"info","message":"MongoDb  connected successfully","service":"auth-service","timestamp":"2025-08-30T11:40:28.535Z"}
{"level":"info","message":"App started at port 8001","service":"auth-service","timestamp":"2025-08-30T11:40:28.536Z"}
{"level":"info","message":"DB connection started","service":"auth-service","timestamp":"2025-08-30T11:40:30.728Z"}
{"level":"info","message":"Successfully connected to Redis","service":"auth-service","timestamp":"2025-08-30T11:40:30.738Z"}
{"level":"info","message":"Redis client is ready","service":"auth-service","timestamp":"2025-08-30T11:40:30.739Z"}
{"level":"info","message":"MongoDb  connected successfully","service":"auth-service","timestamp":"2025-08-30T11:40:31.170Z"}
{"level":"info","message":"App started at port 8001","service":"auth-service","timestamp":"2025-08-30T11:40:31.170Z"}
{"level":"info","message":"DB connection started","service":"auth-service","timestamp":"2025-08-30T11:42:22.345Z"}
{"level":"info","message":"Successfully connected to Redis","service":"auth-service","timestamp":"2025-08-30T11:42:22.355Z"}
{"level":"info","message":"Redis client is ready","service":"auth-service","timestamp":"2025-08-30T11:42:22.356Z"}
{"level":"info","message":"MongoDb  connected successfully","service":"auth-service","timestamp":"2025-08-30T11:42:22.844Z"}
{"level":"info","message":"App started at port 8001","service":"auth-service","timestamp":"2025-08-30T11:42:22.845Z"}
{"level":"info","message":"DB connection started","service":"auth-service","timestamp":"2025-08-30T11:42:29.943Z"}
{"level":"info","message":"Successfully connected to Redis","service":"auth-service","timestamp":"2025-08-30T11:42:29.954Z"}
{"level":"info","message":"Redis client is ready","service":"auth-service","timestamp":"2025-08-30T11:42:29.956Z"}
{"level":"info","message":"MongoDb  connected successfully","service":"auth-service","timestamp":"2025-08-30T11:42:30.741Z"}
{"level":"info","message":"App started at port 8001","service":"auth-service","timestamp":"2025-08-30T11:42:30.742Z"}
{"level":"info","message":"DB connection started","service":"auth-service","timestamp":"2025-08-30T11:42:44.140Z"}
{"level":"info","message":"Successfully connected to Redis","service":"auth-service","timestamp":"2025-08-30T11:42:44.161Z"}
{"level":"info","message":"Redis client is ready","service":"auth-service","timestamp":"2025-08-30T11:42:44.163Z"}
{"level":"info","message":"MongoDb  connected successfully","service":"auth-service","timestamp":"2025-08-30T11:42:44.626Z"}
{"level":"info","message":"App started at port 8001","service":"auth-service","timestamp":"2025-08-30T11:42:44.627Z"}
{"level":"info","message":"DB connection started","service":"auth-service","timestamp":"2025-08-30T11:42:54.866Z"}
{"level":"info","message":"Successfully connected to Redis","service":"auth-service","timestamp":"2025-08-30T11:42:54.875Z"}
{"level":"info","message":"Redis client is ready","service":"auth-service","timestamp":"2025-08-30T11:42:54.879Z"}
{"level":"info","message":"MongoDb  connected successfully","service":"auth-service","timestamp":"2025-08-30T11:42:55.513Z"}
{"level":"info","message":"App started at port 8001","service":"auth-service","timestamp":"2025-08-30T11:42:55.513Z"}
{"level":"info","message":"DB connection started","service":"auth-service","timestamp":"2025-08-30T11:43:02.237Z"}
{"level":"info","message":"Successfully connected to Redis","service":"auth-service","timestamp":"2025-08-30T11:43:02.260Z"}
{"level":"info","message":"Redis client is ready","service":"auth-service","timestamp":"2025-08-30T11:43:02.265Z"}
{"level":"info","message":"DB connection started","service":"auth-service","timestamp":"2025-08-30T11:43:03.929Z"}
{"level":"info","message":"Successfully connected to Redis","service":"auth-service","timestamp":"2025-08-30T11:43:03.938Z"}
{"level":"info","message":"Redis client is ready","service":"auth-service","timestamp":"2025-08-30T11:43:03.940Z"}
{"level":"info","message":"MongoDb  connected successfully","service":"auth-service","timestamp":"2025-08-30T11:43:04.374Z"}
{"level":"info","message":"App started at port 8001","service":"auth-service","timestamp":"2025-08-30T11:43:04.374Z"}
{"level":"info","message":"DB connection started","service":"auth-service","timestamp":"2025-08-30T11:43:07.206Z"}
{"level":"info","message":"Successfully connected to Redis","service":"auth-service","timestamp":"2025-08-30T11:43:07.217Z"}
{"level":"info","message":"Redis client is ready","service":"auth-service","timestamp":"2025-08-30T11:43:07.218Z"}
{"level":"info","message":"MongoDb  connected successfully","service":"auth-service","timestamp":"2025-08-30T11:43:07.835Z"}
{"level":"info","message":"App started at port 8001","service":"auth-service","timestamp":"2025-08-30T11:43:07.836Z"}
{"level":"info","message":"DB connection started","service":"auth-service","timestamp":"2025-08-30T11:43:15.768Z"}
{"level":"info","message":"Successfully connected to Redis","service":"auth-service","timestamp":"2025-08-30T11:43:15.777Z"}
{"level":"info","message":"Redis client is ready","service":"auth-service","timestamp":"2025-08-30T11:43:15.779Z"}
{"level":"info","message":"MongoDb  connected successfully","service":"auth-service","timestamp":"2025-08-30T11:43:16.485Z"}
{"level":"info","message":"App started at port 8001","service":"auth-service","timestamp":"2025-08-30T11:43:16.485Z"}
{"level":"warn","message":"Checking for rate limit","service":"auth-service","timestamp":"2025-08-30T11:47:17.274Z"}
{"level":"info","message":"request from /api/member/addMember having a method of POST","service":"auth-service","timestamp":"2025-08-30T11:47:17.310Z"}
{"level":"info","message":"DB connection started","service":"auth-service","timestamp":"2025-08-30T11:47:51.750Z"}
{"level":"info","message":"Successfully connected to Redis","service":"auth-service","timestamp":"2025-08-30T11:47:51.766Z"}
{"level":"info","message":"Redis client is ready","service":"auth-service","timestamp":"2025-08-30T11:47:51.770Z"}
{"level":"info","message":"MongoDb  connected successfully","service":"auth-service","timestamp":"2025-08-30T11:47:52.410Z"}
{"level":"info","message":"App started at port 8001","service":"auth-service","timestamp":"2025-08-30T11:47:52.411Z"}
{"level":"info","message":"DB connection started","service":"auth-service","timestamp":"2025-08-30T11:48:03.591Z"}
{"level":"info","message":"Successfully connected to Redis","service":"auth-service","timestamp":"2025-08-30T11:48:03.601Z"}
{"level":"info","message":"Redis client is ready","service":"auth-service","timestamp":"2025-08-30T11:48:03.612Z"}
{"level":"info","message":"MongoDb  connected successfully","service":"auth-service","timestamp":"2025-08-30T11:48:04.153Z"}
{"level":"info","message":"App started at port 8001","service":"auth-service","timestamp":"2025-08-30T11:48:04.154Z"}
{"level":"info","message":"DB connection started","service":"auth-service","timestamp":"2025-08-30T11:48:06.509Z"}
{"level":"info","message":"Successfully connected to Redis","service":"auth-service","timestamp":"2025-08-30T11:48:06.527Z"}
{"level":"info","message":"Redis client is ready","service":"auth-service","timestamp":"2025-08-30T11:48:06.529Z"}
{"level":"info","message":"MongoDb  connected successfully","service":"auth-service","timestamp":"2025-08-30T11:48:06.987Z"}
{"level":"info","message":"App started at port 8001","service":"auth-service","timestamp":"2025-08-30T11:48:06.992Z"}
{"level":"info","message":"DB connection started","service":"auth-service","timestamp":"2025-08-30T11:48:26.824Z"}
{"level":"info","message":"Successfully connected to Redis","service":"auth-service","timestamp":"2025-08-30T11:48:26.835Z"}
{"level":"info","message":"Redis client is ready","service":"auth-service","timestamp":"2025-08-30T11:48:26.836Z"}
{"level":"info","message":"MongoDb  connected successfully","service":"auth-service","timestamp":"2025-08-30T11:48:27.267Z"}
{"level":"info","message":"App started at port 8001","service":"auth-service","timestamp":"2025-08-30T11:48:27.267Z"}
{"level":"info","message":"DB connection started","service":"auth-service","timestamp":"2025-08-30T11:48:33.523Z"}
{"level":"info","message":"Successfully connected to Redis","service":"auth-service","timestamp":"2025-08-30T11:48:33.532Z"}
{"level":"info","message":"Redis client is ready","service":"auth-service","timestamp":"2025-08-30T11:48:33.533Z"}
{"level":"info","message":"MongoDb  connected successfully","service":"auth-service","timestamp":"2025-08-30T11:48:34.034Z"}
{"level":"info","message":"App started at port 8001","service":"auth-service","timestamp":"2025-08-30T11:48:34.034Z"}
{"level":"info","message":"DB connection started","service":"auth-service","timestamp":"2025-08-30T11:48:37.791Z"}
{"level":"info","message":"Successfully connected to Redis","service":"auth-service","timestamp":"2025-08-30T11:48:37.805Z"}
{"level":"info","message":"Redis client is ready","service":"auth-service","timestamp":"2025-08-30T11:48:37.807Z"}
{"level":"info","message":"DB connection started","service":"auth-service","timestamp":"2025-08-30T11:48:41.496Z"}
{"level":"info","message":"Successfully connected to Redis","service":"auth-service","timestamp":"2025-08-30T11:48:41.507Z"}
{"level":"info","message":"Redis client is ready","service":"auth-service","timestamp":"2025-08-30T11:48:41.508Z"}
{"level":"info","message":"MongoDb  connected successfully","service":"auth-service","timestamp":"2025-08-30T11:48:41.955Z"}
{"level":"info","message":"App started at port 8001","service":"auth-service","timestamp":"2025-08-30T11:48:41.955Z"}
{"level":"info","message":"DB connection started","service":"auth-service","timestamp":"2025-08-30T11:48:45.847Z"}
{"level":"info","message":"Successfully connected to Redis","service":"auth-service","timestamp":"2025-08-30T11:48:45.858Z"}
{"level":"info","message":"Redis client is ready","service":"auth-service","timestamp":"2025-08-30T11:48:45.859Z"}
{"level":"info","message":"MongoDb  connected successfully","service":"auth-service","timestamp":"2025-08-30T11:48:46.326Z"}
{"level":"info","message":"App started at port 8001","service":"auth-service","timestamp":"2025-08-30T11:48:46.326Z"}
{"level":"info","message":"DB connection started","service":"auth-service","timestamp":"2025-08-30T11:48:56.682Z"}
{"level":"info","message":"Successfully connected to Redis","service":"auth-service","timestamp":"2025-08-30T11:48:56.700Z"}
{"level":"info","message":"Redis client is ready","service":"auth-service","timestamp":"2025-08-30T11:48:56.703Z"}
{"level":"info","message":"MongoDb  connected successfully","service":"auth-service","timestamp":"2025-08-30T11:48:57.197Z"}
{"level":"info","message":"App started at port 8001","service":"auth-service","timestamp":"2025-08-30T11:48:57.197Z"}
{"level":"warn","message":"Checking for rate limit","service":"auth-service","timestamp":"2025-08-30T11:49:08.522Z"}
{"level":"info","message":"request from /api/member/addMember having a method of POST","service":"auth-service","timestamp":"2025-08-30T11:49:08.525Z"}
{"level":"info","message":"user hit the add group member controller","service":"auth-service","timestamp":"2025-08-30T11:49:08.526Z"}
{"details":[{"message":"Request body cannot be empty"}],"level":"error","message":"user hit the add group member controller with error","service":"auth-service","timestamp":"2025-08-30T11:49:08.526Z"}
{"level":"warn","message":"Checking for rate limit","service":"auth-service","timestamp":"2025-08-30T11:51:29.884Z"}
{"level":"info","message":"request from /api/member/addMember having a method of POST","service":"auth-service","timestamp":"2025-08-30T11:51:29.886Z"}
{"level":"info","message":"user hit the add group member controller","service":"auth-service","timestamp":"2025-08-30T11:51:29.887Z"}
{"details":[{"message":"Request body cannot be empty"}],"level":"error","message":"user hit the add group member controller with error","service":"auth-service","timestamp":"2025-08-30T11:51:29.887Z"}
{"level":"warn","message":"Checking for rate limit","service":"auth-service","timestamp":"2025-08-30T11:51:40.429Z"}
{"level":"info","message":"request from /api/member/addMember having a method of POST","service":"auth-service","timestamp":"2025-08-30T11:51:40.431Z"}
{"level":"info","message":"user hit the add group member controller","service":"auth-service","timestamp":"2025-08-30T11:51:40.431Z"}
{"level":"warn","message":"Checking for rate limit","service":"auth-service","timestamp":"2025-08-30T11:53:18.972Z"}
{"level":"info","message":"request from /api/member/addMember having a method of POST","service":"auth-service","timestamp":"2025-08-30T11:53:19.013Z"}
{"level":"info","message":"user hit the add group member controller","service":"auth-service","timestamp":"2025-08-30T11:53:19.014Z"}
{"level":"info","message":"checking if user already exist in group","service":"auth-service","timestamp":"2025-08-30T11:53:19.125Z"}
{"kind":"ObjectId","level":"error","message":"Cast to ObjectId failed for value \"1\" (type string) at path \"userId\" for model \"Member\"","path":"userId","reason":{},"service":"auth-service","stack":"CastError: Cast to ObjectId failed for value \"1\" (type string) at path \"userId\" for model \"Member\"\n    at SchemaObjectId.cast (/Users/home/Desktop/projects/ROSCA/rusca-microservices-server/contribution-services/node_modules/mongoose/lib/schema/objectId.js:251:11)\n    at SchemaObjectId.SchemaType.applySetters (/Users/home/Desktop/projects/ROSCA/rusca-microservices-server/contribution-services/node_modules/mongoose/lib/schemaType.js:1258:12)\n    at SchemaObjectId.SchemaType.castForQuery (/Users/home/Desktop/projects/ROSCA/rusca-microservices-server/contribution-services/node_modules/mongoose/lib/schemaType.js:1676:17)\n    at cast (/Users/home/Desktop/projects/ROSCA/rusca-microservices-server/contribution-services/node_modules/mongoose/lib/cast.js:390:32)\n    at cast (/Users/home/Desktop/projects/ROSCA/rusca-microservices-server/contribution-services/node_modules/mongoose/lib/cast.js:76:20)\n    at model.Query.Query.cast (/Users/home/Desktop/projects/ROSCA/rusca-microservices-server/contribution-services/node_modules/mongoose/lib/query.js:5055:12)\n    at model.Query.Query._castConditions (/Users/home/Desktop/projects/ROSCA/rusca-microservices-server/contribution-services/node_modules/mongoose/lib/query.js:2351:10)\n    at model.Query._findOne (/Users/home/Desktop/projects/ROSCA/rusca-microservices-server/contribution-services/node_modules/mongoose/lib/query.js:2674:8)\n    at model.Query.exec (/Users/home/Desktop/projects/ROSCA/rusca-microservices-server/contribution-services/node_modules/mongoose/lib/query.js:4604:80)\n    at processTicksAndRejections (node:internal/process/task_queues:105:5)","stringValue":"\"1\"","timestamp":"2025-08-30T11:53:19.127Z","value":"1","valueType":"string"}
{"level":"error","message":"Cast to ObjectId failed for value \"1\" (type string) at path \"userId\" for model \"Member\"","service":"auth-service","timestamp":"2025-08-30T11:53:19.135Z"}
{"level":"warn","message":"Checking for rate limit","service":"auth-service","timestamp":"2025-08-30T11:55:47.620Z"}
{"level":"info","message":"request from /api/member/addMember having a method of POST","service":"auth-service","timestamp":"2025-08-30T11:55:47.660Z"}
{"level":"info","message":"user hit the add group member controller","service":"auth-service","timestamp":"2025-08-30T11:55:47.660Z"}
{"level":"info","message":"checking if user already exist in group","service":"auth-service","timestamp":"2025-08-30T11:55:47.705Z"}
{"level":"info","message":"user with id 68b16753222d8654479bb9d9 is added to group Professional","service":"auth-service","timestamp":"2025-08-30T11:55:47.797Z"}
{"level":"warn","message":"Checking for rate limit","service":"auth-service","timestamp":"2025-08-30T11:56:31.528Z"}
{"level":"info","message":"request from /api/group/groups having a method of GET","service":"auth-service","timestamp":"2025-08-30T11:56:31.534Z"}
{"level":"info","message":"user hits the getGroups controller","service":"auth-service","timestamp":"2025-08-30T11:56:31.536Z"}
{"level":"info","message":"user fetched all groups controller","service":"auth-service","timestamp":"2025-08-30T11:56:31.577Z"}
{"level":"warn","message":"Checking for rate limit","service":"auth-service","timestamp":"2025-08-30T11:57:25.800Z"}
{"level":"info","message":"request from /api/member/addMember having a method of POST","service":"auth-service","timestamp":"2025-08-30T11:57:25.803Z"}
{"level":"info","message":"user hit the add group member controller","service":"auth-service","timestamp":"2025-08-30T11:57:25.804Z"}
{"level":"info","message":"checking if user already exist in group","service":"auth-service","timestamp":"2025-08-30T11:57:25.845Z"}
{"level":"info","message":"user with id 68b16753222d8654479bb9d9 is added to group golden","service":"auth-service","timestamp":"2025-08-30T11:57:25.915Z"}
{"level":"warn","message":"Checking for rate limit","service":"auth-service","timestamp":"2025-08-30T12:00:11.619Z"}
{"level":"info","message":"request from /api/member/68b2e72532a949799701c4a3 having a method of GET","service":"auth-service","timestamp":"2025-08-30T12:00:11.622Z"}
{"level":"info","message":"user hits the getGroup controller","service":"auth-service","timestamp":"2025-08-30T12:00:11.627Z"}
{"$__":{"activePaths":{"paths":{"__v":"init","_id":"init","groupId":"init","status":"init","userId":"init"},"states":{"default":{},"init":{"__v":true,"_id":true,"groupId":true,"status":true,"userId":true},"require":{}}},"skipId":true},"$isNew":false,"_doc":{"__v":0,"_id":"68b2e72532a949799701c4a3","groupId":"68b2dc41ba9837081939b44d","status":"pending","userId":"68b16753222d8654479bb9d9"},"level":"info","message":"group fetched","service":"auth-service","timestamp":"2025-08-30T12:00:11.664Z"}
{"level":"warn","message":"Checking for rate limit","service":"auth-service","timestamp":"2025-08-30T12:03:18.024Z"}
{"level":"info","message":"request from /api/member/68b2e72532a949799701c4a3%CE%A9 having a method of DELETE","service":"auth-service","timestamp":"2025-08-30T12:03:18.031Z"}
{"level":"info","message":"user hits the delteGroup controller","service":"auth-service","timestamp":"2025-08-30T12:03:18.033Z"}
{"kind":"ObjectId","level":"error","message":"Cast to ObjectId failed for value \"68b2e72532a949799701c4a3Ω\" (type string) at path \"_id\" for model \"Member\"","path":"_id","reason":{},"service":"auth-service","stack":"CastError: Cast to ObjectId failed for value \"68b2e72532a949799701c4a3Ω\" (type string) at path \"_id\" for model \"Member\"\n    at SchemaObjectId.cast (/Users/home/Desktop/projects/ROSCA/rusca-microservices-server/contribution-services/node_modules/mongoose/lib/schema/objectId.js:251:11)\n    at SchemaObjectId.SchemaType.applySetters (/Users/home/Desktop/projects/ROSCA/rusca-microservices-server/contribution-services/node_modules/mongoose/lib/schemaType.js:1258:12)\n    at SchemaObjectId.SchemaType.castForQuery (/Users/home/Desktop/projects/ROSCA/rusca-microservices-server/contribution-services/node_modules/mongoose/lib/schemaType.js:1676:17)\n    at cast (/Users/home/Desktop/projects/ROSCA/rusca-microservices-server/contribution-services/node_modules/mongoose/lib/cast.js:390:32)\n    at model.Query.Query.cast (/Users/home/Desktop/projects/ROSCA/rusca-microservices-server/contribution-services/node_modules/mongoose/lib/query.js:5055:12)\n    at model.Query.Query._castConditions (/Users/home/Desktop/projects/ROSCA/rusca-microservices-server/contribution-services/node_modules/mongoose/lib/query.js:2351:10)\n    at model.Query._findOneAndDelete (/Users/home/Desktop/projects/ROSCA/rusca-microservices-server/contribution-services/node_modules/mongoose/lib/query.js:3593:8)\n    at model.Query.exec (/Users/home/Desktop/projects/ROSCA/rusca-microservices-server/contribution-services/node_modules/mongoose/lib/query.js:4604:80)\n    at processTicksAndRejections (node:internal/process/task_queues:105:5)\n    at async deleteGroupMember (/Users/home/Desktop/projects/ROSCA/rusca-microservices-server/contribution-services/src/controllers/memberController.ts:142:24)","stringValue":"\"68b2e72532a949799701c4a3Ω\"","timestamp":"2025-08-30T12:03:18.046Z","value":"68b2e72532a949799701c4a3Ω","valueType":"string"}
{"level":"error","message":"Cast to ObjectId failed for value \"68b2e72532a949799701c4a3Ω\" (type string) at path \"_id\" for model \"Member\"","service":"auth-service","timestamp":"2025-08-30T12:03:18.054Z"}
{"level":"warn","message":"Checking for rate limit","service":"auth-service","timestamp":"2025-08-30T12:03:54.924Z"}
{"level":"info","message":"request from /api/member/68b2e72532a949799701c4a3 having a method of DELETE","service":"auth-service","timestamp":"2025-08-30T12:03:54.927Z"}
{"level":"info","message":"user hits the delteGroup controller","service":"auth-service","timestamp":"2025-08-30T12:03:54.928Z"}
{"$__":{"activePaths":{"paths":{"__v":"init","_id":"init","groupId":"init","status":"init","userId":"init"},"states":{"default":{},"init":{"__v":true,"_id":true,"groupId":true,"status":true,"userId":true},"require":{}}},"skipId":true},"$isNew":false,"_doc":{"__v":0,"_id":"68b2e72532a949799701c4a3","groupId":"68b2dc41ba9837081939b44d","status":"pending","userId":"68b16753222d8654479bb9d9"},"level":"info","message":"member deleted from a group:","service":"auth-service","timestamp":"2025-08-30T12:03:54.986Z"}
{"level":"warn","message":"Checking for rate limit","service":"auth-service","timestamp":"2025-08-30T12:04:01.655Z"}
{"level":"info","message":"request from /api/member/68b2e72532a949799701c4a3 having a method of GET","service":"auth-service","timestamp":"2025-08-30T12:04:01.661Z"}
{"level":"info","message":"user hits the getGroup controller","service":"auth-service","timestamp":"2025-08-30T12:04:01.663Z"}
{"level":"info","message":"group fetched","service":"auth-service","timestamp":"2025-08-30T12:04:01.706Z"}
{"level":"info","message":"DB connection started","service":"auth-service","timestamp":"2025-08-30T12:06:24.573Z"}
{"level":"info","message":"Successfully connected to Redis","service":"auth-service","timestamp":"2025-08-30T12:06:24.601Z"}
{"level":"info","message":"Redis client is ready","service":"auth-service","timestamp":"2025-08-30T12:06:24.762Z"}
{"level":"info","message":"MongoDb  connected successfully","service":"auth-service","timestamp":"2025-08-30T12:06:25.291Z"}
{"level":"info","message":"App started at port 8001","service":"auth-service","timestamp":"2025-08-30T12:06:25.291Z"}
{"level":"info","message":"DB connection started","service":"auth-service","timestamp":"2025-08-30T12:09:29.664Z"}
{"level":"info","message":"Successfully connected to Redis","service":"auth-service","timestamp":"2025-08-30T12:09:29.683Z"}
{"level":"info","message":"Redis client is ready","service":"auth-service","timestamp":"2025-08-30T12:09:29.691Z"}
{"level":"info","message":"DB connection started","service":"auth-service","timestamp":"2025-08-30T12:09:32.972Z"}
{"level":"info","message":"Successfully connected to Redis","service":"auth-service","timestamp":"2025-08-30T12:09:32.989Z"}
{"level":"info","message":"Redis client is ready","service":"auth-service","timestamp":"2025-08-30T12:09:32.994Z"}
{"level":"info","message":"MongoDb  connected successfully","service":"auth-service","timestamp":"2025-08-30T12:09:33.501Z"}
{"level":"info","message":"App started at port 8001","service":"auth-service","timestamp":"2025-08-30T12:09:33.501Z"}
{"level":"info","message":"DB connection started","service":"auth-service","timestamp":"2025-08-30T12:09:54.713Z"}
{"level":"info","message":"Successfully connected to Redis","service":"auth-service","timestamp":"2025-08-30T12:09:54.731Z"}
{"level":"info","message":"Redis client is ready","service":"auth-service","timestamp":"2025-08-30T12:09:54.737Z"}
{"level":"info","message":"DB connection started","service":"auth-service","timestamp":"2025-08-30T12:10:03.484Z"}
{"level":"info","message":"Successfully connected to Redis","service":"auth-service","timestamp":"2025-08-30T12:10:03.502Z"}
{"level":"info","message":"Redis client is ready","service":"auth-service","timestamp":"2025-08-30T12:10:03.505Z"}
{"level":"info","message":"MongoDb  connected successfully","service":"auth-service","timestamp":"2025-08-30T12:10:03.969Z"}
{"level":"info","message":"App started at port 8001","service":"auth-service","timestamp":"2025-08-30T12:10:03.969Z"}
{"level":"info","message":"DB connection started","service":"auth-service","timestamp":"2025-08-30T12:10:16.483Z"}
{"level":"info","message":"Successfully connected to Redis","service":"auth-service","timestamp":"2025-08-30T12:10:16.494Z"}
{"level":"info","message":"Redis client is ready","service":"auth-service","timestamp":"2025-08-30T12:10:16.496Z"}
{"level":"info","message":"MongoDb  connected successfully","service":"auth-service","timestamp":"2025-08-30T12:10:16.947Z"}
{"level":"info","message":"App started at port 8001","service":"auth-service","timestamp":"2025-08-30T12:10:16.948Z"}
{"level":"info","message":"DB connection started","service":"auth-service","timestamp":"2025-08-30T12:10:22.851Z"}
{"level":"info","message":"Successfully connected to Redis","service":"auth-service","timestamp":"2025-08-30T12:10:22.904Z"}
{"level":"info","message":"Redis client is ready","service":"auth-service","timestamp":"2025-08-30T12:10:22.934Z"}
{"level":"info","message":"DB connection started","service":"auth-service","timestamp":"2025-08-30T12:10:42.480Z"}
{"level":"info","message":"Successfully connected to Redis","service":"auth-service","timestamp":"2025-08-30T12:10:42.491Z"}
{"level":"info","message":"Redis client is ready","service":"auth-service","timestamp":"2025-08-30T12:10:42.493Z"}
{"level":"info","message":"MongoDb  connected successfully","service":"auth-service","timestamp":"2025-08-30T12:10:42.965Z"}
{"level":"info","message":"App started at port 8001","service":"auth-service","timestamp":"2025-08-30T12:10:42.966Z"}
{"level":"info","message":"DB connection started","service":"auth-service","timestamp":"2025-08-30T12:10:54.933Z"}
{"level":"info","message":"Successfully connected to Redis","service":"auth-service","timestamp":"2025-08-30T12:10:54.948Z"}
{"level":"info","message":"Redis client is ready","service":"auth-service","timestamp":"2025-08-30T12:10:54.951Z"}
{"level":"info","message":"MongoDb  connected successfully","service":"auth-service","timestamp":"2025-08-30T12:10:55.498Z"}
{"level":"info","message":"App started at port 8001","service":"auth-service","timestamp":"2025-08-30T12:10:55.498Z"}
{"level":"warn","message":"Checking for rate limit","service":"auth-service","timestamp":"2025-08-30T12:11:48.728Z"}
{"level":"info","message":"request from /api/member/68b2e72532a949799701c4a3 having a method of GET","service":"auth-service","timestamp":"2025-08-30T12:11:48.741Z"}
{"level":"info","message":"user hits the getGroup controller","service":"auth-service","timestamp":"2025-08-30T12:11:48.741Z"}
{"level":"info","message":"group fetched","service":"auth-service","timestamp":"2025-08-30T12:11:48.779Z"}
{"level":"warn","message":"Checking for rate limit","service":"auth-service","timestamp":"2025-08-30T12:11:51.215Z"}
{"level":"info","message":"request from /api/member/68b2e72532a949799701c4a3 having a method of GET","service":"auth-service","timestamp":"2025-08-30T12:11:51.219Z"}
{"level":"info","message":"user hits the getGroup controller","service":"auth-service","timestamp":"2025-08-30T12:11:51.219Z"}
{"level":"info","message":"group fetched","service":"auth-service","timestamp":"2025-08-30T12:11:51.250Z"}
{"level":"warn","message":"Checking for rate limit","service":"auth-service","timestamp":"2025-08-30T12:12:06.670Z"}
{"level":"info","message":"request from /api/member/68b2e72532a949799701c4a3 having a method of GET","service":"auth-service","timestamp":"2025-08-30T12:12:06.712Z"}
{"level":"info","message":"user hits the getGroup controller","service":"auth-service","timestamp":"2025-08-30T12:12:06.712Z"}
{"level":"info","message":"group fetched","service":"auth-service","timestamp":"2025-08-30T12:12:06.748Z"}
{"level":"info","message":"DB connection started","service":"auth-service","timestamp":"2025-08-30T12:13:01.977Z"}
{"level":"info","message":"Successfully connected to Redis","service":"auth-service","timestamp":"2025-08-30T12:13:01.988Z"}
{"level":"info","message":"Redis client is ready","service":"auth-service","timestamp":"2025-08-30T12:13:01.990Z"}
{"level":"info","message":"MongoDb  connected successfully","service":"auth-service","timestamp":"2025-08-30T12:13:02.512Z"}
{"level":"info","message":"App started at port 8001","service":"auth-service","timestamp":"2025-08-30T12:13:02.512Z"}
{"level":"info","message":"DB connection started","service":"auth-service","timestamp":"2025-08-30T12:13:14.907Z"}
{"level":"info","message":"Successfully connected to Redis","service":"auth-service","timestamp":"2025-08-30T12:13:14.928Z"}
{"level":"info","message":"Redis client is ready","service":"auth-service","timestamp":"2025-08-30T12:13:14.932Z"}
{"level":"info","message":"MongoDb  connected successfully","service":"auth-service","timestamp":"2025-08-30T12:13:15.349Z"}
{"level":"info","message":"App started at port 8001","service":"auth-service","timestamp":"2025-08-30T12:13:15.349Z"}
{"level":"info","message":"DB connection started","service":"auth-service","timestamp":"2025-08-30T12:13:27.925Z"}
{"level":"info","message":"Successfully connected to Redis","service":"auth-service","timestamp":"2025-08-30T12:13:27.934Z"}
{"level":"info","message":"Redis client is ready","service":"auth-service","timestamp":"2025-08-30T12:13:27.935Z"}
{"level":"info","message":"MongoDb  connected successfully","service":"auth-service","timestamp":"2025-08-30T12:13:28.686Z"}
{"level":"info","message":"App started at port 8001","service":"auth-service","timestamp":"2025-08-30T12:13:28.686Z"}
{"level":"info","message":"DB connection started","service":"auth-service","timestamp":"2025-08-30T12:13:31.181Z"}
{"level":"info","message":"Successfully connected to Redis","service":"auth-service","timestamp":"2025-08-30T12:13:31.200Z"}
{"level":"info","message":"Redis client is ready","service":"auth-service","timestamp":"2025-08-30T12:13:31.204Z"}
{"level":"info","message":"MongoDb  connected successfully","service":"auth-service","timestamp":"2025-08-30T12:13:31.637Z"}
{"level":"info","message":"App started at port 8001","service":"auth-service","timestamp":"2025-08-30T12:13:31.637Z"}
{"level":"info","message":"DB connection started","service":"auth-service","timestamp":"2025-08-30T12:13:47.333Z"}
{"level":"info","message":"Successfully connected to Redis","service":"auth-service","timestamp":"2025-08-30T12:13:47.357Z"}
{"level":"info","message":"Redis client is ready","service":"auth-service","timestamp":"2025-08-30T12:13:47.359Z"}
{"level":"info","message":"MongoDb  connected successfully","service":"auth-service","timestamp":"2025-08-30T12:13:47.799Z"}
{"level":"info","message":"App started at port 8001","service":"auth-service","timestamp":"2025-08-30T12:13:47.800Z"}
{"level":"info","message":"DB connection started","service":"auth-service","timestamp":"2025-08-30T12:13:51.590Z"}
{"level":"info","message":"Successfully connected to Redis","service":"auth-service","timestamp":"2025-08-30T12:13:51.607Z"}
{"level":"info","message":"Redis client is ready","service":"auth-service","timestamp":"2025-08-30T12:13:51.630Z"}
{"level":"info","message":"MongoDb  connected successfully","service":"auth-service","timestamp":"2025-08-30T12:13:52.058Z"}
{"level":"info","message":"App started at port 8001","service":"auth-service","timestamp":"2025-08-30T12:13:52.058Z"}
{"level":"info","message":"DB connection started","service":"auth-service","timestamp":"2025-08-30T12:13:57.696Z"}
{"level":"info","message":"Successfully connected to Redis","service":"auth-service","timestamp":"2025-08-30T12:13:57.725Z"}
{"level":"info","message":"Redis client is ready","service":"auth-service","timestamp":"2025-08-30T12:13:57.726Z"}
{"level":"info","message":"MongoDb  connected successfully","service":"auth-service","timestamp":"2025-08-30T12:13:58.149Z"}
{"level":"info","message":"App started at port 8001","service":"auth-service","timestamp":"2025-08-30T12:13:58.149Z"}
{"level":"info","message":"DB connection started","service":"auth-service","timestamp":"2025-08-30T12:14:13.089Z"}
{"level":"info","message":"Successfully connected to Redis","service":"auth-service","timestamp":"2025-08-30T12:14:13.111Z"}
{"level":"info","message":"Redis client is ready","service":"auth-service","timestamp":"2025-08-30T12:14:13.113Z"}
{"level":"info","message":"MongoDb  connected successfully","service":"auth-service","timestamp":"2025-08-30T12:14:13.640Z"}
{"level":"info","message":"App started at port 8001","service":"auth-service","timestamp":"2025-08-30T12:14:13.655Z"}
{"level":"info","message":"DB connection started","service":"auth-service","timestamp":"2025-08-30T12:14:16.604Z"}
{"level":"info","message":"Successfully connected to Redis","service":"auth-service","timestamp":"2025-08-30T12:14:16.627Z"}
{"level":"info","message":"Redis client is ready","service":"auth-service","timestamp":"2025-08-30T12:14:16.629Z"}
{"level":"info","message":"MongoDb  connected successfully","service":"auth-service","timestamp":"2025-08-30T12:14:17.075Z"}
{"level":"info","message":"App started at port 8001","service":"auth-service","timestamp":"2025-08-30T12:14:17.077Z"}
{"level":"warn","message":"Checking for rate limit","service":"auth-service","timestamp":"2025-08-30T12:14:23.951Z"}
{"level":"info","message":"request from /api/member/68b2e72532a949799701c4a3 having a method of GET","service":"auth-service","timestamp":"2025-08-30T12:14:23.958Z"}
{"level":"info","message":"user hits the getGroup controller","service":"auth-service","timestamp":"2025-08-30T12:14:23.959Z"}
{"level":"info","message":"intended member not found in Db","service":"auth-service","timestamp":"2025-08-30T12:14:24.002Z"}
{"level":"warn","message":"Checking for rate limit","service":"auth-service","timestamp":"2025-08-30T12:14:25.049Z"}
{"level":"info","message":"request from /api/member/68b2e72532a949799701c4a3 having a method of GET","service":"auth-service","timestamp":"2025-08-30T12:14:25.062Z"}
{"level":"info","message":"user hits the getGroup controller","service":"auth-service","timestamp":"2025-08-30T12:14:25.063Z"}
{"level":"info","message":"intended member not found in Db","service":"auth-service","timestamp":"2025-08-30T12:14:25.110Z"}
{"level":"warn","message":"Checking for rate limit","service":"auth-service","timestamp":"2025-08-30T12:14:34.235Z"}
{"level":"info","message":"request from /api/member/68b2e72532a949799701c4a3 having a method of DELETE","service":"auth-service","timestamp":"2025-08-30T12:14:34.236Z"}
{"level":"info","message":"user hits the delteGroup controller","service":"auth-service","timestamp":"2025-08-30T12:14:34.237Z"}
{"level":"info","message":"member deleted from a group:","service":"auth-service","timestamp":"2025-08-30T12:14:34.289Z"}
{"level":"warn","message":"intending member to delete not found in DB","service":"auth-service","timestamp":"2025-08-30T12:14:34.289Z"}
{"level":"warn","message":"Checking for rate limit","service":"auth-service","timestamp":"2025-08-30T12:20:40.804Z"}
{"level":"info","message":"request from /api/group/groups having a method of GET","service":"auth-service","timestamp":"2025-08-30T12:20:40.846Z"}
{"level":"info","message":"user hits the getGroups controller","service":"auth-service","timestamp":"2025-08-30T12:20:40.853Z"}
{"level":"info","message":"user fetched all groups controller","service":"auth-service","timestamp":"2025-08-30T12:20:41.134Z"}
{"level":"warn","message":"Checking for rate limit","service":"auth-service","timestamp":"2025-08-30T12:21:05.875Z"}
{"level":"info","message":"request from /api/group/68b2dc36ba9837081939b44b having a method of GET","service":"auth-service","timestamp":"2025-08-30T12:21:05.880Z"}
{"level":"info","message":"user hits the getGroup controller","service":"auth-service","timestamp":"2025-08-30T12:21:05.882Z"}
{"level":"warn","message":"Checking for rate limit","service":"auth-service","timestamp":"2025-08-30T12:21:27.537Z"}
{"level":"info","message":"request from /api/group/groups having a method of GET","service":"auth-service","timestamp":"2025-08-30T12:21:27.541Z"}
{"level":"info","message":"user hits the getGroups controller","service":"auth-service","timestamp":"2025-08-30T12:21:27.541Z"}
{"level":"info","message":"user fetched all groups controller","service":"auth-service","timestamp":"2025-08-30T12:21:27.576Z"}
{"level":"info","message":"DB connection started","service":"auth-service","timestamp":"2025-08-30T12:22:28.894Z"}
{"level":"info","message":"Successfully connected to Redis","service":"auth-service","timestamp":"2025-08-30T12:22:28.920Z"}
{"level":"info","message":"Redis client is ready","service":"auth-service","timestamp":"2025-08-30T12:22:28.942Z"}
{"level":"info","message":"MongoDb  connected successfully","service":"auth-service","timestamp":"2025-08-30T12:22:29.518Z"}
{"level":"info","message":"App started at port 8001","service":"auth-service","timestamp":"2025-08-30T12:22:29.519Z"}
{"level":"info","message":"DB connection started","service":"auth-service","timestamp":"2025-08-30T12:22:31.835Z"}
{"level":"info","message":"Successfully connected to Redis","service":"auth-service","timestamp":"2025-08-30T12:22:31.850Z"}
{"level":"info","message":"Redis client is ready","service":"auth-service","timestamp":"2025-08-30T12:22:31.852Z"}
{"level":"info","message":"MongoDb  connected successfully","service":"auth-service","timestamp":"2025-08-30T12:22:32.371Z"}
{"level":"info","message":"App started at port 8001","service":"auth-service","timestamp":"2025-08-30T12:22:32.371Z"}
{"level":"info","message":"DB connection started","service":"auth-service","timestamp":"2025-08-30T12:23:04.991Z"}
{"level":"info","message":"Successfully connected to Redis","service":"auth-service","timestamp":"2025-08-30T12:23:05.001Z"}
{"level":"info","message":"Redis client is ready","service":"auth-service","timestamp":"2025-08-30T12:23:05.005Z"}
{"level":"info","message":"MongoDb  connected successfully","service":"auth-service","timestamp":"2025-08-30T12:23:05.540Z"}
{"level":"info","message":"App started at port 8001","service":"auth-service","timestamp":"2025-08-30T12:23:05.540Z"}
{"level":"info","message":"DB connection started","service":"auth-service","timestamp":"2025-08-30T12:23:29.930Z"}
{"level":"info","message":"Successfully connected to Redis","service":"auth-service","timestamp":"2025-08-30T12:23:29.948Z"}
{"level":"info","message":"Redis client is ready","service":"auth-service","timestamp":"2025-08-30T12:23:29.950Z"}
{"level":"info","message":"MongoDb  connected successfully","service":"auth-service","timestamp":"2025-08-30T12:23:30.391Z"}
{"level":"info","message":"App started at port 8001","service":"auth-service","timestamp":"2025-08-30T12:23:30.392Z"}
{"level":"info","message":"DB connection started","service":"auth-service","timestamp":"2025-08-30T12:24:19.548Z"}
{"level":"info","message":"Successfully connected to Redis","service":"auth-service","timestamp":"2025-08-30T12:24:19.567Z"}
{"level":"info","message":"Redis client is ready","service":"auth-service","timestamp":"2025-08-30T12:24:19.569Z"}
{"level":"info","message":"MongoDb  connected successfully","service":"auth-service","timestamp":"2025-08-30T12:24:20.137Z"}
{"level":"info","message":"App started at port 8001","service":"auth-service","timestamp":"2025-08-30T12:24:20.138Z"}
{"level":"info","message":"DB connection started","service":"auth-service","timestamp":"2025-08-30T12:25:10.029Z"}
{"level":"info","message":"Successfully connected to Redis","service":"auth-service","timestamp":"2025-08-30T12:25:10.045Z"}
{"level":"info","message":"Redis client is ready","service":"auth-service","timestamp":"2025-08-30T12:25:10.047Z"}
{"level":"info","message":"MongoDb  connected successfully","service":"auth-service","timestamp":"2025-08-30T12:25:10.561Z"}
{"level":"info","message":"App started at port 8001","service":"auth-service","timestamp":"2025-08-30T12:25:10.562Z"}
{"level":"info","message":"DB connection started","service":"auth-service","timestamp":"2025-08-30T12:25:21.358Z"}
{"level":"info","message":"Successfully connected to Redis","service":"auth-service","timestamp":"2025-08-30T12:25:21.377Z"}
{"level":"info","message":"Redis client is ready","service":"auth-service","timestamp":"2025-08-30T12:25:21.385Z"}
{"level":"info","message":"MongoDb  connected successfully","service":"auth-service","timestamp":"2025-08-30T12:25:21.822Z"}
{"level":"info","message":"App started at port 8001","service":"auth-service","timestamp":"2025-08-30T12:25:21.823Z"}
{"level":"info","message":"DB connection started","service":"auth-service","timestamp":"2025-08-30T12:26:16.914Z"}
{"level":"info","message":"Successfully connected to Redis","service":"auth-service","timestamp":"2025-08-30T12:26:16.937Z"}
{"level":"info","message":"Redis client is ready","service":"auth-service","timestamp":"2025-08-30T12:26:16.940Z"}
{"level":"info","message":"MongoDb  connected successfully","service":"auth-service","timestamp":"2025-08-30T12:26:17.445Z"}
{"level":"info","message":"App started at port 8001","service":"auth-service","timestamp":"2025-08-30T12:26:17.445Z"}
{"level":"info","message":"DB connection started","service":"auth-service","timestamp":"2025-08-30T12:26:26.707Z"}
{"level":"info","message":"Successfully connected to Redis","service":"auth-service","timestamp":"2025-08-30T12:26:26.725Z"}
{"level":"info","message":"Redis client is ready","service":"auth-service","timestamp":"2025-08-30T12:26:26.726Z"}
{"level":"info","message":"MongoDb  connected successfully","service":"auth-service","timestamp":"2025-08-30T12:26:27.188Z"}
{"level":"info","message":"App started at port 8001","service":"auth-service","timestamp":"2025-08-30T12:26:27.189Z"}
{"level":"info","message":"DB connection started","service":"auth-service","timestamp":"2025-08-30T12:26:39.343Z"}
{"level":"info","message":"Successfully connected to Redis","service":"auth-service","timestamp":"2025-08-30T12:26:39.354Z"}
{"level":"info","message":"Redis client is ready","service":"auth-service","timestamp":"2025-08-30T12:26:39.356Z"}
{"level":"info","message":"DB connection started","service":"auth-service","timestamp":"2025-08-30T12:26:41.747Z"}
{"level":"info","message":"Successfully connected to Redis","service":"auth-service","timestamp":"2025-08-30T12:26:41.762Z"}
{"level":"info","message":"Redis client is ready","service":"auth-service","timestamp":"2025-08-30T12:26:41.764Z"}
{"level":"info","message":"DB connection started","service":"auth-service","timestamp":"2025-08-30T12:26:43.884Z"}
{"level":"info","message":"Successfully connected to Redis","service":"auth-service","timestamp":"2025-08-30T12:26:43.905Z"}
{"level":"info","message":"Redis client is ready","service":"auth-service","timestamp":"2025-08-30T12:26:43.908Z"}
{"level":"info","message":"MongoDb  connected successfully","service":"auth-service","timestamp":"2025-08-30T12:26:44.336Z"}
{"level":"info","message":"App started at port 8001","service":"auth-service","timestamp":"2025-08-30T12:26:44.337Z"}
{"level":"info","message":"DB connection started","service":"auth-service","timestamp":"2025-08-30T12:27:08.007Z"}
{"level":"info","message":"Successfully connected to Redis","service":"auth-service","timestamp":"2025-08-30T12:27:08.020Z"}
{"level":"info","message":"Redis client is ready","service":"auth-service","timestamp":"2025-08-30T12:27:08.096Z"}
{"level":"info","message":"MongoDb  connected successfully","service":"auth-service","timestamp":"2025-08-30T12:27:08.518Z"}
{"level":"info","message":"App started at port 8001","service":"auth-service","timestamp":"2025-08-30T12:27:08.518Z"}
{"level":"info","message":"DB connection started","service":"auth-service","timestamp":"2025-08-30T13:07:41.414Z"}
{"level":"info","message":"Successfully connected to Redis","service":"auth-service","timestamp":"2025-08-30T13:07:41.456Z"}
{"level":"info","message":"Redis client is ready","service":"auth-service","timestamp":"2025-08-30T13:07:41.463Z"}
{"level":"info","message":"MongoDb  connected successfully","service":"auth-service","timestamp":"2025-08-30T13:07:41.948Z"}
{"level":"info","message":"App started at port 8001","service":"auth-service","timestamp":"2025-08-30T13:07:41.949Z"}
{"level":"info","message":"DB connection started","service":"auth-service","timestamp":"2025-08-30T13:07:47.701Z"}
{"level":"info","message":"Successfully connected to Redis","service":"auth-service","timestamp":"2025-08-30T13:07:47.724Z"}
{"level":"info","message":"Redis client is ready","service":"auth-service","timestamp":"2025-08-30T13:07:47.727Z"}
{"level":"info","message":"MongoDb  connected successfully","service":"auth-service","timestamp":"2025-08-30T13:07:48.182Z"}
{"level":"info","message":"App started at port 8001","service":"auth-service","timestamp":"2025-08-30T13:07:48.182Z"}
{"level":"info","message":"DB connection started","service":"auth-service","timestamp":"2025-08-30T13:07:54.753Z"}
{"level":"info","message":"Successfully connected to Redis","service":"auth-service","timestamp":"2025-08-30T13:07:54.775Z"}
{"level":"info","message":"Redis client is ready","service":"auth-service","timestamp":"2025-08-30T13:07:54.781Z"}
{"level":"info","message":"MongoDb  connected successfully","service":"auth-service","timestamp":"2025-08-30T13:07:55.270Z"}
{"level":"info","message":"App started at port 8001","service":"auth-service","timestamp":"2025-08-30T13:07:55.270Z"}
{"level":"info","message":"DB connection started","service":"auth-service","timestamp":"2025-08-30T13:08:00.909Z"}
{"level":"info","message":"Successfully connected to Redis","service":"auth-service","timestamp":"2025-08-30T13:08:00.931Z"}
{"level":"info","message":"Redis client is ready","service":"auth-service","timestamp":"2025-08-30T13:08:00.932Z"}
{"level":"info","message":"MongoDb  connected successfully","service":"auth-service","timestamp":"2025-08-30T13:08:01.498Z"}
{"level":"info","message":"App started at port 8001","service":"auth-service","timestamp":"2025-08-30T13:08:01.499Z"}
{"level":"info","message":"DB connection started","service":"auth-service","timestamp":"2025-08-30T13:08:37.133Z"}
{"level":"info","message":"Successfully connected to Redis","service":"auth-service","timestamp":"2025-08-30T13:08:37.152Z"}
{"level":"info","message":"Redis client is ready","service":"auth-service","timestamp":"2025-08-30T13:08:37.153Z"}
{"level":"info","message":"MongoDb  connected successfully","service":"auth-service","timestamp":"2025-08-30T13:08:37.610Z"}
{"level":"info","message":"App started at port 8001","service":"auth-service","timestamp":"2025-08-30T13:08:37.610Z"}
{"level":"info","message":"DB connection started","service":"auth-service","timestamp":"2025-08-30T13:09:45.722Z"}
{"level":"info","message":"Successfully connected to Redis","service":"auth-service","timestamp":"2025-08-30T13:09:45.742Z"}
{"level":"info","message":"Redis client is ready","service":"auth-service","timestamp":"2025-08-30T13:09:45.745Z"}
{"level":"info","message":"MongoDb  connected successfully","service":"auth-service","timestamp":"2025-08-30T13:09:46.309Z"}
{"level":"info","message":"App started at port 8001","service":"auth-service","timestamp":"2025-08-30T13:09:46.310Z"}
{"level":"info","message":"DB connection started","service":"auth-service","timestamp":"2025-08-30T13:09:49.335Z"}
{"level":"info","message":"Successfully connected to Redis","service":"auth-service","timestamp":"2025-08-30T13:09:49.355Z"}
{"level":"info","message":"Redis client is ready","service":"auth-service","timestamp":"2025-08-30T13:09:49.358Z"}
{"level":"info","message":"MongoDb  connected successfully","service":"auth-service","timestamp":"2025-08-30T13:09:49.856Z"}
{"level":"info","message":"App started at port 8001","service":"auth-service","timestamp":"2025-08-30T13:09:49.857Z"}
{"level":"info","message":"DB connection started","service":"auth-service","timestamp":"2025-08-30T13:10:02.897Z"}
{"level":"info","message":"Successfully connected to Redis","service":"auth-service","timestamp":"2025-08-30T13:10:02.920Z"}
{"level":"info","message":"Redis client is ready","service":"auth-service","timestamp":"2025-08-30T13:10:02.922Z"}
{"level":"info","message":"MongoDb  connected successfully","service":"auth-service","timestamp":"2025-08-30T13:10:03.406Z"}
{"level":"info","message":"App started at port 8001","service":"auth-service","timestamp":"2025-08-30T13:10:03.407Z"}
{"level":"info","message":"DB connection started","service":"auth-service","timestamp":"2025-08-30T13:10:08.610Z"}
{"level":"info","message":"Successfully connected to Redis","service":"auth-service","timestamp":"2025-08-30T13:10:08.630Z"}
{"level":"info","message":"Redis client is ready","service":"auth-service","timestamp":"2025-08-30T13:10:08.632Z"}
{"level":"info","message":"MongoDb  connected successfully","service":"auth-service","timestamp":"2025-08-30T13:10:09.275Z"}
{"level":"info","message":"App started at port 8001","service":"auth-service","timestamp":"2025-08-30T13:10:09.276Z"}
{"level":"info","message":"DB connection started","service":"auth-service","timestamp":"2025-08-30T13:11:07.712Z"}
{"level":"info","message":"Successfully connected to Redis","service":"auth-service","timestamp":"2025-08-30T13:11:07.735Z"}
{"level":"info","message":"Redis client is ready","service":"auth-service","timestamp":"2025-08-30T13:11:07.736Z"}
{"level":"info","message":"MongoDb  connected successfully","service":"auth-service","timestamp":"2025-08-30T13:11:08.351Z"}
{"level":"info","message":"App started at port 8001","service":"auth-service","timestamp":"2025-08-30T13:11:08.351Z"}
{"level":"info","message":"DB connection started","service":"auth-service","timestamp":"2025-08-30T13:11:20.917Z"}
{"level":"info","message":"Successfully connected to Redis","service":"auth-service","timestamp":"2025-08-30T13:11:20.936Z"}
{"level":"info","message":"Redis client is ready","service":"auth-service","timestamp":"2025-08-30T13:11:20.937Z"}
{"level":"info","message":"MongoDb  connected successfully","service":"auth-service","timestamp":"2025-08-30T13:11:21.449Z"}
{"level":"info","message":"App started at port 8001","service":"auth-service","timestamp":"2025-08-30T13:11:21.449Z"}
{"level":"warn","message":"Checking for rate limit","service":"auth-service","timestamp":"2025-08-30T13:14:19.176Z"}
{"level":"info","message":"request from /api/group/members/68b2dc41ba9837081939b44d having a method of GET","service":"auth-service","timestamp":"2025-08-30T13:14:19.187Z"}
{"level":"info","message":"DB connection started","service":"auth-service","timestamp":"2025-08-30T13:14:34.015Z"}
{"level":"info","message":"Successfully connected to Redis","service":"auth-service","timestamp":"2025-08-30T13:14:34.031Z"}
{"level":"info","message":"Redis client is ready","service":"auth-service","timestamp":"2025-08-30T13:14:34.034Z"}
{"level":"info","message":"MongoDb  connected successfully","service":"auth-service","timestamp":"2025-08-30T13:14:34.593Z"}
{"level":"info","message":"App started at port 8001","service":"auth-service","timestamp":"2025-08-30T13:14:34.593Z"}
{"level":"info","message":"DB connection started","service":"auth-service","timestamp":"2025-08-30T13:14:43.280Z"}
{"level":"info","message":"Successfully connected to Redis","service":"auth-service","timestamp":"2025-08-30T13:14:43.302Z"}
{"level":"info","message":"Redis client is ready","service":"auth-service","timestamp":"2025-08-30T13:14:43.305Z"}
{"level":"info","message":"MongoDb  connected successfully","service":"auth-service","timestamp":"2025-08-30T13:14:43.760Z"}
{"level":"info","message":"App started at port 8001","service":"auth-service","timestamp":"2025-08-30T13:14:43.761Z"}
{"level":"info","message":"DB connection started","service":"auth-service","timestamp":"2025-08-30T13:14:52.332Z"}
{"level":"info","message":"Successfully connected to Redis","service":"auth-service","timestamp":"2025-08-30T13:14:52.351Z"}
{"level":"info","message":"Redis client is ready","service":"auth-service","timestamp":"2025-08-30T13:14:52.353Z"}
{"level":"info","message":"MongoDb  connected successfully","service":"auth-service","timestamp":"2025-08-30T13:14:52.896Z"}
{"level":"info","message":"App started at port 8001","service":"auth-service","timestamp":"2025-08-30T13:14:52.897Z"}
{"level":"info","message":"DB connection started","service":"auth-service","timestamp":"2025-08-30T13:15:05.847Z"}
{"level":"info","message":"Successfully connected to Redis","service":"auth-service","timestamp":"2025-08-30T13:15:05.860Z"}
{"level":"info","message":"Redis client is ready","service":"auth-service","timestamp":"2025-08-30T13:15:05.861Z"}
{"level":"info","message":"MongoDb  connected successfully","service":"auth-service","timestamp":"2025-08-30T13:15:06.486Z"}
{"level":"info","message":"App started at port 8001","service":"auth-service","timestamp":"2025-08-30T13:15:06.487Z"}
{"level":"info","message":"DB connection started","service":"auth-service","timestamp":"2025-08-30T13:15:09.785Z"}
{"level":"info","message":"Successfully connected to Redis","service":"auth-service","timestamp":"2025-08-30T13:15:09.804Z"}
{"level":"info","message":"Redis client is ready","service":"auth-service","timestamp":"2025-08-30T13:15:09.807Z"}
{"level":"info","message":"DB connection started","service":"auth-service","timestamp":"2025-08-30T13:15:17.641Z"}
{"level":"info","message":"Successfully connected to Redis","service":"auth-service","timestamp":"2025-08-30T13:15:17.650Z"}
{"level":"info","message":"Redis client is ready","service":"auth-service","timestamp":"2025-08-30T13:15:17.652Z"}
{"level":"info","message":"MongoDb  connected successfully","service":"auth-service","timestamp":"2025-08-30T13:15:18.096Z"}
{"level":"info","message":"App started at port 8001","service":"auth-service","timestamp":"2025-08-30T13:15:18.096Z"}
{"level":"info","message":"DB connection started","service":"auth-service","timestamp":"2025-08-30T13:15:22.622Z"}
{"level":"info","message":"Successfully connected to Redis","service":"auth-service","timestamp":"2025-08-30T13:15:22.659Z"}
{"level":"info","message":"Redis client is ready","service":"auth-service","timestamp":"2025-08-30T13:15:22.663Z"}
{"level":"info","message":"DB connection started","service":"auth-service","timestamp":"2025-08-30T13:15:24.729Z"}
{"level":"info","message":"Successfully connected to Redis","service":"auth-service","timestamp":"2025-08-30T13:15:24.746Z"}
{"level":"info","message":"Redis client is ready","service":"auth-service","timestamp":"2025-08-30T13:15:24.748Z"}
{"level":"info","message":"MongoDb  connected successfully","service":"auth-service","timestamp":"2025-08-30T13:15:25.245Z"}
{"level":"info","message":"App started at port 8001","service":"auth-service","timestamp":"2025-08-30T13:15:25.246Z"}
{"level":"info","message":"DB connection started","service":"auth-service","timestamp":"2025-08-30T13:15:33.441Z"}
{"level":"info","message":"Successfully connected to Redis","service":"auth-service","timestamp":"2025-08-30T13:15:33.459Z"}
{"level":"info","message":"Redis client is ready","service":"auth-service","timestamp":"2025-08-30T13:15:33.460Z"}
{"level":"info","message":"MongoDb  connected successfully","service":"auth-service","timestamp":"2025-08-30T13:15:33.933Z"}
{"level":"info","message":"App started at port 8001","service":"auth-service","timestamp":"2025-08-30T13:15:33.934Z"}
{"level":"info","message":"DB connection started","service":"auth-service","timestamp":"2025-08-30T13:15:44.202Z"}
{"level":"info","message":"Successfully connected to Redis","service":"auth-service","timestamp":"2025-08-30T13:15:44.218Z"}
{"level":"info","message":"Redis client is ready","service":"auth-service","timestamp":"2025-08-30T13:15:44.223Z"}
{"level":"info","message":"MongoDb  connected successfully","service":"auth-service","timestamp":"2025-08-30T13:15:44.706Z"}
{"level":"info","message":"App started at port 8001","service":"auth-service","timestamp":"2025-08-30T13:15:44.706Z"}
{"level":"info","message":"DB connection started","service":"auth-service","timestamp":"2025-08-30T13:15:46.319Z"}
{"level":"info","message":"Successfully connected to Redis","service":"auth-service","timestamp":"2025-08-30T13:15:46.338Z"}
{"level":"info","message":"Redis client is ready","service":"auth-service","timestamp":"2025-08-30T13:15:46.340Z"}
{"level":"info","message":"DB connection started","service":"auth-service","timestamp":"2025-08-30T13:15:49.480Z"}
{"level":"info","message":"Successfully connected to Redis","service":"auth-service","timestamp":"2025-08-30T13:15:49.497Z"}
{"level":"info","message":"Redis client is ready","service":"auth-service","timestamp":"2025-08-30T13:15:49.499Z"}
{"level":"info","message":"MongoDb  connected successfully","service":"auth-service","timestamp":"2025-08-30T13:15:50.039Z"}
{"level":"info","message":"App started at port 8001","service":"auth-service","timestamp":"2025-08-30T13:15:50.039Z"}
{"level":"info","message":"DB connection started","service":"auth-service","timestamp":"2025-08-30T13:15:59.467Z"}
{"level":"info","message":"Successfully connected to Redis","service":"auth-service","timestamp":"2025-08-30T13:15:59.488Z"}
{"level":"info","message":"Redis client is ready","service":"auth-service","timestamp":"2025-08-30T13:15:59.490Z"}
{"level":"info","message":"MongoDb  connected successfully","service":"auth-service","timestamp":"2025-08-30T13:16:00.042Z"}
{"level":"info","message":"App started at port 8001","service":"auth-service","timestamp":"2025-08-30T13:16:00.042Z"}
{"level":"info","message":"DB connection started","service":"auth-service","timestamp":"2025-08-30T13:17:34.519Z"}
{"level":"info","message":"Successfully connected to Redis","service":"auth-service","timestamp":"2025-08-30T13:17:34.612Z"}
{"level":"info","message":"Redis client is ready","service":"auth-service","timestamp":"2025-08-30T13:17:34.631Z"}
{"level":"info","message":"DB connection started","service":"auth-service","timestamp":"2025-08-30T13:17:36.376Z"}
{"level":"info","message":"Successfully connected to Redis","service":"auth-service","timestamp":"2025-08-30T13:17:36.388Z"}
{"level":"info","message":"Redis client is ready","service":"auth-service","timestamp":"2025-08-30T13:17:36.389Z"}
{"level":"info","message":"MongoDb  connected successfully","service":"auth-service","timestamp":"2025-08-30T13:17:36.925Z"}
{"level":"info","message":"App started at port 8001","service":"auth-service","timestamp":"2025-08-30T13:17:36.925Z"}
{"level":"info","message":"DB connection started","service":"auth-service","timestamp":"2025-08-30T13:17:44.964Z"}
{"level":"info","message":"Successfully connected to Redis","service":"auth-service","timestamp":"2025-08-30T13:17:44.982Z"}
{"level":"info","message":"Redis client is ready","service":"auth-service","timestamp":"2025-08-30T13:17:44.983Z"}
{"level":"info","message":"MongoDb  connected successfully","service":"auth-service","timestamp":"2025-08-30T13:17:45.482Z"}
{"level":"info","message":"App started at port 8001","service":"auth-service","timestamp":"2025-08-30T13:17:45.482Z"}
{"level":"info","message":"DB connection started","service":"auth-service","timestamp":"2025-08-30T13:17:53.583Z"}
{"level":"info","message":"Successfully connected to Redis","service":"auth-service","timestamp":"2025-08-30T13:17:53.592Z"}
{"level":"info","message":"Redis client is ready","service":"auth-service","timestamp":"2025-08-30T13:17:53.594Z"}
{"level":"info","message":"MongoDb  connected successfully","service":"auth-service","timestamp":"2025-08-30T13:17:54.094Z"}
{"level":"info","message":"App started at port 8001","service":"auth-service","timestamp":"2025-08-30T13:17:54.094Z"}
{"level":"warn","message":"Checking for rate limit","service":"auth-service","timestamp":"2025-08-30T13:18:09.202Z"}
{"level":"info","message":"request from /api/group/members/68b2dc41ba9837081939b44d having a method of GET","service":"auth-service","timestamp":"2025-08-30T13:18:09.209Z"}
{"level":"info","message":"user hits the delteGroup controller","service":"auth-service","timestamp":"2025-08-30T13:18:09.210Z"}
{"$__":{"activePaths":{"paths":{"__v":"init","_id":"init","groupMembersId":"default","groupName":"init","monthlyContribution":"init","numberOfMembers":"init","status":"init"},"states":{"default":{"groupMembersId":true},"init":{"__v":true,"_id":true,"groupName":true,"monthlyContribution":true,"numberOfMembers":true,"status":true},"require":{}}},"skipId":true},"$isNew":false,"_doc":{"__v":0,"_id":"68b2dc41ba9837081939b44d","groupMembersId":[],"groupName":"golden","monthlyContribution":5000,"numberOfMembers":4,"status":"active"},"level":"info","message":"group deleted:","service":"auth-service","timestamp":"2025-08-30T13:18:09.270Z"}
{"level":"warn","message":"Checking for rate limit","service":"auth-service","timestamp":"2025-08-30T13:18:58.024Z"}
{"level":"info","message":"request from /api/member/addMember having a method of POST","service":"auth-service","timestamp":"2025-08-30T13:18:58.029Z"}
{"level":"info","message":"user hit the add group member controller","service":"auth-service","timestamp":"2025-08-30T13:18:58.030Z"}
{"level":"info","message":"checking if user already exist in group","service":"auth-service","timestamp":"2025-08-30T13:18:58.076Z"}
{"level":"info","message":"user with id 68b16753222d8654479bb9d9 is added to group golden","service":"auth-service","timestamp":"2025-08-30T13:18:58.150Z"}
{"level":"warn","message":"Checking for rate limit","service":"auth-service","timestamp":"2025-08-30T13:19:14.925Z"}
{"level":"info","message":"request from /api/group/members/68b2dc41ba9837081939b44d having a method of GET","service":"auth-service","timestamp":"2025-08-30T13:19:14.928Z"}
{"level":"info","message":"user hits the delteGroup controller","service":"auth-service","timestamp":"2025-08-30T13:19:14.929Z"}
{"$__":{"activePaths":{"paths":{"__v":"init","_id":"init","groupMembersId":"default","groupName":"init","monthlyContribution":"init","numberOfMembers":"init","status":"init"},"states":{"default":{"groupMembersId":true},"init":{"__v":true,"_id":true,"groupName":true,"monthlyContribution":true,"numberOfMembers":true,"status":true},"require":{}}},"skipId":true},"$isNew":false,"_doc":{"__v":0,"_id":"68b2dc41ba9837081939b44d","groupMembersId":[],"groupName":"golden","monthlyContribution":5000,"numberOfMembers":4,"status":"active"},"level":"info","message":"group deleted:","service":"auth-service","timestamp":"2025-08-30T13:19:14.967Z"}
{"level":"info","message":"DB connection started","service":"auth-service","timestamp":"2025-08-30T13:20:22.387Z"}
{"level":"info","message":"Successfully connected to Redis","service":"auth-service","timestamp":"2025-08-30T13:20:22.403Z"}
{"level":"info","message":"Redis client is ready","service":"auth-service","timestamp":"2025-08-30T13:20:22.406Z"}
{"level":"info","message":"MongoDb  connected successfully","service":"auth-service","timestamp":"2025-08-30T13:20:23.062Z"}
{"level":"info","message":"App started at port 8001","service":"auth-service","timestamp":"2025-08-30T13:20:23.062Z"}
{"level":"warn","message":"Checking for rate limit","service":"auth-service","timestamp":"2025-08-30T13:20:36.513Z"}
{"level":"info","message":"request from /api/group/members/68b2dc41ba9837081939b44d having a method of GET","service":"auth-service","timestamp":"2025-08-30T13:20:36.519Z"}
{"level":"info","message":"user hits the delteGroup controller","service":"auth-service","timestamp":"2025-08-30T13:20:36.520Z"}
{"level":"error","message":"Schema hasn't been registered for model \"User\".\nUse mongoose.model(name, schema)","service":"auth-service","stack":"MissingSchemaError: Schema hasn't been registered for model \"User\".\nUse mongoose.model(name, schema)\n    at NativeConnection.model (/Users/home/Desktop/projects/ROSCA/rusca-microservices-server/contribution-services/node_modules/mongoose/lib/connection.js:1493:13)\n    at _getModelFromConn (/Users/home/Desktop/projects/ROSCA/rusca-microservices-server/contribution-services/node_modules/mongoose/lib/helpers/populate/getModelsMapForPopulate.js:579:15)\n    at addModelNamesToMap (/Users/home/Desktop/projects/ROSCA/rusca-microservices-server/contribution-services/node_modules/mongoose/lib/helpers/populate/getModelsMapForPopulate.js:507:17)\n    at getModelsMapForPopulate (/Users/home/Desktop/projects/ROSCA/rusca-microservices-server/contribution-services/node_modules/mongoose/lib/helpers/populate/getModelsMapForPopulate.js:208:7)\n    at _populatePath (/Users/home/Desktop/projects/ROSCA/rusca-microservices-server/contribution-services/node_modules/mongoose/lib/model.js:4469:21)\n    at model.populate (/Users/home/Desktop/projects/ROSCA/rusca-microservices-server/contribution-services/node_modules/mongoose/lib/model.js:4436:21)\n    at /Users/home/Desktop/projects/ROSCA/rusca-microservices-server/contribution-services/node_modules/mongoose/lib/query.js:2631:11\n    at _init (/Users/home/Desktop/projects/ROSCA/rusca-microservices-server/contribution-services/node_modules/mongoose/lib/query.js:3307:5)\n    at model.Document.init (/Users/home/Desktop/projects/ROSCA/rusca-microservices-server/contribution-services/node_modules/mongoose/lib/document.js:654:5)\n    at model.Document.$init (/Users/home/Desktop/projects/ROSCA/rusca-microservices-server/contribution-services/node_modules/mongoose/lib/document.js:667:42)","timestamp":"2025-08-30T13:20:36.582Z"}
{"level":"error","message":"Schema hasn't been registered for model \"User\".\nUse mongoose.model(name, schema)","service":"auth-service","timestamp":"2025-08-30T13:20:36.587Z"}
{"level":"info","message":"DB connection started","service":"auth-service","timestamp":"2025-08-30T13:21:49.319Z"}
{"level":"info","message":"Successfully connected to Redis","service":"auth-service","timestamp":"2025-08-30T13:21:49.337Z"}
{"level":"info","message":"Redis client is ready","service":"auth-service","timestamp":"2025-08-30T13:21:49.338Z"}
{"level":"info","message":"MongoDb  connected successfully","service":"auth-service","timestamp":"2025-08-30T13:21:49.891Z"}
{"level":"info","message":"App started at port 8001","service":"auth-service","timestamp":"2025-08-30T13:21:49.892Z"}
{"level":"info","message":"DB connection started","service":"auth-service","timestamp":"2025-08-30T13:21:55.936Z"}
{"level":"info","message":"Successfully connected to Redis","service":"auth-service","timestamp":"2025-08-30T13:21:55.955Z"}
{"level":"info","message":"Redis client is ready","service":"auth-service","timestamp":"2025-08-30T13:21:55.959Z"}
{"level":"info","message":"MongoDb  connected successfully","service":"auth-service","timestamp":"2025-08-30T13:21:56.599Z"}
{"level":"info","message":"App started at port 8001","service":"auth-service","timestamp":"2025-08-30T13:21:56.600Z"}
{"level":"warn","message":"Checking for rate limit","service":"auth-service","timestamp":"2025-08-30T13:29:34.411Z"}
{"level":"info","message":"request from /api/group/members/68b2dc41ba9837081939b44d having a method of GET","service":"auth-service","timestamp":"2025-08-30T13:29:34.481Z"}
{"level":"info","message":"user hits the delteGroup controller","service":"auth-service","timestamp":"2025-08-30T13:29:34.484Z"}
{"level":"error","message":"Schema hasn't been registered for model \"User\".\nUse mongoose.model(name, schema)","service":"auth-service","stack":"MissingSchemaError: Schema hasn't been registered for model \"User\".\nUse mongoose.model(name, schema)\n    at NativeConnection.model (/Users/home/Desktop/projects/ROSCA/rusca-microservices-server/contribution-services/node_modules/mongoose/lib/connection.js:1493:13)\n    at _getModelFromConn (/Users/home/Desktop/projects/ROSCA/rusca-microservices-server/contribution-services/node_modules/mongoose/lib/helpers/populate/getModelsMapForPopulate.js:579:15)\n    at addModelNamesToMap (/Users/home/Desktop/projects/ROSCA/rusca-microservices-server/contribution-services/node_modules/mongoose/lib/helpers/populate/getModelsMapForPopulate.js:507:17)\n    at getModelsMapForPopulate (/Users/home/Desktop/projects/ROSCA/rusca-microservices-server/contribution-services/node_modules/mongoose/lib/helpers/populate/getModelsMapForPopulate.js:208:7)\n    at _populatePath (/Users/home/Desktop/projects/ROSCA/rusca-microservices-server/contribution-services/node_modules/mongoose/lib/model.js:4469:21)\n    at model.populate (/Users/home/Desktop/projects/ROSCA/rusca-microservices-server/contribution-services/node_modules/mongoose/lib/model.js:4436:21)\n    at /Users/home/Desktop/projects/ROSCA/rusca-microservices-server/contribution-services/node_modules/mongoose/lib/query.js:2631:11\n    at _init (/Users/home/Desktop/projects/ROSCA/rusca-microservices-server/contribution-services/node_modules/mongoose/lib/query.js:3307:5)\n    at model.Document.init (/Users/home/Desktop/projects/ROSCA/rusca-microservices-server/contribution-services/node_modules/mongoose/lib/document.js:654:5)\n    at model.Document.$init (/Users/home/Desktop/projects/ROSCA/rusca-microservices-server/contribution-services/node_modules/mongoose/lib/document.js:667:42)","timestamp":"2025-08-30T13:29:35.110Z"}
{"level":"error","message":"Schema hasn't been registered for model \"User\".\nUse mongoose.model(name, schema)","service":"auth-service","timestamp":"2025-08-30T13:29:35.124Z"}
{"level":"warn","message":"Checking for rate limit","service":"auth-service","timestamp":"2025-08-30T13:37:55.027Z"}
{"level":"info","message":"request from /api/group/create having a method of POST","service":"auth-service","timestamp":"2025-08-30T13:37:55.079Z"}
{"level":"info","message":"user hit the create group controller","service":"auth-service","timestamp":"2025-08-30T13:37:55.080Z"}
{"level":"info","message":"creating a new group","service":"auth-service","timestamp":"2025-08-30T13:37:55.102Z"}
{"0":"P","1":"r","10":"a","11":"l","2":"o","3":"f","4":"e","5":"s","6":"s","7":"i","8":"o","9":"n","level":"info","message":"new group created with group name","service":"auth-service","timestamp":"2025-08-30T13:37:55.174Z"}
{"level":"warn","message":"Checking for rate limit","service":"auth-service","timestamp":"2025-08-30T13:38:14.522Z"}
{"level":"info","message":"request from /api/group/groups having a method of GET","service":"auth-service","timestamp":"2025-08-30T13:38:14.540Z"}
{"level":"info","message":"user hits the getGroups controller","service":"auth-service","timestamp":"2025-08-30T13:38:14.540Z"}
{"level":"info","message":"user fetched all groups controller","service":"auth-service","timestamp":"2025-08-30T13:38:14.577Z"}
{"level":"warn","message":"Checking for rate limit","service":"auth-service","timestamp":"2025-08-30T13:38:45.033Z"}
{"level":"info","message":"request from /api/group/68b2dc36ba9837081939b44b having a method of GET","service":"auth-service","timestamp":"2025-08-30T13:38:45.042Z"}
{"level":"info","message":"user hits the getGroup controller","service":"auth-service","timestamp":"2025-08-30T13:38:45.042Z"}
{"level":"warn","message":"Checking for rate limit","service":"auth-service","timestamp":"2025-08-30T13:39:10.658Z"}
{"level":"info","message":"request from /api/group/68b2feb3a8557427bc27c8b9 having a method of GET","service":"auth-service","timestamp":"2025-08-30T13:39:10.662Z"}
{"level":"info","message":"user hits the getGroup controller","service":"auth-service","timestamp":"2025-08-30T13:39:10.662Z"}
{"$__":{"activePaths":{"paths":{"__v":"init","_id":"init","groupMembersId":"init","groupName":"init","monthlyContribution":"init","numberOfMembers":"init","status":"init"},"states":{"default":{},"init":{"__v":true,"_id":true,"groupMembersId":true,"groupName":true,"monthlyContribution":true,"numberOfMembers":true,"status":true},"require":{}}},"skipId":true},"$isNew":false,"_doc":{"__v":0,"_id":"68b2feb3a8557427bc27c8b9","groupMembersId":[],"groupName":"Professional","monthlyContribution":70000,"numberOfMembers":4,"status":"active"},"level":"info","message":"group fetched","service":"auth-service","timestamp":"2025-08-30T13:39:10.695Z"}
{"level":"warn","message":"Checking for rate limit","service":"auth-service","timestamp":"2025-08-30T13:39:20.619Z"}
{"level":"info","message":"request from /api/group/68b2dc36ba9837081939b44b having a method of DELETE","service":"auth-service","timestamp":"2025-08-30T13:39:20.623Z"}
{"level":"info","message":"user hits the delteGroup controller","service":"auth-service","timestamp":"2025-08-30T13:39:20.625Z"}
{"level":"warn","message":"Checking for rate limit","service":"auth-service","timestamp":"2025-08-30T13:39:27.485Z"}
{"level":"info","message":"request from /api/group/68b2feb3a8557427bc27c8b9 having a method of DELETE","service":"auth-service","timestamp":"2025-08-30T13:39:27.487Z"}
{"level":"info","message":"user hits the delteGroup controller","service":"auth-service","timestamp":"2025-08-30T13:39:27.487Z"}
{"$__":{"activePaths":{"paths":{"__v":"init","_id":"init","groupMembersId":"init","groupName":"init","monthlyContribution":"init","numberOfMembers":"init","status":"init"},"states":{"default":{},"init":{"__v":true,"_id":true,"groupMembersId":true,"groupName":true,"monthlyContribution":true,"numberOfMembers":true,"status":true},"require":{}}},"skipId":true},"$isNew":false,"_doc":{"__v":0,"_id":"68b2feb3a8557427bc27c8b9","groupMembersId":[],"groupName":"Professional","monthlyContribution":70000,"numberOfMembers":4,"status":"active"},"level":"info","message":"group deleted:","service":"auth-service","timestamp":"2025-08-30T13:39:27.542Z"}
{"level":"warn","message":"Checking for rate limit","service":"auth-service","timestamp":"2025-08-30T13:39:34.911Z"}
{"level":"info","message":"request from /api/group/groups having a method of GET","service":"auth-service","timestamp":"2025-08-30T13:39:34.913Z"}
{"level":"info","message":"user hits the getGroups controller","service":"auth-service","timestamp":"2025-08-30T13:39:34.913Z"}
{"level":"info","message":"user fetched all groups controller","service":"auth-service","timestamp":"2025-08-30T13:39:34.946Z"}
{"level":"warn","message":"Checking for rate limit","service":"auth-service","timestamp":"2025-08-30T13:39:47.831Z"}
{"level":"info","message":"request from /api/group/create having a method of POST","service":"auth-service","timestamp":"2025-08-30T13:39:47.833Z"}
{"level":"info","message":"user hit the create group controller","service":"auth-service","timestamp":"2025-08-30T13:39:47.833Z"}
{"level":"info","message":"creating a new group","service":"auth-service","timestamp":"2025-08-30T13:39:47.836Z"}
{"0":"P","1":"r","10":"a","11":"l","2":"o","3":"f","4":"e","5":"s","6":"s","7":"i","8":"o","9":"n","level":"info","message":"new group created with group name","service":"auth-service","timestamp":"2025-08-30T13:39:47.871Z"}
{"level":"warn","message":"Checking for rate limit","service":"auth-service","timestamp":"2025-08-30T13:40:50.577Z"}
{"level":"info","message":"request from /api/member/addMember having a method of POST","service":"auth-service","timestamp":"2025-08-30T13:40:50.581Z"}
{"level":"info","message":"user hit the add group member controller","service":"auth-service","timestamp":"2025-08-30T13:40:50.583Z"}
{"level":"info","message":"checking if user already exist in group","service":"auth-service","timestamp":"2025-08-30T13:40:50.617Z"}
{"level":"info","message":"user with id 68b184c678fe07c18b4ffc0b is added to group Professional","service":"auth-service","timestamp":"2025-08-30T13:40:50.716Z"}
{"level":"warn","message":"Checking for rate limit","service":"auth-service","timestamp":"2025-08-30T13:41:31.685Z"}
{"level":"info","message":"request from /api/member/68b2ff62a8557427bc27c8c5 having a method of GET","service":"auth-service","timestamp":"2025-08-30T13:41:31.687Z"}
{"level":"info","message":"user hits the getGroup controller","service":"auth-service","timestamp":"2025-08-30T13:41:31.687Z"}
{"$__":{"activePaths":{"paths":{"__v":"init","_id":"init","groupId":"init","status":"init","userId":"init"},"states":{"default":{},"init":{"__v":true,"_id":true,"groupId":true,"status":true,"userId":true},"require":{}}},"skipId":true},"$isNew":false,"_doc":{"__v":0,"_id":"68b2ff62a8557427bc27c8c5","groupId":"68b2ff23a8557427bc27c8c1","status":"pending","userId":"68b184c678fe07c18b4ffc0b"},"level":"info","message":"group fetched","service":"auth-service","timestamp":"2025-08-30T13:41:31.720Z"}
{"level":"warn","message":"Checking for rate limit","service":"auth-service","timestamp":"2025-08-30T13:41:47.890Z"}
{"level":"info","message":"request from /api/member/68b2ff62a8557427bc27c8c5 having a method of DELETE","service":"auth-service","timestamp":"2025-08-30T13:41:47.892Z"}
{"level":"info","message":"user hits the delteGroup controller","service":"auth-service","timestamp":"2025-08-30T13:41:47.892Z"}
{"$__":{"activePaths":{"paths":{"__v":"init","_id":"init","groupId":"init","status":"init","userId":"init"},"states":{"default":{},"init":{"__v":true,"_id":true,"groupId":true,"status":true,"userId":true},"require":{}}},"skipId":true},"$isNew":false,"_doc":{"__v":0,"_id":"68b2ff62a8557427bc27c8c5","groupId":"68b2ff23a8557427bc27c8c1","status":"pending","userId":"68b184c678fe07c18b4ffc0b"},"level":"info","message":"member deleted from a group:","service":"auth-service","timestamp":"2025-08-30T13:41:47.928Z"}
{"level":"warn","message":"Checking for rate limit","service":"auth-service","timestamp":"2025-08-30T13:41:52.944Z"}
{"level":"info","message":"request from /api/member/68b2ff62a8557427bc27c8c5 having a method of GET","service":"auth-service","timestamp":"2025-08-30T13:41:52.947Z"}
{"level":"info","message":"user hits the getGroup controller","service":"auth-service","timestamp":"2025-08-30T13:41:52.947Z"}
{"level":"info","message":"intended member not found in Db","service":"auth-service","timestamp":"2025-08-30T13:41:52.980Z"}
{"level":"warn","message":"Checking for rate limit","service":"auth-service","timestamp":"2025-08-30T13:41:56.815Z"}
{"level":"info","message":"request from /api/member/addMember having a method of POST","service":"auth-service","timestamp":"2025-08-30T13:41:56.822Z"}
{"level":"info","message":"user hit the add group member controller","service":"auth-service","timestamp":"2025-08-30T13:41:56.822Z"}
{"level":"info","message":"checking if user already exist in group","service":"auth-service","timestamp":"2025-08-30T13:41:56.857Z"}
{"level":"info","message":"user with id 68b184c678fe07c18b4ffc0b is added to group Professional","service":"auth-service","timestamp":"2025-08-30T13:41:56.926Z"}
{"level":"warn","message":"Checking for rate limit","service":"auth-service","timestamp":"2025-08-30T13:43:11.799Z"}
{"level":"info","message":"request from /api/group/68b2feb3a8557427bc27c8b9 having a method of GET","service":"auth-service","timestamp":"2025-08-30T13:43:11.802Z"}
{"level":"info","message":"user hits the getGroup controller","service":"auth-service","timestamp":"2025-08-30T13:43:11.802Z"}
{"level":"warn","message":"Checking for rate limit","service":"auth-service","timestamp":"2025-08-30T13:43:20.224Z"}
{"level":"info","message":"request from /api/group/groups having a method of GET","service":"auth-service","timestamp":"2025-08-30T13:43:20.225Z"}
{"level":"info","message":"user hits the getGroups controller","service":"auth-service","timestamp":"2025-08-30T13:43:20.225Z"}
{"level":"info","message":"user fetched all groups controller","service":"auth-service","timestamp":"2025-08-30T13:43:20.261Z"}
{"level":"warn","message":"Checking for rate limit","service":"auth-service","timestamp":"2025-08-30T13:43:44.659Z"}
{"level":"info","message":"request from /api/group/68b2ff23a8557427bc27c8c1 having a method of GET","service":"auth-service","timestamp":"2025-08-30T13:43:44.661Z"}
{"level":"info","message":"user hits the getGroup controller","service":"auth-service","timestamp":"2025-08-30T13:43:44.661Z"}
{"$__":{"activePaths":{"paths":{"__v":"init","_id":"init","groupMembersId":"init","groupName":"init","monthlyContribution":"init","numberOfMembers":"init","status":"init"},"states":{"default":{},"init":{"__v":true,"_id":true,"groupMembersId":true,"groupName":true,"monthlyContribution":true,"numberOfMembers":true,"status":true},"require":{}}},"skipId":true},"$isNew":false,"_doc":{"__v":0,"_id":"68b2ff23a8557427bc27c8c1","groupMembersId":[],"groupName":"Professional","monthlyContribution":70000,"numberOfMembers":4,"status":"active"},"level":"info","message":"group fetched","service":"auth-service","timestamp":"2025-08-30T13:43:44.697Z"}
{"level":"info","message":"DB connection started","service":"auth-service","timestamp":"2025-08-30T13:45:20.697Z"}
{"level":"info","message":"Successfully connected to Redis","service":"auth-service","timestamp":"2025-08-30T13:45:20.723Z"}
{"level":"info","message":"Redis client is ready","service":"auth-service","timestamp":"2025-08-30T13:45:20.737Z"}
{"level":"info","message":"MongoDb  connected successfully","service":"auth-service","timestamp":"2025-08-30T13:45:21.243Z"}
{"level":"info","message":"App started at port 8001","service":"auth-service","timestamp":"2025-08-30T13:45:21.244Z"}
{"level":"info","message":"DB connection started","service":"auth-service","timestamp":"2025-08-30T13:46:02.983Z"}
{"level":"info","message":"Successfully connected to Redis","service":"auth-service","timestamp":"2025-08-30T13:46:03.000Z"}
{"level":"info","message":"Redis client is ready","service":"auth-service","timestamp":"2025-08-30T13:46:03.006Z"}
{"level":"info","message":"MongoDb  connected successfully","service":"auth-service","timestamp":"2025-08-30T13:46:03.474Z"}
{"level":"info","message":"App started at port 8001","service":"auth-service","timestamp":"2025-08-30T13:46:03.475Z"}
{"level":"warn","message":"Checking for rate limit","service":"auth-service","timestamp":"2025-08-30T13:47:43.565Z"}
{"level":"info","message":"request from /api/group/groups having a method of GET","service":"auth-service","timestamp":"2025-08-30T13:47:43.574Z"}
{"level":"info","message":"user hits the getGroups controller","service":"auth-service","timestamp":"2025-08-30T13:47:43.578Z"}
{"level":"info","message":"user fetched all groups controller","service":"auth-service","timestamp":"2025-08-30T13:47:43.622Z"}
{"level":"warn","message":"Checking for rate limit","service":"auth-service","timestamp":"2025-08-30T13:47:58.624Z"}
{"level":"info","message":"request from /api/member/addMember having a method of POST","service":"auth-service","timestamp":"2025-08-30T13:47:58.626Z"}
{"level":"info","message":"user hit the add group member controller","service":"auth-service","timestamp":"2025-08-30T13:47:58.626Z"}
{"0":"6","1":"8","10":"5","11":"5","12":"7","13":"4","14":"2","15":"7","16":"b","17":"c","18":"2","19":"7","2":"b","20":"c","21":"8","22":"c","23":"1","3":"2","4":"f","5":"f","6":"2","7":"3","8":"a","9":"8","level":"warn","message":"attempt to add user to group that doesn't exist, with Id","service":"auth-service","timestamp":"2025-08-30T13:47:58.835Z"}
{"level":"warn","message":"Checking for rate limit","service":"auth-service","timestamp":"2025-08-30T13:48:05.430Z"}
{"level":"info","message":"request from /api/group/create having a method of POST","service":"auth-service","timestamp":"2025-08-30T13:48:05.431Z"}
{"level":"info","message":"user hit the create group controller","service":"auth-service","timestamp":"2025-08-30T13:48:05.432Z"}
{"level":"info","message":"creating a new group","service":"auth-service","timestamp":"2025-08-30T13:48:05.432Z"}
{"0":"P","1":"r","10":"a","11":"l","2":"o","3":"f","4":"e","5":"s","6":"s","7":"i","8":"o","9":"n","level":"info","message":"new group created with group name","service":"auth-service","timestamp":"2025-08-30T13:48:05.501Z"}
{"level":"warn","message":"Checking for rate limit","service":"auth-service","timestamp":"2025-08-30T13:48:21.193Z"}
{"level":"info","message":"request from /api/group/groups having a method of GET","service":"auth-service","timestamp":"2025-08-30T13:48:21.205Z"}
{"level":"info","message":"user hits the getGroups controller","service":"auth-service","timestamp":"2025-08-30T13:48:21.206Z"}
{"level":"info","message":"user fetched all groups controller","service":"auth-service","timestamp":"2025-08-30T13:48:21.246Z"}
{"level":"warn","message":"Checking for rate limit","service":"auth-service","timestamp":"2025-08-30T13:48:36.430Z"}
{"level":"info","message":"request from /api/member/addMember having a method of POST","service":"auth-service","timestamp":"2025-08-30T13:48:36.435Z"}
{"level":"info","message":"user hit the add group member controller","service":"auth-service","timestamp":"2025-08-30T13:48:36.436Z"}
{"level":"info","message":"checking if user already exist in group","service":"auth-service","timestamp":"2025-08-30T13:48:36.474Z"}
{"level":"info","message":"user with id 68b184c678fe07c18b4ffc0b is added to group Professional","service":"auth-service","timestamp":"2025-08-30T13:48:36.556Z"}
{"level":"warn","message":"Checking for rate limit","service":"auth-service","timestamp":"2025-08-30T13:48:44.791Z"}
{"level":"info","message":"request from /api/group/groups having a method of GET","service":"auth-service","timestamp":"2025-08-30T13:48:44.796Z"}
{"level":"info","message":"user hits the getGroups controller","service":"auth-service","timestamp":"2025-08-30T13:48:44.796Z"}
{"level":"info","message":"user fetched all groups controller","service":"auth-service","timestamp":"2025-08-30T13:48:44.828Z"}
{"level":"warn","message":"Checking for rate limit","service":"auth-service","timestamp":"2025-08-30T13:49:20.885Z"}
{"level":"info","message":"request from /api/group/members/68b30115b2a5b1867384dc04 having a method of GET","service":"auth-service","timestamp":"2025-08-30T13:49:20.887Z"}
{"level":"info","message":"user hits the delteGroup controller","service":"auth-service","timestamp":"2025-08-30T13:49:20.891Z"}
{"$__":{"activePaths":{"paths":{"__v":"init","_id":"init","groupMembersId":"init","groupName":"init","monthlyContribution":"init","numberOfMembers":"init","status":"init"},"states":{"default":{},"init":{"__v":true,"_id":true,"groupMembersId":true,"groupName":true,"monthlyContribution":true,"numberOfMembers":true,"status":true},"require":{}}},"populated":{"groupMembersId":{"options":{"_childDocs":[],"_docs":{"68b30115b2a5b1867384dc04":[]},"_queryProjection":null,"path":"groupMembersId"},"value":[]}},"skipId":true},"$isNew":false,"_doc":{"__v":0,"_id":"68b30115b2a5b1867384dc04","groupMembersId":[],"groupName":"Professional","monthlyContribution":70000,"numberOfMembers":4,"status":"active"},"level":"info","message":"group deleted:","service":"auth-service","timestamp":"2025-08-30T13:49:20.956Z"}
{"level":"info","message":"DB connection started","service":"auth-service","timestamp":"2025-08-30T13:51:15.731Z"}
{"level":"info","message":"Successfully connected to Redis","service":"auth-service","timestamp":"2025-08-30T13:51:15.752Z"}
{"level":"info","message":"Redis client is ready","service":"auth-service","timestamp":"2025-08-30T13:51:15.762Z"}
{"level":"info","message":"MongoDb  connected successfully","service":"auth-service","timestamp":"2025-08-30T13:51:16.296Z"}
{"level":"info","message":"App started at port 8001","service":"auth-service","timestamp":"2025-08-30T13:51:16.298Z"}
{"level":"info","message":"DB connection started","service":"auth-service","timestamp":"2025-08-30T13:51:37.168Z"}
{"level":"info","message":"Successfully connected to Redis","service":"auth-service","timestamp":"2025-08-30T13:51:37.190Z"}
{"level":"info","message":"Redis client is ready","service":"auth-service","timestamp":"2025-08-30T13:51:37.193Z"}
{"level":"info","message":"MongoDb  connected successfully","service":"auth-service","timestamp":"2025-08-30T13:51:37.758Z"}
{"level":"info","message":"App started at port 8001","service":"auth-service","timestamp":"2025-08-30T13:51:37.758Z"}
{"level":"info","message":"DB connection started","service":"auth-service","timestamp":"2025-08-30T13:51:50.809Z"}
{"level":"info","message":"Successfully connected to Redis","service":"auth-service","timestamp":"2025-08-30T13:51:50.831Z"}
{"level":"info","message":"Redis client is ready","service":"auth-service","timestamp":"2025-08-30T13:51:50.838Z"}
{"level":"info","message":"MongoDb  connected successfully","service":"auth-service","timestamp":"2025-08-30T13:51:51.275Z"}
{"level":"info","message":"App started at port 8001","service":"auth-service","timestamp":"2025-08-30T13:51:51.276Z"}
{"level":"info","message":"DB connection started","service":"auth-service","timestamp":"2025-08-30T13:53:42.961Z"}
{"level":"info","message":"Successfully connected to Redis","service":"auth-service","timestamp":"2025-08-30T13:53:42.986Z"}
{"level":"info","message":"Redis client is ready","service":"auth-service","timestamp":"2025-08-30T13:53:42.988Z"}
{"level":"info","message":"MongoDb  connected successfully","service":"auth-service","timestamp":"2025-08-30T13:53:45.792Z"}
{"level":"info","message":"App started at port 8001","service":"auth-service","timestamp":"2025-08-30T13:53:45.793Z"}
{"level":"info","message":"DB connection started","service":"auth-service","timestamp":"2025-08-30T13:54:49.564Z"}
{"level":"info","message":"Successfully connected to Redis","service":"auth-service","timestamp":"2025-08-30T13:54:49.588Z"}
{"level":"info","message":"Redis client is ready","service":"auth-service","timestamp":"2025-08-30T13:54:49.589Z"}
{"level":"info","message":"MongoDb  connected successfully","service":"auth-service","timestamp":"2025-08-30T13:54:51.337Z"}
{"level":"info","message":"App started at port 8001","service":"auth-service","timestamp":"2025-08-30T13:54:51.337Z"}
{"level":"info","message":"DB connection started","service":"auth-service","timestamp":"2025-08-30T13:54:56.365Z"}
{"level":"info","message":"Successfully connected to Redis","service":"auth-service","timestamp":"2025-08-30T13:54:56.391Z"}
{"level":"info","message":"Redis client is ready","service":"auth-service","timestamp":"2025-08-30T13:54:56.393Z"}
{"level":"info","message":"MongoDb  connected successfully","service":"auth-service","timestamp":"2025-08-30T13:54:58.348Z"}
{"level":"info","message":"App started at port 8001","service":"auth-service","timestamp":"2025-08-30T13:54:58.349Z"}
{"level":"warn","message":"Checking for rate limit","service":"auth-service","timestamp":"2025-08-30T13:55:49.319Z"}
{"level":"info","message":"request from /api/group/members/68b30115b2a5b1867384dc04 having a method of GET","service":"auth-service","timestamp":"2025-08-30T13:55:49.346Z"}
{"level":"info","message":"user hits the delteGroup controller","service":"auth-service","timestamp":"2025-08-30T13:55:49.355Z"}
{"0":{"__v":0,"_id":"68b30134b2a5b1867384dc09","groupId":"68b30115b2a5b1867384dc04","status":"pending","userId":"68b184c678fe07c18b4ffc0b"},"level":"info","message":"group deleted:","service":"auth-service","timestamp":"2025-08-30T13:55:49.661Z"}
{"level":"info","message":"DB connection started","service":"auth-service","timestamp":"2025-08-30T13:57:55.442Z"}
{"level":"info","message":"Successfully connected to Redis","service":"auth-service","timestamp":"2025-08-30T13:57:55.463Z"}
{"level":"info","message":"Redis client is ready","service":"auth-service","timestamp":"2025-08-30T13:57:55.465Z"}
{"level":"info","message":"MongoDb  connected successfully","service":"auth-service","timestamp":"2025-08-30T13:57:58.659Z"}
{"level":"info","message":"App started at port 8001","service":"auth-service","timestamp":"2025-08-30T13:57:58.659Z"}
{"level":"info","message":"DB connection started","service":"auth-service","timestamp":"2025-08-30T13:58:25.645Z"}
{"level":"info","message":"Successfully connected to Redis","service":"auth-service","timestamp":"2025-08-30T13:58:25.669Z"}
{"level":"info","message":"Redis client is ready","service":"auth-service","timestamp":"2025-08-30T13:58:25.672Z"}
{"level":"info","message":"DB connection started","service":"auth-service","timestamp":"2025-08-30T13:58:28.961Z"}
{"level":"info","message":"Successfully connected to Redis","service":"auth-service","timestamp":"2025-08-30T13:58:28.983Z"}
{"level":"info","message":"Redis client is ready","service":"auth-service","timestamp":"2025-08-30T13:58:29.013Z"}
{"level":"info","message":"MongoDb  connected successfully","service":"auth-service","timestamp":"2025-08-30T13:58:30.099Z"}
{"level":"info","message":"App started at port 8001","service":"auth-service","timestamp":"2025-08-30T13:58:30.100Z"}
{"level":"warn","message":"Checking for rate limit","service":"auth-service","timestamp":"2025-08-30T13:58:36.824Z"}
{"level":"info","message":"request from /api/group/members/68b30115b2a5b1867384dc04 having a method of GET","service":"auth-service","timestamp":"2025-08-30T13:58:36.841Z"}
{"level":"info","message":"user hits the delteGroup controller","service":"auth-service","timestamp":"2025-08-30T13:58:36.842Z"}
{"level":"error","message":"Schema hasn't been registered for model \"User\".\nUse mongoose.model(name, schema)","service":"auth-service","stack":"MissingSchemaError: Schema hasn't been registered for model \"User\".\nUse mongoose.model(name, schema)\n    at NativeConnection.model (/Users/home/Desktop/projects/ROSCA/rusca-microservices-server/contribution-services/node_modules/mongoose/lib/connection.js:1493:13)\n    at _getModelFromConn (/Users/home/Desktop/projects/ROSCA/rusca-microservices-server/contribution-services/node_modules/mongoose/lib/helpers/populate/getModelsMapForPopulate.js:579:15)\n    at addModelNamesToMap (/Users/home/Desktop/projects/ROSCA/rusca-microservices-server/contribution-services/node_modules/mongoose/lib/helpers/populate/getModelsMapForPopulate.js:507:17)\n    at getModelsMapForPopulate (/Users/home/Desktop/projects/ROSCA/rusca-microservices-server/contribution-services/node_modules/mongoose/lib/helpers/populate/getModelsMapForPopulate.js:208:7)\n    at _populatePath (/Users/home/Desktop/projects/ROSCA/rusca-microservices-server/contribution-services/node_modules/mongoose/lib/model.js:4469:21)\n    at model.populate (/Users/home/Desktop/projects/ROSCA/rusca-microservices-server/contribution-services/node_modules/mongoose/lib/model.js:4436:21)\n    at model.Query._find (/Users/home/Desktop/projects/ROSCA/rusca-microservices-server/contribution-services/node_modules/mongoose/lib/query.js:2433:20)\n    at processTicksAndRejections (node:internal/process/task_queues:105:5)\n    at async model.Query.exec (/Users/home/Desktop/projects/ROSCA/rusca-microservices-server/contribution-services/node_modules/mongoose/lib/query.js:4604:63)\n    at async getGroupMembers (/Users/home/Desktop/projects/ROSCA/rusca-microservices-server/contribution-services/src/controllers/groupController.ts:222:19)","timestamp":"2025-08-30T13:58:36.931Z"}
{"level":"error","message":"Schema hasn't been registered for model \"User\".\nUse mongoose.model(name, schema)","service":"auth-service","timestamp":"2025-08-30T13:58:36.938Z"}
{"level":"info","message":"DB connection started","service":"auth-service","timestamp":"2025-08-30T13:58:47.733Z"}
{"level":"info","message":"Successfully connected to Redis","service":"auth-service","timestamp":"2025-08-30T13:58:47.754Z"}
{"level":"info","message":"Redis client is ready","service":"auth-service","timestamp":"2025-08-30T13:58:47.757Z"}
{"level":"info","message":"MongoDb  connected successfully","service":"auth-service","timestamp":"2025-08-30T13:58:48.823Z"}
{"level":"info","message":"App started at port 8001","service":"auth-service","timestamp":"2025-08-30T13:58:48.823Z"}
{"level":"warn","message":"Checking for rate limit","service":"auth-service","timestamp":"2025-08-30T13:59:22.096Z"}
{"level":"info","message":"request from /api/group/members/68b30115b2a5b1867384dc04 having a method of GET","service":"auth-service","timestamp":"2025-08-30T13:59:22.100Z"}
{"level":"info","message":"user hits the delteGroup controller","service":"auth-service","timestamp":"2025-08-30T13:59:22.100Z"}
{"0":{"__v":0,"_id":"68b30134b2a5b1867384dc09","groupId":"68b30115b2a5b1867384dc04","status":"pending","userId":"68b184c678fe07c18b4ffc0b"},"level":"info","message":"group deleted:","service":"auth-service","timestamp":"2025-08-30T13:59:22.514Z"}
{"level":"warn","message":"Checking for rate limit","service":"auth-service","timestamp":"2025-08-30T14:00:19.976Z"}
{"level":"info","message":"request from /api/group/create having a method of POST","service":"auth-service","timestamp":"2025-08-30T14:00:19.979Z"}
{"level":"info","message":"user hit the create group controller","service":"auth-service","timestamp":"2025-08-30T14:00:19.980Z"}
{"level":"info","message":"creating a new group","service":"auth-service","timestamp":"2025-08-30T14:00:19.982Z"}
{"0":"G","1":"o","2":"l","3":"d","level":"info","message":"new group created with group name","service":"auth-service","timestamp":"2025-08-30T14:00:20.071Z"}
{"level":"warn","message":"Checking for rate limit","service":"auth-service","timestamp":"2025-08-30T14:01:22.982Z"}
{"level":"info","message":"request from /api/group/groups having a method of GET","service":"auth-service","timestamp":"2025-08-30T14:01:22.983Z"}
{"level":"info","message":"user hits the getGroups controller","service":"auth-service","timestamp":"2025-08-30T14:01:22.984Z"}
{"level":"info","message":"user fetched all groups controller","service":"auth-service","timestamp":"2025-08-30T14:01:23.598Z"}
{"level":"info","message":"DB connection started","service":"auth-service","timestamp":"2025-08-30T14:02:24.851Z"}
{"level":"info","message":"Successfully connected to Redis","service":"auth-service","timestamp":"2025-08-30T14:02:24.883Z"}
{"level":"info","message":"Redis client is ready","service":"auth-service","timestamp":"2025-08-30T14:02:24.888Z"}
{"level":"info","message":"MongoDb  connected successfully","service":"auth-service","timestamp":"2025-08-30T14:02:25.489Z"}
{"level":"info","message":"App started at port 8001","service":"auth-service","timestamp":"2025-08-30T14:02:25.489Z"}
{"level":"warn","message":"Checking for rate limit","service":"auth-service","timestamp":"2025-08-30T14:03:26.816Z"}
{"level":"info","message":"request from /api/member/addMember having a method of POST","service":"auth-service","timestamp":"2025-08-30T14:03:26.832Z"}
{"level":"info","message":"user hit the add group member controller","service":"auth-service","timestamp":"2025-08-30T14:03:26.835Z"}
{"level":"info","message":"checking if user already exist in group","service":"auth-service","timestamp":"2025-08-30T14:03:26.890Z"}
{"level":"warn","message":"Checking for rate limit","service":"auth-service","timestamp":"2025-08-30T14:03:48.144Z"}
{"level":"info","message":"request from /api/group/members/68b30115b2a5b1867384dc04 having a method of GET","service":"auth-service","timestamp":"2025-08-30T14:03:48.149Z"}
{"level":"info","message":"user hits the delteGroup controller","service":"auth-service","timestamp":"2025-08-30T14:03:48.150Z"}
{"0":{"__v":0,"_id":"68b30134b2a5b1867384dc09","groupId":"68b30115b2a5b1867384dc04","status":"pending","userId":"68b184c678fe07c18b4ffc0b"},"level":"info","message":"group deleted:","service":"auth-service","timestamp":"2025-08-30T14:03:48.347Z"}
{"level":"info","message":"DB connection started","service":"auth-service","timestamp":"2025-08-30T14:05:07.084Z"}
{"level":"info","message":"Successfully connected to Redis","service":"auth-service","timestamp":"2025-08-30T14:05:07.106Z"}
{"level":"info","message":"Redis client is ready","service":"auth-service","timestamp":"2025-08-30T14:05:07.110Z"}
{"level":"info","message":"DB connection started","service":"auth-service","timestamp":"2025-08-30T14:05:13.641Z"}
{"level":"info","message":"Successfully connected to Redis","service":"auth-service","timestamp":"2025-08-30T14:05:13.664Z"}
{"level":"info","message":"Redis client is ready","service":"auth-service","timestamp":"2025-08-30T14:05:13.666Z"}
{"level":"info","message":"MongoDb  connected successfully","service":"auth-service","timestamp":"2025-08-30T14:05:14.221Z"}
{"level":"info","message":"App started at port 8001","service":"auth-service","timestamp":"2025-08-30T14:05:14.222Z"}
{"level":"info","message":"DB connection started","service":"auth-service","timestamp":"2025-08-30T14:05:17.190Z"}
{"level":"info","message":"Successfully connected to Redis","service":"auth-service","timestamp":"2025-08-30T14:05:17.199Z"}
{"level":"info","message":"Redis client is ready","service":"auth-service","timestamp":"2025-08-30T14:05:17.202Z"}
{"level":"info","message":"DB connection started","service":"auth-service","timestamp":"2025-08-30T14:06:28.796Z"}
{"level":"info","message":"Successfully connected to Redis","service":"auth-service","timestamp":"2025-08-30T14:06:28.857Z"}
{"level":"info","message":"Redis client is ready","service":"auth-service","timestamp":"2025-08-30T14:06:28.860Z"}
{"level":"info","message":"MongoDb  connected successfully","service":"auth-service","timestamp":"2025-08-30T14:06:29.552Z"}
{"level":"info","message":"App started at port 8001","service":"auth-service","timestamp":"2025-08-30T14:06:29.553Z"}
{"level":"info","message":"DB connection started","service":"auth-service","timestamp":"2025-08-30T14:07:01.981Z"}
{"level":"info","message":"Successfully connected to Redis","service":"auth-service","timestamp":"2025-08-30T14:07:02.012Z"}
{"level":"info","message":"Redis client is ready","service":"auth-service","timestamp":"2025-08-30T14:07:02.017Z"}
{"level":"info","message":"MongoDb  connected successfully","service":"auth-service","timestamp":"2025-08-30T14:07:02.523Z"}
{"level":"info","message":"App started at port 8001","service":"auth-service","timestamp":"2025-08-30T14:07:02.523Z"}
{"level":"info","message":"DB connection started","service":"auth-service","timestamp":"2025-08-30T14:07:20.480Z"}
{"level":"info","message":"Successfully connected to Redis","service":"auth-service","timestamp":"2025-08-30T14:07:20.491Z"}
{"level":"info","message":"Redis client is ready","service":"auth-service","timestamp":"2025-08-30T14:07:20.493Z"}
{"level":"info","message":"MongoDb  connected successfully","service":"auth-service","timestamp":"2025-08-30T14:07:21.063Z"}
{"level":"info","message":"App started at port 8001","service":"auth-service","timestamp":"2025-08-30T14:07:21.064Z"}
{"level":"info","message":"DB connection started","service":"auth-service","timestamp":"2025-08-30T14:07:44.348Z"}
{"level":"info","message":"Successfully connected to Redis","service":"auth-service","timestamp":"2025-08-30T14:07:44.380Z"}
{"level":"info","message":"Redis client is ready","service":"auth-service","timestamp":"2025-08-30T14:07:44.386Z"}
{"level":"info","message":"MongoDb  connected successfully","service":"auth-service","timestamp":"2025-08-30T14:07:44.980Z"}
{"level":"info","message":"App started at port 8001","service":"auth-service","timestamp":"2025-08-30T14:07:44.980Z"}
{"level":"info","message":"DB connection started","service":"auth-service","timestamp":"2025-08-30T14:08:02.975Z"}
{"level":"info","message":"Successfully connected to Redis","service":"auth-service","timestamp":"2025-08-30T14:08:02.993Z"}
{"level":"info","message":"Redis client is ready","service":"auth-service","timestamp":"2025-08-30T14:08:02.997Z"}
{"level":"info","message":"MongoDb  connected successfully","service":"auth-service","timestamp":"2025-08-30T14:08:04.126Z"}
{"level":"info","message":"App started at port 8001","service":"auth-service","timestamp":"2025-08-30T14:08:04.127Z"}
{"level":"info","message":"DB connection started","service":"auth-service","timestamp":"2025-08-30T14:08:09.713Z"}
{"level":"info","message":"Successfully connected to Redis","service":"auth-service","timestamp":"2025-08-30T14:08:09.733Z"}
{"level":"info","message":"Redis client is ready","service":"auth-service","timestamp":"2025-08-30T14:08:09.735Z"}
{"level":"info","message":"MongoDb  connected successfully","service":"auth-service","timestamp":"2025-08-30T14:08:10.265Z"}
{"level":"info","message":"App started at port 8001","service":"auth-service","timestamp":"2025-08-30T14:08:10.265Z"}
{"level":"info","message":"DB connection started","service":"auth-service","timestamp":"2025-08-30T14:08:57.683Z"}
{"level":"info","message":"Successfully connected to Redis","service":"auth-service","timestamp":"2025-08-30T14:08:57.694Z"}
{"level":"info","message":"Redis client is ready","service":"auth-service","timestamp":"2025-08-30T14:08:57.696Z"}
{"level":"info","message":"MongoDb  connected successfully","service":"auth-service","timestamp":"2025-08-30T14:08:58.379Z"}
{"level":"info","message":"App started at port 8001","service":"auth-service","timestamp":"2025-08-30T14:08:58.380Z"}
{"level":"info","message":"DB connection started","service":"auth-service","timestamp":"2025-08-30T14:09:00.906Z"}
{"level":"info","message":"Successfully connected to Redis","service":"auth-service","timestamp":"2025-08-30T14:09:00.926Z"}
{"level":"info","message":"Redis client is ready","service":"auth-service","timestamp":"2025-08-30T14:09:00.928Z"}
{"level":"info","message":"MongoDb  connected successfully","service":"auth-service","timestamp":"2025-08-30T14:09:01.394Z"}
{"level":"info","message":"App started at port 8001","service":"auth-service","timestamp":"2025-08-30T14:09:01.395Z"}
{"level":"info","message":"DB connection started","service":"auth-service","timestamp":"2025-08-30T14:24:21.915Z"}
{"level":"info","message":"Successfully connected to Redis","service":"auth-service","timestamp":"2025-08-30T14:24:21.940Z"}
{"level":"info","message":"Redis client is ready","service":"auth-service","timestamp":"2025-08-30T14:24:21.951Z"}
{"level":"info","message":"MongoDb  connected successfully","service":"auth-service","timestamp":"2025-08-30T14:24:22.507Z"}
{"level":"info","message":"App started at port 8001","service":"auth-service","timestamp":"2025-08-30T14:24:22.507Z"}
{"level":"info","message":"DB connection started","service":"auth-service","timestamp":"2025-08-30T14:25:12.961Z"}
{"level":"info","message":"Successfully connected to Redis","service":"auth-service","timestamp":"2025-08-30T14:25:12.978Z"}
{"level":"info","message":"Redis client is ready","service":"auth-service","timestamp":"2025-08-30T14:25:12.984Z"}
{"level":"info","message":"DB connection started","service":"auth-service","timestamp":"2025-08-30T14:25:15.838Z"}
{"level":"info","message":"Successfully connected to Redis","service":"auth-service","timestamp":"2025-08-30T14:25:15.849Z"}
{"level":"info","message":"Redis client is ready","service":"auth-service","timestamp":"2025-08-30T14:25:15.850Z"}
{"level":"info","message":"MongoDb  connected successfully","service":"auth-service","timestamp":"2025-08-30T14:25:16.342Z"}
{"level":"info","message":"App started at port 8001","service":"auth-service","timestamp":"2025-08-30T14:25:16.342Z"}
{"level":"info","message":"DB connection started","service":"auth-service","timestamp":"2025-08-30T14:25:18.025Z"}
{"level":"info","message":"Successfully connected to Redis","service":"auth-service","timestamp":"2025-08-30T14:25:18.043Z"}
{"level":"info","message":"Redis client is ready","service":"auth-service","timestamp":"2025-08-30T14:25:18.054Z"}
{"level":"info","message":"MongoDb  connected successfully","service":"auth-service","timestamp":"2025-08-30T14:25:18.545Z"}
{"level":"info","message":"App started at port 8001","service":"auth-service","timestamp":"2025-08-30T14:25:18.546Z"}
{"level":"info","message":"DB connection started","service":"auth-service","timestamp":"2025-08-30T14:25:21.688Z"}
{"level":"info","message":"Successfully connected to Redis","service":"auth-service","timestamp":"2025-08-30T14:25:21.739Z"}
{"level":"info","message":"Redis client is ready","service":"auth-service","timestamp":"2025-08-30T14:25:21.744Z"}
{"level":"info","message":"DB connection started","service":"auth-service","timestamp":"2025-08-30T14:25:29.807Z"}
{"level":"info","message":"DB connection started","service":"auth-service","timestamp":"2025-08-30T14:25:36.202Z"}
{"level":"info","message":"Successfully connected to Redis","service":"auth-service","timestamp":"2025-08-30T14:25:36.223Z"}
{"level":"info","message":"Redis client is ready","service":"auth-service","timestamp":"2025-08-30T14:25:36.225Z"}
{"level":"info","message":"MongoDb  connected successfully","service":"auth-service","timestamp":"2025-08-30T14:25:36.811Z"}
{"level":"info","message":"App started at port 8001","service":"auth-service","timestamp":"2025-08-30T14:25:36.811Z"}
{"level":"info","message":"DB connection started","service":"auth-service","timestamp":"2025-08-30T14:25:44.673Z"}
{"level":"info","message":"Successfully connected to Redis","service":"auth-service","timestamp":"2025-08-30T14:25:44.705Z"}
{"level":"info","message":"Redis client is ready","service":"auth-service","timestamp":"2025-08-30T14:25:44.709Z"}
{"level":"info","message":"MongoDb  connected successfully","service":"auth-service","timestamp":"2025-08-30T14:25:45.299Z"}
{"level":"info","message":"App started at port 8001","service":"auth-service","timestamp":"2025-08-30T14:25:45.299Z"}
{"level":"info","message":"DB connection started","service":"auth-service","timestamp":"2025-08-30T14:26:00.465Z"}
{"level":"info","message":"Successfully connected to Redis","service":"auth-service","timestamp":"2025-08-30T14:26:00.483Z"}
{"level":"info","message":"Redis client is ready","service":"auth-service","timestamp":"2025-08-30T14:26:00.485Z"}
{"level":"info","message":"DB connection started","service":"auth-service","timestamp":"2025-08-30T14:26:02.475Z"}
{"level":"info","message":"Successfully connected to Redis","service":"auth-service","timestamp":"2025-08-30T14:26:02.492Z"}
{"level":"info","message":"Redis client is ready","service":"auth-service","timestamp":"2025-08-30T14:26:02.494Z"}
{"level":"info","message":"MongoDb  connected successfully","service":"auth-service","timestamp":"2025-08-30T14:26:02.972Z"}
{"level":"info","message":"App started at port 8001","service":"auth-service","timestamp":"2025-08-30T14:26:02.973Z"}
{"level":"info","message":"DB connection started","service":"auth-service","timestamp":"2025-08-30T14:26:06.202Z"}
{"level":"info","message":"Successfully connected to Redis","service":"auth-service","timestamp":"2025-08-30T14:26:06.215Z"}
{"level":"info","message":"Redis client is ready","service":"auth-service","timestamp":"2025-08-30T14:26:06.216Z"}
{"level":"info","message":"MongoDb  connected successfully","service":"auth-service","timestamp":"2025-08-30T14:26:06.777Z"}
{"level":"info","message":"App started at port 8001","service":"auth-service","timestamp":"2025-08-30T14:26:06.778Z"}
{"level":"info","message":"DB connection started","service":"auth-service","timestamp":"2025-08-30T14:26:11.039Z"}
{"level":"info","message":"Successfully connected to Redis","service":"auth-service","timestamp":"2025-08-30T14:26:11.060Z"}
{"level":"info","message":"Redis client is ready","service":"auth-service","timestamp":"2025-08-30T14:26:11.062Z"}
{"level":"info","message":"MongoDb  connected successfully","service":"auth-service","timestamp":"2025-08-30T14:26:11.666Z"}
{"level":"info","message":"App started at port 8001","service":"auth-service","timestamp":"2025-08-30T14:26:11.667Z"}
{"level":"info","message":"DB connection started","service":"auth-service","timestamp":"2025-08-30T14:26:14.665Z"}
{"level":"info","message":"Successfully connected to Redis","service":"auth-service","timestamp":"2025-08-30T14:26:14.682Z"}
{"level":"info","message":"Redis client is ready","service":"auth-service","timestamp":"2025-08-30T14:26:14.683Z"}
{"level":"info","message":"MongoDb  connected successfully","service":"auth-service","timestamp":"2025-08-30T14:26:15.169Z"}
{"level":"info","message":"App started at port 8001","service":"auth-service","timestamp":"2025-08-30T14:26:15.169Z"}
{"level":"info","message":"DB connection started","service":"auth-service","timestamp":"2025-08-30T14:26:39.177Z"}
{"level":"info","message":"Successfully connected to Redis","service":"auth-service","timestamp":"2025-08-30T14:26:39.203Z"}
{"level":"info","message":"Redis client is ready","service":"auth-service","timestamp":"2025-08-30T14:26:39.206Z"}
{"level":"info","message":"MongoDb  connected successfully","service":"auth-service","timestamp":"2025-08-30T14:26:39.705Z"}
{"level":"info","message":"App started at port 8001","service":"auth-service","timestamp":"2025-08-30T14:26:39.706Z"}
{"level":"info","message":"DB connection started","service":"auth-service","timestamp":"2025-08-30T14:27:55.362Z"}
{"level":"info","message":"Successfully connected to Redis","service":"auth-service","timestamp":"2025-08-30T14:27:55.371Z"}
{"level":"info","message":"Redis client is ready","service":"auth-service","timestamp":"2025-08-30T14:27:55.373Z"}
{"level":"info","message":"MongoDb  connected successfully","service":"auth-service","timestamp":"2025-08-30T14:27:55.933Z"}
{"level":"info","message":"App started at port 8001","service":"auth-service","timestamp":"2025-08-30T14:27:55.933Z"}
{"level":"info","message":"DB connection started","service":"auth-service","timestamp":"2025-08-30T14:27:59.653Z"}
{"level":"info","message":"Successfully connected to Redis","service":"auth-service","timestamp":"2025-08-30T14:27:59.671Z"}
{"level":"info","message":"Redis client is ready","service":"auth-service","timestamp":"2025-08-30T14:27:59.673Z"}
{"level":"info","message":"MongoDb  connected successfully","service":"auth-service","timestamp":"2025-08-30T14:28:00.163Z"}
{"level":"info","message":"App started at port 8001","service":"auth-service","timestamp":"2025-08-30T14:28:00.163Z"}
{"level":"info","message":"DB connection started","service":"auth-service","timestamp":"2025-08-30T14:28:17.682Z"}
{"level":"info","message":"Successfully connected to Redis","service":"auth-service","timestamp":"2025-08-30T14:28:17.692Z"}
{"level":"info","message":"Redis client is ready","service":"auth-service","timestamp":"2025-08-30T14:28:17.694Z"}
{"level":"info","message":"MongoDb  connected successfully","service":"auth-service","timestamp":"2025-08-30T14:28:18.197Z"}
{"level":"info","message":"App started at port 8001","service":"auth-service","timestamp":"2025-08-30T14:28:18.198Z"}
{"level":"info","message":"DB connection started","service":"auth-service","timestamp":"2025-08-30T14:28:59.197Z"}
{"level":"info","message":"Successfully connected to Redis","service":"auth-service","timestamp":"2025-08-30T14:28:59.206Z"}
{"level":"info","message":"Redis client is ready","service":"auth-service","timestamp":"2025-08-30T14:28:59.207Z"}
{"level":"info","message":"MongoDb  connected successfully","service":"auth-service","timestamp":"2025-08-30T14:29:00.012Z"}
{"level":"info","message":"App started at port 8001","service":"auth-service","timestamp":"2025-08-30T14:29:00.013Z"}
{"level":"warn","message":"Checking for rate limit","service":"auth-service","timestamp":"2025-08-30T14:29:14.231Z"}
{"level":"info","message":"request from /api/group/groups having a method of GET","service":"auth-service","timestamp":"2025-08-30T14:29:14.261Z"}
{"level":"info","message":"user hits the getGroups controller","service":"auth-service","timestamp":"2025-08-30T14:29:14.261Z"}
{"level":"info","message":"user fetched all groups controller","service":"auth-service","timestamp":"2025-08-30T14:29:14.314Z"}
{"level":"warn","message":"Checking for rate limit","service":"auth-service","timestamp":"2025-08-30T14:30:02.193Z"}
{"level":"info","message":"request from /api/member/addMember having a method of POST","service":"auth-service","timestamp":"2025-08-30T14:30:02.197Z"}
{"level":"info","message":"user hit the add group member controller","service":"auth-service","timestamp":"2025-08-30T14:30:02.197Z"}
{"level":"info","message":"checking if user already exist in group","service":"auth-service","timestamp":"2025-08-30T14:30:02.243Z"}
{"level":"info","message":"user with id 68b184c678fe07c18b4ffc0b is added to group Gold","service":"auth-service","timestamp":"2025-08-30T14:30:02.358Z"}
{"level":"warn","message":"Checking for rate limit","service":"auth-service","timestamp":"2025-08-30T14:30:05.585Z"}
{"level":"info","message":"request from /api/member/addMember having a method of POST","service":"auth-service","timestamp":"2025-08-30T14:30:05.586Z"}
{"level":"info","message":"user hit the add group member controller","service":"auth-service","timestamp":"2025-08-30T14:30:05.586Z"}
{"level":"info","message":"checking if user already exist in group","service":"auth-service","timestamp":"2025-08-30T14:30:05.619Z"}
{"level":"warn","message":"Checking for rate limit","service":"auth-service","timestamp":"2025-08-30T14:30:06.824Z"}
{"level":"info","message":"request from /api/member/addMember having a method of POST","service":"auth-service","timestamp":"2025-08-30T14:30:06.826Z"}
{"level":"info","message":"user hit the add group member controller","service":"auth-service","timestamp":"2025-08-30T14:30:06.827Z"}
{"level":"info","message":"checking if user already exist in group","service":"auth-service","timestamp":"2025-08-30T14:30:06.869Z"}
{"level":"warn","message":"Checking for rate limit","service":"auth-service","timestamp":"2025-08-30T14:30:24.868Z"}
{"level":"info","message":"request from /api/group/members/68b30115b2a5b1867384dc04 having a method of GET","service":"auth-service","timestamp":"2025-08-30T14:30:24.872Z"}
{"level":"info","message":"user hits the delteGroup controller","service":"auth-service","timestamp":"2025-08-30T14:30:24.873Z"}
{"0":{"__v":0,"_id":"68b30134b2a5b1867384dc09","groupId":"68b30115b2a5b1867384dc04","status":"pending","userId":"68b184c678fe07c18b4ffc0b"},"level":"info","message":"group deleted:","service":"auth-service","timestamp":"2025-08-30T14:30:24.907Z"}
{"level":"warn","message":"Checking for rate limit","service":"auth-service","timestamp":"2025-08-30T14:30:35.140Z"}
{"level":"info","message":"request from /api/group/members/68b303f3e44a6f7d8c8d1b86 having a method of GET","service":"auth-service","timestamp":"2025-08-30T14:30:35.143Z"}
{"level":"info","message":"user hits the delteGroup controller","service":"auth-service","timestamp":"2025-08-30T14:30:35.144Z"}
{"0":{"__v":0,"_id":"68b30aeab756b489fd30e2ef","groupId":"68b303f3e44a6f7d8c8d1b86","status":"pending","userId":"68b184c678fe07c18b4ffc0b"},"level":"info","message":"group deleted:","service":"auth-service","timestamp":"2025-08-30T14:30:35.184Z"}
{"level":"warn","message":"Checking for rate limit","service":"auth-service","timestamp":"2025-08-30T14:30:53.700Z"}
{"level":"info","message":"request from /api/member/68b2ff62a8557427bc27c8c5 having a method of GET","service":"auth-service","timestamp":"2025-08-30T14:30:53.702Z"}
{"level":"info","message":"user hits the getGroup controller","service":"auth-service","timestamp":"2025-08-30T14:30:53.704Z"}
{"level":"info","message":"intended member not found in Db","service":"auth-service","timestamp":"2025-08-30T14:30:53.747Z"}
{"level":"info","message":"DB connection started","service":"auth-service","timestamp":"2025-08-30T14:32:21.898Z"}
{"level":"info","message":"Successfully connected to Redis","service":"auth-service","timestamp":"2025-08-30T14:32:21.920Z"}
{"level":"info","message":"Redis client is ready","service":"auth-service","timestamp":"2025-08-30T14:32:21.930Z"}
{"level":"info","message":"MongoDb  connected successfully","service":"auth-service","timestamp":"2025-08-30T14:32:22.516Z"}
{"level":"info","message":"App started at port 8001","service":"auth-service","timestamp":"2025-08-30T14:32:22.517Z"}
{"level":"info","message":"DB connection started","service":"auth-service","timestamp":"2025-08-30T14:32:25.593Z"}
{"level":"info","message":"Successfully connected to Redis","service":"auth-service","timestamp":"2025-08-30T14:32:25.616Z"}
{"level":"info","message":"Redis client is ready","service":"auth-service","timestamp":"2025-08-30T14:32:25.617Z"}
{"level":"info","message":"MongoDb  connected successfully","service":"auth-service","timestamp":"2025-08-30T14:32:26.107Z"}
{"level":"info","message":"App started at port 8001","service":"auth-service","timestamp":"2025-08-30T14:32:26.107Z"}
{"level":"info","message":"DB connection started","service":"auth-service","timestamp":"2025-08-30T14:33:09.673Z"}
{"level":"info","message":"Successfully connected to Redis","service":"auth-service","timestamp":"2025-08-30T14:33:09.695Z"}
{"level":"info","message":"Redis client is ready","service":"auth-service","timestamp":"2025-08-30T14:33:09.697Z"}
{"level":"info","message":"DB connection started","service":"auth-service","timestamp":"2025-08-30T14:34:07.128Z"}
{"level":"info","message":"Successfully connected to Redis","service":"auth-service","timestamp":"2025-08-30T14:34:07.144Z"}
{"level":"info","message":"Redis client is ready","service":"auth-service","timestamp":"2025-08-30T14:34:07.148Z"}
{"level":"info","message":"MongoDb  connected successfully","service":"auth-service","timestamp":"2025-08-30T14:34:07.733Z"}
{"level":"info","message":"App started at port 8001","service":"auth-service","timestamp":"2025-08-30T14:34:07.733Z"}
{"level":"info","message":"DB connection started","service":"auth-service","timestamp":"2025-08-30T14:34:24.352Z"}
{"level":"info","message":"Successfully connected to Redis","service":"auth-service","timestamp":"2025-08-30T14:34:24.371Z"}
{"level":"info","message":"Redis client is ready","service":"auth-service","timestamp":"2025-08-30T14:34:24.375Z"}
{"level":"info","message":"MongoDb  connected successfully","service":"auth-service","timestamp":"2025-08-30T14:34:24.921Z"}
{"level":"info","message":"App started at port 8001","service":"auth-service","timestamp":"2025-08-30T14:34:24.922Z"}
{"level":"info","message":"DB connection started","service":"auth-service","timestamp":"2025-08-30T14:34:27.043Z"}
{"level":"info","message":"Successfully connected to Redis","service":"auth-service","timestamp":"2025-08-30T14:34:27.076Z"}
{"level":"info","message":"Redis client is ready","service":"auth-service","timestamp":"2025-08-30T14:34:27.078Z"}
{"level":"info","message":"MongoDb  connected successfully","service":"auth-service","timestamp":"2025-08-30T14:34:27.515Z"}
{"level":"info","message":"App started at port 8001","service":"auth-service","timestamp":"2025-08-30T14:34:27.515Z"}
{"level":"info","message":"DB connection started","service":"auth-service","timestamp":"2025-08-30T14:34:33.632Z"}
{"level":"info","message":"Successfully connected to Redis","service":"auth-service","timestamp":"2025-08-30T14:34:33.651Z"}
{"level":"info","message":"Redis client is ready","service":"auth-service","timestamp":"2025-08-30T14:34:33.652Z"}
{"level":"info","message":"MongoDb  connected successfully","service":"auth-service","timestamp":"2025-08-30T14:34:34.100Z"}
{"level":"info","message":"App started at port 8001","service":"auth-service","timestamp":"2025-08-30T14:34:34.100Z"}
{"level":"info","message":"DB connection started","service":"auth-service","timestamp":"2025-08-30T14:34:36.054Z"}
{"level":"info","message":"Successfully connected to Redis","service":"auth-service","timestamp":"2025-08-30T14:34:36.078Z"}
{"level":"info","message":"Redis client is ready","service":"auth-service","timestamp":"2025-08-30T14:34:36.080Z"}
{"level":"info","message":"DB connection started","service":"auth-service","timestamp":"2025-08-30T14:34:40.532Z"}
{"level":"info","message":"Successfully connected to Redis","service":"auth-service","timestamp":"2025-08-30T14:34:40.563Z"}
{"level":"info","message":"Redis client is ready","service":"auth-service","timestamp":"2025-08-30T14:34:40.580Z"}
{"level":"info","message":"MongoDb  connected successfully","service":"auth-service","timestamp":"2025-08-30T14:34:41.463Z"}
{"level":"info","message":"App started at port 8001","service":"auth-service","timestamp":"2025-08-30T14:34:41.464Z"}
{"level":"info","message":"DB connection started","service":"auth-service","timestamp":"2025-08-30T14:34:44.973Z"}
{"level":"info","message":"Successfully connected to Redis","service":"auth-service","timestamp":"2025-08-30T14:34:44.990Z"}
{"level":"info","message":"Redis client is ready","service":"auth-service","timestamp":"2025-08-30T14:34:44.992Z"}
{"level":"info","message":"MongoDb  connected successfully","service":"auth-service","timestamp":"2025-08-30T14:34:45.549Z"}
{"level":"info","message":"App started at port 8001","service":"auth-service","timestamp":"2025-08-30T14:34:45.550Z"}
{"level":"info","message":"DB connection started","service":"auth-service","timestamp":"2025-08-30T14:34:50.230Z"}
{"level":"info","message":"Successfully connected to Redis","service":"auth-service","timestamp":"2025-08-30T14:34:50.248Z"}
{"level":"info","message":"Redis client is ready","service":"auth-service","timestamp":"2025-08-30T14:34:50.253Z"}
{"level":"info","message":"MongoDb  connected successfully","service":"auth-service","timestamp":"2025-08-30T14:34:50.705Z"}
{"level":"info","message":"App started at port 8001","service":"auth-service","timestamp":"2025-08-30T14:34:50.705Z"}
{"level":"info","message":"DB connection started","service":"auth-service","timestamp":"2025-08-30T14:34:58.072Z"}
{"level":"info","message":"Successfully connected to Redis","service":"auth-service","timestamp":"2025-08-30T14:34:58.090Z"}
{"level":"info","message":"Redis client is ready","service":"auth-service","timestamp":"2025-08-30T14:34:58.091Z"}
{"level":"info","message":"MongoDb  connected successfully","service":"auth-service","timestamp":"2025-08-30T14:34:58.550Z"}
{"level":"info","message":"App started at port 8001","service":"auth-service","timestamp":"2025-08-30T14:34:58.550Z"}
{"level":"warn","message":"Checking for rate limit","service":"auth-service","timestamp":"2025-08-30T14:35:45.822Z"}
{"level":"info","message":"request from /api/member/members having a method of GET","service":"auth-service","timestamp":"2025-08-30T14:35:45.830Z"}
{"level":"info","message":"user hits the getGroup controller","service":"auth-service","timestamp":"2025-08-30T14:35:45.831Z"}
{"level":"info","message":"DB connection started","service":"auth-service","timestamp":"2025-08-30T14:36:25.412Z"}
{"level":"info","message":"Successfully connected to Redis","service":"auth-service","timestamp":"2025-08-30T14:36:25.432Z"}
{"level":"info","message":"Redis client is ready","service":"auth-service","timestamp":"2025-08-30T14:36:25.442Z"}
{"level":"info","message":"MongoDb  connected successfully","service":"auth-service","timestamp":"2025-08-30T14:36:26.153Z"}
{"level":"info","message":"App started at port 8001","service":"auth-service","timestamp":"2025-08-30T14:36:26.154Z"}
{"level":"info","message":"DB connection started","service":"auth-service","timestamp":"2025-08-30T14:37:06.731Z"}
{"level":"info","message":"Successfully connected to Redis","service":"auth-service","timestamp":"2025-08-30T14:37:06.756Z"}
{"level":"info","message":"Redis client is ready","service":"auth-service","timestamp":"2025-08-30T14:37:06.758Z"}
{"level":"info","message":"MongoDb  connected successfully","service":"auth-service","timestamp":"2025-08-30T14:37:07.195Z"}
{"level":"info","message":"App started at port 8001","service":"auth-service","timestamp":"2025-08-30T14:37:07.195Z"}
{"level":"info","message":"DB connection started","service":"auth-service","timestamp":"2025-08-30T14:37:13.851Z"}
{"level":"info","message":"Successfully connected to Redis","service":"auth-service","timestamp":"2025-08-30T14:37:13.873Z"}
{"level":"info","message":"Redis client is ready","service":"auth-service","timestamp":"2025-08-30T14:37:13.877Z"}
{"level":"info","message":"MongoDb  connected successfully","service":"auth-service","timestamp":"2025-08-30T14:37:14.375Z"}
{"level":"info","message":"App started at port 8001","service":"auth-service","timestamp":"2025-08-30T14:37:14.375Z"}
{"level":"warn","message":"Checking for rate limit","service":"auth-service","timestamp":"2025-08-30T14:37:36.248Z"}
{"level":"info","message":"request from /api/member/members having a method of GET","service":"auth-service","timestamp":"2025-08-30T14:37:36.301Z"}
{"level":"info","message":"user hits the getGroup controller","service":"auth-service","timestamp":"2025-08-30T14:37:36.303Z"}
{"level":"warn","message":"Checking for rate limit","service":"auth-service","timestamp":"2025-08-30T14:38:38.455Z"}
{"level":"info","message":"request from /api/member/members having a method of GET","service":"auth-service","timestamp":"2025-08-30T14:38:38.463Z"}
{"level":"info","message":"user hits the getGroup controller","service":"auth-service","timestamp":"2025-08-30T14:38:38.464Z"}
{"level":"info","message":"DB connection started","service":"auth-service","timestamp":"2025-08-30T14:38:59.830Z"}
{"level":"info","message":"Successfully connected to Redis","service":"auth-service","timestamp":"2025-08-30T14:38:59.861Z"}
{"level":"info","message":"Redis client is ready","service":"auth-service","timestamp":"2025-08-30T14:38:59.862Z"}
{"level":"info","message":"MongoDb  connected successfully","service":"auth-service","timestamp":"2025-08-30T14:39:00.700Z"}
{"level":"info","message":"App started at port 8001","service":"auth-service","timestamp":"2025-08-30T14:39:00.701Z"}
{"level":"warn","message":"Checking for rate limit","service":"auth-service","timestamp":"2025-08-30T14:39:08.666Z"}
{"level":"info","message":"request from /api/member/all having a method of GET","service":"auth-service","timestamp":"2025-08-30T14:39:08.676Z"}
{"level":"info","message":"user hits the getGroup controller","service":"auth-service","timestamp":"2025-08-30T14:39:08.676Z"}
{"level":"warn","message":"Checking for rate limit","service":"auth-service","timestamp":"2025-08-30T14:39:09.877Z"}
{"level":"info","message":"request from /api/member/all having a method of GET","service":"auth-service","timestamp":"2025-08-30T14:39:09.880Z"}
{"level":"info","message":"user hits the getGroup controller","service":"auth-service","timestamp":"2025-08-30T14:39:09.881Z"}
{"level":"warn","message":"Checking for rate limit","service":"auth-service","timestamp":"2025-08-30T14:39:10.669Z"}
{"level":"info","message":"request from /api/member/all having a method of GET","service":"auth-service","timestamp":"2025-08-30T14:39:10.679Z"}
{"level":"info","message":"user hits the getGroup controller","service":"auth-service","timestamp":"2025-08-30T14:39:10.683Z"}
{"level":"warn","message":"Checking for rate limit","service":"auth-service","timestamp":"2025-08-30T14:39:12.141Z"}
{"level":"info","message":"request from /api/member/all having a method of GET","service":"auth-service","timestamp":"2025-08-30T14:39:12.150Z"}
{"level":"info","message":"user hits the getGroup controller","service":"auth-service","timestamp":"2025-08-30T14:39:12.157Z"}
{"level":"warn","message":"Checking for rate limit","service":"auth-service","timestamp":"2025-08-30T14:39:12.718Z"}
{"level":"info","message":"request from /api/member/all having a method of GET","service":"auth-service","timestamp":"2025-08-30T14:39:12.733Z"}
{"level":"info","message":"user hits the getGroup controller","service":"auth-service","timestamp":"2025-08-30T14:39:12.736Z"}
{"level":"info","message":"DB connection started","service":"auth-service","timestamp":"2025-08-30T14:39:35.153Z"}
{"level":"info","message":"Successfully connected to Redis","service":"auth-service","timestamp":"2025-08-30T14:39:35.174Z"}
{"level":"info","message":"Redis client is ready","service":"auth-service","timestamp":"2025-08-30T14:39:35.181Z"}
{"level":"info","message":"DB connection started","service":"auth-service","timestamp":"2025-08-30T14:39:36.938Z"}
{"level":"info","message":"Successfully connected to Redis","service":"auth-service","timestamp":"2025-08-30T14:39:36.962Z"}
{"level":"info","message":"Redis client is ready","service":"auth-service","timestamp":"2025-08-30T14:39:36.965Z"}
{"level":"info","message":"MongoDb  connected successfully","service":"auth-service","timestamp":"2025-08-30T14:39:37.745Z"}
{"level":"info","message":"App started at port 8001","service":"auth-service","timestamp":"2025-08-30T14:39:37.745Z"}
{"level":"info","message":"DB connection started","service":"auth-service","timestamp":"2025-08-30T14:39:47.399Z"}
{"level":"info","message":"Successfully connected to Redis","service":"auth-service","timestamp":"2025-08-30T14:39:47.419Z"}
{"level":"info","message":"Redis client is ready","service":"auth-service","timestamp":"2025-08-30T14:39:47.421Z"}
{"level":"info","message":"MongoDb  connected successfully","service":"auth-service","timestamp":"2025-08-30T14:39:47.989Z"}
{"level":"info","message":"App started at port 8001","service":"auth-service","timestamp":"2025-08-30T14:39:47.990Z"}
{"level":"warn","message":"Checking for rate limit","service":"auth-service","timestamp":"2025-08-30T14:40:01.924Z"}
{"level":"info","message":"request from /api/member/members/all having a method of GET","service":"auth-service","timestamp":"2025-08-30T14:40:01.927Z"}
{"level":"info","message":"DB connection started","service":"auth-service","timestamp":"2025-08-30T14:40:19.548Z"}
{"level":"info","message":"Successfully connected to Redis","service":"auth-service","timestamp":"2025-08-30T14:40:19.570Z"}
{"level":"info","message":"Redis client is ready","service":"auth-service","timestamp":"2025-08-30T14:40:19.575Z"}
{"level":"info","message":"MongoDb  connected successfully","service":"auth-service","timestamp":"2025-08-30T14:40:20.275Z"}
{"level":"info","message":"App started at port 8001","service":"auth-service","timestamp":"2025-08-30T14:40:20.275Z"}
{"level":"warn","message":"Checking for rate limit","service":"auth-service","timestamp":"2025-08-30T14:40:29.281Z"}
{"level":"info","message":"request from /api/member/members/all having a method of GET","service":"auth-service","timestamp":"2025-08-30T14:40:29.283Z"}
{"level":"info","message":"user hits the getAllMembers controller","service":"auth-service","timestamp":"2025-08-30T14:40:29.283Z"}
{"level":"info","message":"All members fetched from Db","service":"auth-service","timestamp":"2025-08-30T14:40:29.334Z"}
{"level":"warn","message":"Checking for rate limit","service":"auth-service","timestamp":"2025-08-30T15:14:55.696Z"}
{"level":"info","message":"request from /api/member/members/all having a method of GET","service":"auth-service","timestamp":"2025-08-30T15:14:55.918Z"}
{"level":"info","message":"user hits the getAllMembers controller","service":"auth-service","timestamp":"2025-08-30T15:14:55.920Z"}
{"level":"info","message":"All members fetched from Db","service":"auth-service","timestamp":"2025-08-30T15:14:56.335Z"}
{"level":"info","message":"DB connection started","service":"auth-service","timestamp":"2025-08-30T15:17:32.099Z"}
{"level":"info","message":"Successfully connected to Redis","service":"auth-service","timestamp":"2025-08-30T15:17:32.123Z"}
{"level":"info","message":"Redis client is ready","service":"auth-service","timestamp":"2025-08-30T15:17:32.134Z"}
{"level":"info","message":"MongoDb  connected successfully","service":"auth-service","timestamp":"2025-08-30T15:17:32.719Z"}
{"level":"info","message":"App started at port 8001","service":"auth-service","timestamp":"2025-08-30T15:17:32.719Z"}
{"level":"warn","message":"Checking for rate limit","service":"auth-service","timestamp":"2025-08-31T13:36:05.442Z"}
{"level":"info","message":"request from /api/member/addMember having a method of POST","service":"auth-service","timestamp":"2025-08-31T13:36:05.513Z"}
{"level":"info","message":"user hit the add group member controller","service":"auth-service","timestamp":"2025-08-31T13:36:05.514Z"}
{"0":"6","1":"8","10":"4","11":"a","12":"6","13":"f","14":"7","15":"d","16":"8","17":"c","18":"8","19":"d","2":"b","20":"1","21":"b","22":"8","23":"6","3":"3","4":"0","5":"3","6":"f","7":"3","8":"e","9":"4","level":"warn","message":"attempt to add user to group that doesn't exist, with Id","service":"auth-service","timestamp":"2025-08-31T13:36:05.967Z"}
{"level":"warn","message":"Checking for rate limit","service":"auth-service","timestamp":"2025-08-31T13:36:15.266Z"}
{"level":"info","message":"request from /api/member/addMember having a method of POST","service":"auth-service","timestamp":"2025-08-31T13:36:15.271Z"}
{"level":"info","message":"user hit the add group member controller","service":"auth-service","timestamp":"2025-08-31T13:36:15.272Z"}
{"0":"6","1":"8","10":"4","11":"a","12":"6","13":"f","14":"7","15":"d","16":"8","17":"c","18":"8","19":"d","2":"b","20":"1","21":"b","22":"8","23":"6","3":"3","4":"0","5":"3","6":"f","7":"3","8":"e","9":"4","level":"warn","message":"attempt to add user to group that doesn't exist, with Id","service":"auth-service","timestamp":"2025-08-31T13:36:15.309Z"}
{"level":"warn","message":"Checking for rate limit","service":"auth-service","timestamp":"2025-08-31T13:36:27.505Z"}
{"level":"info","message":"request from /api/member/68b2ff62a8557427bc27c8c5 having a method of GET","service":"auth-service","timestamp":"2025-08-31T13:36:27.511Z"}
{"level":"info","message":"user hits the getGroup controller","service":"auth-service","timestamp":"2025-08-31T13:36:27.517Z"}
{"level":"info","message":"intended member not found in Db","service":"auth-service","timestamp":"2025-08-31T13:36:27.550Z"}
{"level":"warn","message":"Checking for rate limit","service":"auth-service","timestamp":"2025-08-31T13:37:18.866Z"}
{"level":"info","message":"request from /api/group/create having a method of POST","service":"auth-service","timestamp":"2025-08-31T13:37:18.870Z"}
{"level":"info","message":"user hit the create group controller","service":"auth-service","timestamp":"2025-08-31T13:37:18.871Z"}
{"level":"info","message":"creating a new group","service":"auth-service","timestamp":"2025-08-31T13:37:18.874Z"}
{"_message":"Group validation failed","errors":{"groupMembersId":{"kind":"required","message":"Path `groupMembersId` is required.","name":"ValidatorError","path":"groupMembersId","properties":{"message":"Path `groupMembersId` is required.","path":"groupMembersId","type":"required","value":null},"value":null}},"level":"error","message":"Group validation failed: groupMembersId: Path `groupMembersId` is required.","service":"auth-service","stack":"ValidationError: Group validation failed: groupMembersId: Path `groupMembersId` is required.\n    at model.Document.invalidate (/Users/home/Desktop/projects/ROSCA/rusca-microservices-server/contribution-services/node_modules/mongoose/lib/document.js:3358:32)\n    at /Users/home/Desktop/projects/ROSCA/rusca-microservices-server/contribution-services/node_modules/mongoose/lib/document.js:3119:17\n    at /Users/home/Desktop/projects/ROSCA/rusca-microservices-server/contribution-services/node_modules/mongoose/lib/schemaType.js:1410:9\n    at processTicksAndRejections (node:internal/process/task_queues:85:11)","timestamp":"2025-08-31T13:37:18.887Z"}
{"level":"error","message":"Group validation failed: groupMembersId: Path `groupMembersId` is required.","service":"auth-service","timestamp":"2025-08-31T13:37:18.894Z"}
{"level":"info","message":"DB connection started","service":"auth-service","timestamp":"2025-08-31T13:40:12.857Z"}
{"level":"info","message":"Successfully connected to Redis","service":"auth-service","timestamp":"2025-08-31T13:40:12.879Z"}
{"level":"info","message":"Redis client is ready","service":"auth-service","timestamp":"2025-08-31T13:40:12.883Z"}
{"level":"info","message":"MongoDb  connected successfully","service":"auth-service","timestamp":"2025-08-31T13:40:13.410Z"}
{"level":"info","message":"App started at port 8001","service":"auth-service","timestamp":"2025-08-31T13:40:13.411Z"}
{"level":"info","message":"DB connection started","service":"auth-service","timestamp":"2025-08-31T13:40:19.629Z"}
{"level":"info","message":"Successfully connected to Redis","service":"auth-service","timestamp":"2025-08-31T13:40:19.652Z"}
{"level":"info","message":"Redis client is ready","service":"auth-service","timestamp":"2025-08-31T13:40:19.677Z"}
{"level":"info","message":"MongoDb  connected successfully","service":"auth-service","timestamp":"2025-08-31T13:40:20.077Z"}
{"level":"info","message":"App started at port 8001","service":"auth-service","timestamp":"2025-08-31T13:40:20.078Z"}
{"level":"warn","message":"Checking for rate limit","service":"auth-service","timestamp":"2025-08-31T13:40:50.094Z"}
{"level":"info","message":"request from /api/group/create having a method of POST","service":"auth-service","timestamp":"2025-08-31T13:40:50.097Z"}
{"level":"info","message":"user hit the create group controller","service":"auth-service","timestamp":"2025-08-31T13:40:50.097Z"}
{"level":"info","message":"creating a new group","service":"auth-service","timestamp":"2025-08-31T13:40:50.100Z"}
{"0":"G","1":"o","2":"l","3":"d","level":"info","message":"new group created with group name","service":"auth-service","timestamp":"2025-08-31T13:40:50.143Z"}
{"level":"warn","message":"Checking for rate limit","service":"auth-service","timestamp":"2025-08-31T13:41:11.292Z"}
{"level":"info","message":"request from /api/group/groups having a method of GET","service":"auth-service","timestamp":"2025-08-31T13:41:11.294Z"}
{"level":"info","message":"user hits the getGroups controller","service":"auth-service","timestamp":"2025-08-31T13:41:11.295Z"}
{"level":"info","message":"user fetched all groups controller","service":"auth-service","timestamp":"2025-08-31T13:41:11.339Z"}
{"level":"warn","message":"Checking for rate limit","service":"auth-service","timestamp":"2025-08-31T13:41:23.853Z"}
{"level":"info","message":"request from /api/group/68b2ff23a8557427bc27c8c1 having a method of GET","service":"auth-service","timestamp":"2025-08-31T13:41:23.854Z"}
{"level":"info","message":"user hits the getGroup controller","service":"auth-service","timestamp":"2025-08-31T13:41:23.855Z"}
{"level":"warn","message":"Checking for rate limit","service":"auth-service","timestamp":"2025-08-31T13:41:32.716Z"}
{"level":"info","message":"request from /api/group/68b450e293966bab036982f2 having a method of GET","service":"auth-service","timestamp":"2025-08-31T13:41:32.719Z"}
{"level":"info","message":"user hits the getGroup controller","service":"auth-service","timestamp":"2025-08-31T13:41:32.719Z"}
{"$__":{"activePaths":{"paths":{"__v":"init","_id":"init","groupMembersId":"init","groupName":"init","monthlyContribution":"init","numberOfMembers":"init","status":"init"},"states":{"default":{},"init":{"__v":true,"_id":true,"groupMembersId":true,"groupName":true,"monthlyContribution":true,"numberOfMembers":true,"status":true},"require":{}}},"skipId":true},"$isNew":false,"_doc":{"__v":0,"_id":"68b450e293966bab036982f2","groupMembersId":[],"groupName":"Gold","monthlyContribution":9000,"numberOfMembers":4,"status":"active"},"level":"info","message":"group fetched","service":"auth-service","timestamp":"2025-08-31T13:41:32.753Z"}
{"level":"warn","message":"Checking for rate limit","service":"auth-service","timestamp":"2025-08-31T13:41:45.991Z"}
{"level":"info","message":"request from /api/group/68b450e293966bab036982f2 having a method of DELETE","service":"auth-service","timestamp":"2025-08-31T13:41:45.993Z"}
{"level":"info","message":"user hits the delteGroup controller","service":"auth-service","timestamp":"2025-08-31T13:41:45.993Z"}
{"$__":{"activePaths":{"paths":{"__v":"init","_id":"init","groupMembersId":"init","groupName":"init","monthlyContribution":"init","numberOfMembers":"init","status":"init"},"states":{"default":{},"init":{"__v":true,"_id":true,"groupMembersId":true,"groupName":true,"monthlyContribution":true,"numberOfMembers":true,"status":true},"require":{}}},"skipId":true},"$isNew":false,"_doc":{"__v":0,"_id":"68b450e293966bab036982f2","groupMembersId":[],"groupName":"Gold","monthlyContribution":9000,"numberOfMembers":4,"status":"active"},"level":"info","message":"group deleted:","service":"auth-service","timestamp":"2025-08-31T13:41:46.036Z"}
{"level":"warn","message":"Checking for rate limit","service":"auth-service","timestamp":"2025-08-31T13:41:52.122Z"}
{"level":"info","message":"request from /api/group/groups having a method of GET","service":"auth-service","timestamp":"2025-08-31T13:41:52.125Z"}
{"level":"info","message":"user hits the getGroups controller","service":"auth-service","timestamp":"2025-08-31T13:41:52.125Z"}
{"level":"info","message":"user fetched all groups controller","service":"auth-service","timestamp":"2025-08-31T13:41:52.155Z"}
{"level":"warn","message":"Checking for rate limit","service":"auth-service","timestamp":"2025-08-31T13:41:59.184Z"}
{"level":"info","message":"request from /api/group/create having a method of POST","service":"auth-service","timestamp":"2025-08-31T13:41:59.186Z"}
{"level":"info","message":"user hit the create group controller","service":"auth-service","timestamp":"2025-08-31T13:41:59.186Z"}
{"level":"info","message":"creating a new group","service":"auth-service","timestamp":"2025-08-31T13:41:59.191Z"}
{"0":"G","1":"o","2":"l","3":"d","level":"info","message":"new group created with group name","service":"auth-service","timestamp":"2025-08-31T13:41:59.231Z"}
{"level":"warn","message":"Checking for rate limit","service":"auth-service","timestamp":"2025-08-31T13:42:22.345Z"}
{"level":"info","message":"request from /api/group/members/68b4512793966bab036982f9 having a method of GET","service":"auth-service","timestamp":"2025-08-31T13:42:22.349Z"}
{"level":"info","message":"user hits the delteGroup controller","service":"auth-service","timestamp":"2025-08-31T13:42:22.349Z"}
{"level":"info","message":"group deleted:","service":"auth-service","timestamp":"2025-08-31T13:42:22.380Z"}
{"level":"warn","message":"Checking for rate limit","service":"auth-service","timestamp":"2025-08-31T13:42:39.665Z"}
{"level":"info","message":"request from /api/member/members/all having a method of GET","service":"auth-service","timestamp":"2025-08-31T13:42:39.668Z"}
{"level":"info","message":"user hits the getAllMembers controller","service":"auth-service","timestamp":"2025-08-31T13:42:39.668Z"}
{"level":"info","message":"All members fetched from Db","service":"auth-service","timestamp":"2025-08-31T13:42:39.699Z"}
{"level":"warn","message":"Checking for rate limit","service":"auth-service","timestamp":"2025-08-31T13:43:23.955Z"}
{"level":"info","message":"request from /api/member/addMember having a method of POST","service":"auth-service","timestamp":"2025-08-31T13:43:23.957Z"}
{"level":"info","message":"user hit the add group member controller","service":"auth-service","timestamp":"2025-08-31T13:43:23.958Z"}
{"level":"info","message":"checking if user already exist in group","service":"auth-service","timestamp":"2025-08-31T13:43:23.992Z"}
{"level":"info","message":"user with id 68b41901b93d55d1b25fc74c is added to group Gold","service":"auth-service","timestamp":"2025-08-31T13:43:24.101Z"}
{"level":"warn","message":"Checking for rate limit","service":"auth-service","timestamp":"2025-08-31T13:44:35.283Z"}
{"level":"info","message":"request from /api/member/addMember having a method of POST","service":"auth-service","timestamp":"2025-08-31T13:44:35.285Z"}
{"level":"info","message":"user hit the add group member controller","service":"auth-service","timestamp":"2025-08-31T13:44:35.285Z"}
{"level":"info","message":"checking if user already exist in group","service":"auth-service","timestamp":"2025-08-31T13:44:35.320Z"}
{"level":"warn","message":"Checking for rate limit","service":"auth-service","timestamp":"2025-08-31T13:44:54.440Z"}
{"level":"info","message":"request from /api/group/members/68b4512793966bab036982f9 having a method of GET","service":"auth-service","timestamp":"2025-08-31T13:44:54.446Z"}
{"level":"info","message":"user hits the delteGroup controller","service":"auth-service","timestamp":"2025-08-31T13:44:54.449Z"}
{"0":{"__v":0,"_id":"68b4517c93966bab036982ff","groupId":"68b4512793966bab036982f9","status":"pending","userId":"68b41901b93d55d1b25fc74c"},"level":"info","message":"group deleted:","service":"auth-service","timestamp":"2025-08-31T13:44:54.480Z"}
{"level":"warn","message":"Checking for rate limit","service":"auth-service","timestamp":"2025-08-31T13:45:01.121Z"}
{"level":"info","message":"request from /api/group/groups having a method of GET","service":"auth-service","timestamp":"2025-08-31T13:45:01.124Z"}
{"level":"info","message":"user hits the getGroups controller","service":"auth-service","timestamp":"2025-08-31T13:45:01.125Z"}
{"level":"info","message":"user fetched all groups controller","service":"auth-service","timestamp":"2025-08-31T13:45:01.157Z"}
{"level":"warn","message":"Checking for rate limit","service":"auth-service","timestamp":"2025-08-31T13:45:19.288Z"}
{"level":"info","message":"request from /api/group/members/68b4512793966bab036982f9 having a method of GET","service":"auth-service","timestamp":"2025-08-31T13:45:19.291Z"}
{"level":"info","message":"user hits the delteGroup controller","service":"auth-service","timestamp":"2025-08-31T13:45:19.291Z"}
{"0":{"__v":0,"_id":"68b4517c93966bab036982ff","groupId":"68b4512793966bab036982f9","status":"pending","userId":"68b41901b93d55d1b25fc74c"},"level":"info","message":"group deleted:","service":"auth-service","timestamp":"2025-08-31T13:45:19.326Z"}
{"level":"warn","message":"Checking for rate limit","service":"auth-service","timestamp":"2025-08-31T13:45:47.513Z"}
{"level":"info","message":"request from /api/member/addMember having a method of POST","service":"auth-service","timestamp":"2025-08-31T13:45:47.515Z"}
{"level":"info","message":"user hit the add group member controller","service":"auth-service","timestamp":"2025-08-31T13:45:47.515Z"}
{"_original":{"groupId":"68b4512793966bab036982f9","userId":""},"details":[{"context":{"key":"userId","label":"userId","value":""},"message":"\"userId\" is not allowed to be empty","path":["userId"],"type":"string.empty"}],"level":"error","message":"user hit the add group member controller with error \"userId\" is not allowed to be empty","service":"auth-service","stack":"ValidationError: \"userId\" is not allowed to be empty","timestamp":"2025-08-31T13:45:47.517Z"}
{"level":"warn","message":"Checking for rate limit","service":"auth-service","timestamp":"2025-08-31T13:45:55.704Z"}
{"level":"info","message":"request from /api/member/addMember having a method of POST","service":"auth-service","timestamp":"2025-08-31T13:45:55.709Z"}
{"level":"info","message":"user hit the add group member controller","service":"auth-service","timestamp":"2025-08-31T13:45:55.709Z"}
{"level":"info","message":"checking if user already exist in group","service":"auth-service","timestamp":"2025-08-31T13:45:55.741Z"}
{"level":"info","message":"user with id 68b41956b93d55d1b25fc750 is added to group Gold","service":"auth-service","timestamp":"2025-08-31T13:45:55.848Z"}
{"level":"warn","message":"Checking for rate limit","service":"auth-service","timestamp":"2025-08-31T13:45:57.405Z"}
{"level":"info","message":"request from /api/member/addMember having a method of POST","service":"auth-service","timestamp":"2025-08-31T13:45:57.411Z"}
{"level":"info","message":"user hit the add group member controller","service":"auth-service","timestamp":"2025-08-31T13:45:57.411Z"}
{"level":"info","message":"checking if user already exist in group","service":"auth-service","timestamp":"2025-08-31T13:45:57.444Z"}
{"level":"warn","message":"Checking for rate limit","service":"auth-service","timestamp":"2025-08-31T13:46:21.796Z"}
{"level":"info","message":"request from /api/member/addMember having a method of POST","service":"auth-service","timestamp":"2025-08-31T13:46:21.798Z"}
{"level":"info","message":"user hit the add group member controller","service":"auth-service","timestamp":"2025-08-31T13:46:21.798Z"}
{"level":"info","message":"checking if user already exist in group","service":"auth-service","timestamp":"2025-08-31T13:46:21.838Z"}
{"level":"info","message":"user with id 68b41979b93d55d1b25fc754 is added to group Gold","service":"auth-service","timestamp":"2025-08-31T13:46:21.944Z"}
{"level":"warn","message":"Checking for rate limit","service":"auth-service","timestamp":"2025-08-31T13:46:23.663Z"}
{"level":"info","message":"request from /api/member/addMember having a method of POST","service":"auth-service","timestamp":"2025-08-31T13:46:23.670Z"}
{"level":"info","message":"user hit the add group member controller","service":"auth-service","timestamp":"2025-08-31T13:46:23.670Z"}
{"level":"info","message":"checking if user already exist in group","service":"auth-service","timestamp":"2025-08-31T13:46:23.721Z"}
{"level":"warn","message":"Checking for rate limit","service":"auth-service","timestamp":"2025-08-31T13:46:40.335Z"}
{"level":"info","message":"request from /api/member/addMember having a method of POST","service":"auth-service","timestamp":"2025-08-31T13:46:40.339Z"}
{"level":"info","message":"user hit the add group member controller","service":"auth-service","timestamp":"2025-08-31T13:46:40.339Z"}
{"level":"info","message":"checking if user already exist in group","service":"auth-service","timestamp":"2025-08-31T13:46:40.371Z"}
{"level":"info","message":"user with id 68b41997b93d55d1b25fc758 is added to group Gold","service":"auth-service","timestamp":"2025-08-31T13:46:40.481Z"}
{"level":"warn","message":"Checking for rate limit","service":"auth-service","timestamp":"2025-08-31T13:48:33.552Z"}
{"level":"info","message":"request from /api/member/addMember having a method of POST","service":"auth-service","timestamp":"2025-08-31T13:48:33.559Z"}
{"level":"info","message":"user hit the add group member controller","service":"auth-service","timestamp":"2025-08-31T13:48:33.560Z"}
{"level":"info","message":"checking if user already exist in group","service":"auth-service","timestamp":"2025-08-31T13:48:33.595Z"}
{"level":"info","message":"user with id 68b448bdb93d55d1b25fc75c is added to group Gold","service":"auth-service","timestamp":"2025-08-31T13:48:33.700Z"}
{"level":"warn","message":"Checking for rate limit","service":"auth-service","timestamp":"2025-08-31T13:48:41.148Z"}
{"level":"info","message":"request from /api/member/addMember having a method of POST","service":"auth-service","timestamp":"2025-08-31T13:48:41.152Z"}
{"level":"info","message":"user hit the add group member controller","service":"auth-service","timestamp":"2025-08-31T13:48:41.153Z"}
{"level":"info","message":"checking if user already exist in group","service":"auth-service","timestamp":"2025-08-31T13:48:41.202Z"}
{"level":"warn","message":"Checking for rate limit","service":"auth-service","timestamp":"2025-08-31T13:48:42.765Z"}
{"level":"info","message":"request from /api/member/addMember having a method of POST","service":"auth-service","timestamp":"2025-08-31T13:48:42.769Z"}
{"level":"info","message":"user hit the add group member controller","service":"auth-service","timestamp":"2025-08-31T13:48:42.769Z"}
{"level":"info","message":"checking if user already exist in group","service":"auth-service","timestamp":"2025-08-31T13:48:42.801Z"}
{"level":"warn","message":"Checking for rate limit","service":"auth-service","timestamp":"2025-08-31T13:48:48.046Z"}
{"level":"info","message":"request from /api/group/members/68b4512793966bab036982f9 having a method of GET","service":"auth-service","timestamp":"2025-08-31T13:48:48.119Z"}
{"level":"info","message":"user hits the delteGroup controller","service":"auth-service","timestamp":"2025-08-31T13:48:48.122Z"}
{"0":{"__v":0,"_id":"68b4517c93966bab036982ff","groupId":"68b4512793966bab036982f9","status":"pending","userId":"68b41901b93d55d1b25fc74c"},"1":{"__v":0,"_id":"68b4521393966bab03698309","groupId":"68b4512793966bab036982f9","status":"pending","userId":"68b41956b93d55d1b25fc750"},"2":{"__v":0,"_id":"68b4522d93966bab03698310","groupId":"68b4512793966bab036982f9","status":"pending","userId":"68b41979b93d55d1b25fc754"},"3":{"__v":0,"_id":"68b4524093966bab03698317","groupId":"68b4512793966bab036982f9","status":"pending","userId":"68b41997b93d55d1b25fc758"},"4":{"__v":0,"_id":"68b452b193966bab0369831c","groupId":"68b4512793966bab036982f9","status":"pending","userId":"68b448bdb93d55d1b25fc75c"},"level":"info","message":"group deleted:","service":"auth-service","timestamp":"2025-08-31T13:48:48.156Z"}
{"level":"info","message":"DB connection started","service":"auth-service","timestamp":"2025-08-31T13:55:24.786Z"}
{"level":"info","message":"Successfully connected to Redis","service":"auth-service","timestamp":"2025-08-31T13:55:24.806Z"}
{"level":"info","message":"Redis client is ready","service":"auth-service","timestamp":"2025-08-31T13:55:24.818Z"}
{"level":"info","message":"MongoDb  connected successfully","service":"auth-service","timestamp":"2025-08-31T13:55:25.342Z"}
{"level":"info","message":"App started at port 8001","service":"auth-service","timestamp":"2025-08-31T13:55:25.343Z"}
{"level":"info","message":"DB connection started","service":"auth-service","timestamp":"2025-08-31T13:55:43.377Z"}
{"level":"info","message":"Successfully connected to Redis","service":"auth-service","timestamp":"2025-08-31T13:55:43.396Z"}
{"level":"info","message":"Redis client is ready","service":"auth-service","timestamp":"2025-08-31T13:55:43.397Z"}
{"level":"info","message":"MongoDb  connected successfully","service":"auth-service","timestamp":"2025-08-31T13:55:43.893Z"}
{"level":"info","message":"App started at port 8001","service":"auth-service","timestamp":"2025-08-31T13:55:43.894Z"}
{"level":"info","message":"DB connection started","service":"auth-service","timestamp":"2025-08-31T13:55:48.856Z"}
{"level":"info","message":"Successfully connected to Redis","service":"auth-service","timestamp":"2025-08-31T13:55:48.873Z"}
{"level":"info","message":"Redis client is ready","service":"auth-service","timestamp":"2025-08-31T13:55:48.875Z"}
{"level":"info","message":"MongoDb  connected successfully","service":"auth-service","timestamp":"2025-08-31T13:55:49.309Z"}
{"level":"info","message":"App started at port 8001","service":"auth-service","timestamp":"2025-08-31T13:55:49.310Z"}
{"level":"warn","message":"Checking for rate limit","service":"auth-service","timestamp":"2025-08-31T13:56:28.619Z"}
{"level":"info","message":"request from /api/member/addMember having a method of POST","service":"auth-service","timestamp":"2025-08-31T13:56:28.628Z"}
{"level":"info","message":"user hit the add group member controller","service":"auth-service","timestamp":"2025-08-31T13:56:28.630Z"}
{"level":"info","message":"checking if user already exist in group","service":"auth-service","timestamp":"2025-08-31T13:56:28.675Z"}
{"level":"info","message":"DB connection started","service":"auth-service","timestamp":"2025-08-31T13:57:24.777Z"}
{"level":"info","message":"Successfully connected to Redis","service":"auth-service","timestamp":"2025-08-31T13:57:24.795Z"}
{"level":"info","message":"Redis client is ready","service":"auth-service","timestamp":"2025-08-31T13:57:24.797Z"}
{"level":"info","message":"MongoDb  connected successfully","service":"auth-service","timestamp":"2025-08-31T13:57:25.332Z"}
{"level":"info","message":"App started at port 8001","service":"auth-service","timestamp":"2025-08-31T13:57:25.333Z"}
{"level":"warn","message":"Checking for rate limit","service":"auth-service","timestamp":"2025-08-31T13:57:35.192Z"}
{"level":"info","message":"request from /api/member/addMember having a method of POST","service":"auth-service","timestamp":"2025-08-31T13:57:35.249Z"}
{"level":"info","message":"user hit the add group member controller","service":"auth-service","timestamp":"2025-08-31T13:57:35.251Z"}
{"level":"info","message":"checking if user already exist in group","service":"auth-service","timestamp":"2025-08-31T13:57:35.315Z"}
{"level":"info","message":"DB connection started","service":"auth-service","timestamp":"2025-08-31T14:01:00.643Z"}
{"level":"info","message":"Successfully connected to Redis","service":"auth-service","timestamp":"2025-08-31T14:01:00.665Z"}
{"level":"info","message":"Redis client is ready","service":"auth-service","timestamp":"2025-08-31T14:01:00.667Z"}
{"level":"info","message":"MongoDb  connected successfully","service":"auth-service","timestamp":"2025-08-31T14:01:01.168Z"}
{"level":"info","message":"App started at port 8001","service":"auth-service","timestamp":"2025-08-31T14:01:01.168Z"}
{"level":"info","message":"DB connection started","service":"auth-service","timestamp":"2025-08-31T14:01:17.122Z"}
{"level":"info","message":"Successfully connected to Redis","service":"auth-service","timestamp":"2025-08-31T14:01:17.146Z"}
{"level":"info","message":"Redis client is ready","service":"auth-service","timestamp":"2025-08-31T14:01:17.149Z"}
{"level":"info","message":"MongoDb  connected successfully","service":"auth-service","timestamp":"2025-08-31T14:01:17.575Z"}
{"level":"info","message":"App started at port 8001","service":"auth-service","timestamp":"2025-08-31T14:01:17.575Z"}
{"level":"info","message":"DB connection started","service":"auth-service","timestamp":"2025-08-31T14:01:31.367Z"}
{"level":"info","message":"Successfully connected to Redis","service":"auth-service","timestamp":"2025-08-31T14:01:31.385Z"}
{"level":"info","message":"Redis client is ready","service":"auth-service","timestamp":"2025-08-31T14:01:31.393Z"}
{"level":"info","message":"MongoDb  connected successfully","service":"auth-service","timestamp":"2025-08-31T14:01:31.826Z"}
{"level":"info","message":"App started at port 8001","service":"auth-service","timestamp":"2025-08-31T14:01:31.826Z"}
{"level":"info","message":"DB connection started","service":"auth-service","timestamp":"2025-08-31T14:02:56.903Z"}
{"level":"info","message":"Successfully connected to Redis","service":"auth-service","timestamp":"2025-08-31T14:02:56.920Z"}
{"level":"info","message":"Redis client is ready","service":"auth-service","timestamp":"2025-08-31T14:02:56.923Z"}
{"level":"info","message":"MongoDb  connected successfully","service":"auth-service","timestamp":"2025-08-31T14:02:57.489Z"}
{"level":"info","message":"App started at port 8001","service":"auth-service","timestamp":"2025-08-31T14:02:57.489Z"}
{"level":"info","message":"DB connection started","service":"auth-service","timestamp":"2025-08-31T14:05:46.374Z"}
{"level":"info","message":"Successfully connected to Redis","service":"auth-service","timestamp":"2025-08-31T14:05:46.391Z"}
{"level":"info","message":"Redis client is ready","service":"auth-service","timestamp":"2025-08-31T14:05:46.398Z"}
{"level":"info","message":"MongoDb  connected successfully","service":"auth-service","timestamp":"2025-08-31T14:05:46.885Z"}
{"level":"info","message":"App started at port 8001","service":"auth-service","timestamp":"2025-08-31T14:05:46.885Z"}
{"level":"warn","message":"Checking for rate limit","service":"auth-service","timestamp":"2025-08-31T14:07:52.063Z"}
{"level":"info","message":"request from /api/member/addMember having a method of POST","service":"auth-service","timestamp":"2025-08-31T14:07:52.118Z"}
{"level":"info","message":"user hit the add group member controller","service":"auth-service","timestamp":"2025-08-31T14:07:52.119Z"}
{"level":"info","message":"checking if user already exist in group","service":"auth-service","timestamp":"2025-08-31T14:07:52.168Z"}
{"level":"info","message":"user with id 68b448bdb93d55d1b25fc75c is added to group Gold","service":"auth-service","timestamp":"2025-08-31T14:07:52.280Z"}
{"level":"info","message":"DB connection started","service":"auth-service","timestamp":"2025-08-31T14:09:48.567Z"}
{"level":"info","message":"Successfully connected to Redis","service":"auth-service","timestamp":"2025-08-31T14:09:48.585Z"}
{"level":"info","message":"Redis client is ready","service":"auth-service","timestamp":"2025-08-31T14:09:48.588Z"}
{"level":"info","message":"MongoDb  connected successfully","service":"auth-service","timestamp":"2025-08-31T14:09:49.233Z"}
{"level":"info","message":"App started at port 8001","service":"auth-service","timestamp":"2025-08-31T14:09:49.233Z"}
{"level":"info","message":"DB connection started","service":"auth-service","timestamp":"2025-08-31T14:10:17.519Z"}
{"level":"info","message":"Successfully connected to Redis","service":"auth-service","timestamp":"2025-08-31T14:10:17.530Z"}
{"level":"info","message":"Redis client is ready","service":"auth-service","timestamp":"2025-08-31T14:10:17.533Z"}
{"level":"info","message":"MongoDb  connected successfully","service":"auth-service","timestamp":"2025-08-31T14:10:18.218Z"}
{"level":"info","message":"App started at port 8001","service":"auth-service","timestamp":"2025-08-31T14:10:18.219Z"}
{"level":"info","message":"DB connection started","service":"auth-service","timestamp":"2025-08-31T14:21:10.138Z"}
{"level":"info","message":"Successfully connected to Redis","service":"auth-service","timestamp":"2025-08-31T14:21:10.158Z"}
{"level":"info","message":"Redis client is ready","service":"auth-service","timestamp":"2025-08-31T14:21:10.177Z"}
{"level":"info","message":"MongoDb  connected successfully","service":"auth-service","timestamp":"2025-08-31T14:21:10.654Z"}
{"level":"info","message":"App started at port 8001","service":"auth-service","timestamp":"2025-08-31T14:21:10.654Z"}
{"level":"info","message":"DB connection started","service":"auth-service","timestamp":"2025-08-31T14:21:12.449Z"}
{"level":"info","message":"Successfully connected to Redis","service":"auth-service","timestamp":"2025-08-31T14:21:12.477Z"}
{"level":"info","message":"Redis client is ready","service":"auth-service","timestamp":"2025-08-31T14:21:12.479Z"}
{"level":"info","message":"MongoDb  connected successfully","service":"auth-service","timestamp":"2025-08-31T14:21:12.938Z"}
{"level":"info","message":"App started at port 8001","service":"auth-service","timestamp":"2025-08-31T14:21:12.938Z"}
{"level":"info","message":"DB connection started","service":"auth-service","timestamp":"2025-08-31T14:21:15.346Z"}
{"level":"info","message":"Successfully connected to Redis","service":"auth-service","timestamp":"2025-08-31T14:21:15.371Z"}
{"level":"info","message":"Redis client is ready","service":"auth-service","timestamp":"2025-08-31T14:21:15.373Z"}
{"level":"info","message":"MongoDb  connected successfully","service":"auth-service","timestamp":"2025-08-31T14:21:15.983Z"}
{"level":"info","message":"App started at port 8001","service":"auth-service","timestamp":"2025-08-31T14:21:15.984Z"}
{"level":"warn","message":"Checking for rate limit","service":"auth-service","timestamp":"2025-08-31T14:22:16.305Z"}
{"level":"info","message":"request from /api/group/create having a method of POST","service":"auth-service","timestamp":"2025-08-31T14:22:16.323Z"}
{"level":"info","message":"user hit the create group controller","service":"auth-service","timestamp":"2025-08-31T14:22:16.325Z"}
{"level":"info","message":"creating a new group","service":"auth-service","timestamp":"2025-08-31T14:22:16.332Z"}
{"0":"G","1":"o","2":"l","3":"d","level":"info","message":"new group created with group name","service":"auth-service","timestamp":"2025-08-31T14:22:16.382Z"}
{"level":"warn","message":"Checking for rate limit","service":"auth-service","timestamp":"2025-08-31T14:22:32.307Z"}
{"level":"info","message":"request from /api/group/groups having a method of GET","service":"auth-service","timestamp":"2025-08-31T14:22:32.313Z"}
{"level":"info","message":"user hits the getGroups controller","service":"auth-service","timestamp":"2025-08-31T14:22:32.315Z"}
{"level":"info","message":"user fetched all groups controller","service":"auth-service","timestamp":"2025-08-31T14:22:32.368Z"}
{"level":"warn","message":"Checking for rate limit","service":"auth-service","timestamp":"2025-08-31T14:22:38.725Z"}
{"level":"info","message":"request from /api/group/68b450e293966bab036982f2 having a method of GET","service":"auth-service","timestamp":"2025-08-31T14:22:38.730Z"}
{"level":"info","message":"user hits the getGroup controller","service":"auth-service","timestamp":"2025-08-31T14:22:38.733Z"}
{"level":"warn","message":"Checking for rate limit","service":"auth-service","timestamp":"2025-08-31T14:22:45.622Z"}
{"level":"info","message":"request from /api/group/68b45a98526aa6518d64792a having a method of GET","service":"auth-service","timestamp":"2025-08-31T14:22:45.626Z"}
{"level":"info","message":"user hits the getGroup controller","service":"auth-service","timestamp":"2025-08-31T14:22:45.627Z"}
{"$__":{"activePaths":{"paths":{"__v":"init","_id":"init","createdAt":"init","groupMembersId":"init","groupName":"init","monthlyContribution":"init","numberOfMembers":"init","status":"init","updatedAt":"init"},"states":{"default":{},"init":{"__v":true,"_id":true,"createdAt":true,"groupMembersId":true,"groupName":true,"monthlyContribution":true,"numberOfMembers":true,"status":true,"updatedAt":true},"require":{}}},"skipId":true},"$isNew":false,"_doc":{"__v":0,"_id":"68b45a98526aa6518d64792a","createdAt":"2025-08-31T14:22:16.338Z","groupMembersId":[],"groupName":"Gold","monthlyContribution":9000,"numberOfMembers":2,"status":"active","updatedAt":"2025-08-31T14:22:16.338Z"},"level":"info","message":"group fetched","service":"auth-service","timestamp":"2025-08-31T14:22:45.671Z"}
{"level":"warn","message":"Checking for rate limit","service":"auth-service","timestamp":"2025-08-31T14:22:56.674Z"}
{"level":"info","message":"request from /api/group/members/68b4512793966bab036982f9 having a method of GET","service":"auth-service","timestamp":"2025-08-31T14:22:56.679Z"}
{"level":"info","message":"user hits the delteGroup controller","service":"auth-service","timestamp":"2025-08-31T14:22:56.681Z"}
{"level":"info","message":"group deleted:","service":"auth-service","timestamp":"2025-08-31T14:22:56.721Z"}
{"level":"warn","message":"Checking for rate limit","service":"auth-service","timestamp":"2025-08-31T14:24:38.126Z"}
{"level":"info","message":"request from /api/member/addMember having a method of POST","service":"auth-service","timestamp":"2025-08-31T14:24:38.132Z"}
{"level":"info","message":"user hit the add group member controller","service":"auth-service","timestamp":"2025-08-31T14:24:38.133Z"}
{"level":"info","message":"checking if user already exist in group","service":"auth-service","timestamp":"2025-08-31T14:24:38.174Z"}
{"kind":"ObjectId","level":"error","message":"Cast to ObjectId failed for value \"68b41901b93d55d1b25fc74c5\" (type string) at path \"userId\" for model \"Member\"","path":"userId","reason":{},"service":"auth-service","stack":"CastError: Cast to ObjectId failed for value \"68b41901b93d55d1b25fc74c5\" (type string) at path \"userId\" for model \"Member\"\n    at SchemaObjectId.cast (/Users/home/Desktop/projects/ROSCA/rusca-microservices-server/contribution-services/node_modules/mongoose/lib/schema/objectId.js:251:11)\n    at SchemaObjectId.SchemaType.applySetters (/Users/home/Desktop/projects/ROSCA/rusca-microservices-server/contribution-services/node_modules/mongoose/lib/schemaType.js:1258:12)\n    at SchemaObjectId.SchemaType.castForQuery (/Users/home/Desktop/projects/ROSCA/rusca-microservices-server/contribution-services/node_modules/mongoose/lib/schemaType.js:1676:17)\n    at cast (/Users/home/Desktop/projects/ROSCA/rusca-microservices-server/contribution-services/node_modules/mongoose/lib/cast.js:390:32)\n    at cast (/Users/home/Desktop/projects/ROSCA/rusca-microservices-server/contribution-services/node_modules/mongoose/lib/cast.js:76:20)\n    at model.Query.Query.cast (/Users/home/Desktop/projects/ROSCA/rusca-microservices-server/contribution-services/node_modules/mongoose/lib/query.js:5055:12)\n    at model.Query.Query._castConditions (/Users/home/Desktop/projects/ROSCA/rusca-microservices-server/contribution-services/node_modules/mongoose/lib/query.js:2351:10)\n    at model.Query._findOne (/Users/home/Desktop/projects/ROSCA/rusca-microservices-server/contribution-services/node_modules/mongoose/lib/query.js:2674:8)\n    at model.Query.exec (/Users/home/Desktop/projects/ROSCA/rusca-microservices-server/contribution-services/node_modules/mongoose/lib/query.js:4604:80)\n    at processTicksAndRejections (node:internal/process/task_queues:105:5)","stringValue":"\"68b41901b93d55d1b25fc74c5\"","timestamp":"2025-08-31T14:24:38.177Z","value":"68b41901b93d55d1b25fc74c5","valueType":"string"}
{"level":"error","message":"Cast to ObjectId failed for value \"68b41901b93d55d1b25fc74c5\" (type string) at path \"userId\" for model \"Member\"","service":"auth-service","timestamp":"2025-08-31T14:24:38.180Z"}
{"level":"warn","message":"Checking for rate limit","service":"auth-service","timestamp":"2025-08-31T14:24:50.974Z"}
{"level":"info","message":"request from /api/member/addMember having a method of POST","service":"auth-service","timestamp":"2025-08-31T14:24:50.977Z"}
{"level":"info","message":"user hit the add group member controller","service":"auth-service","timestamp":"2025-08-31T14:24:50.977Z"}
{"level":"info","message":"checking if user already exist in group","service":"auth-service","timestamp":"2025-08-31T14:24:51.010Z"}
{"level":"info","message":"user with id 68b41901b93d55d1b25fc74c is added to group Gold","service":"auth-service","timestamp":"2025-08-31T14:24:51.143Z"}
{"level":"warn","message":"Checking for rate limit","service":"auth-service","timestamp":"2025-08-31T14:24:54.528Z"}
{"level":"info","message":"request from /api/member/addMember having a method of POST","service":"auth-service","timestamp":"2025-08-31T14:24:54.530Z"}
{"level":"info","message":"user hit the add group member controller","service":"auth-service","timestamp":"2025-08-31T14:24:54.530Z"}
{"level":"info","message":"checking if user already exist in group","service":"auth-service","timestamp":"2025-08-31T14:24:54.566Z"}
{"level":"warn","message":"Checking for rate limit","service":"auth-service","timestamp":"2025-08-31T14:25:21.857Z"}
{"level":"info","message":"request from /api/group/groups having a method of GET","service":"auth-service","timestamp":"2025-08-31T14:25:21.861Z"}
{"level":"info","message":"user hits the getGroups controller","service":"auth-service","timestamp":"2025-08-31T14:25:21.862Z"}
{"level":"info","message":"user fetched all groups controller","service":"auth-service","timestamp":"2025-08-31T14:25:21.897Z"}
{"level":"info","message":"DB connection started","service":"auth-service","timestamp":"2025-08-31T14:26:52.695Z"}
{"level":"info","message":"Successfully connected to Redis","service":"auth-service","timestamp":"2025-08-31T14:26:52.719Z"}
{"level":"info","message":"Redis client is ready","service":"auth-service","timestamp":"2025-08-31T14:26:52.724Z"}
{"level":"info","message":"DB connection started","service":"auth-service","timestamp":"2025-08-31T14:26:55.378Z"}
{"level":"info","message":"Successfully connected to Redis","service":"auth-service","timestamp":"2025-08-31T14:26:55.397Z"}
{"level":"info","message":"Redis client is ready","service":"auth-service","timestamp":"2025-08-31T14:26:55.401Z"}
{"level":"info","message":"MongoDb  connected successfully","service":"auth-service","timestamp":"2025-08-31T14:26:56.012Z"}
{"level":"info","message":"App started at port 8001","service":"auth-service","timestamp":"2025-08-31T14:26:56.012Z"}
{"level":"warn","message":"Checking for rate limit","service":"auth-service","timestamp":"2025-08-31T14:27:14.927Z"}
{"level":"info","message":"request from /api/member/addMember having a method of POST","service":"auth-service","timestamp":"2025-08-31T14:27:14.935Z"}
{"level":"info","message":"user hit the add group member controller","service":"auth-service","timestamp":"2025-08-31T14:27:14.936Z"}
{"level":"info","message":"checking if user already exist in group","service":"auth-service","timestamp":"2025-08-31T14:27:14.979Z"}
{"level":"warn","message":"Checking for rate limit","service":"auth-service","timestamp":"2025-08-31T14:27:43.947Z"}
{"level":"info","message":"request from /api/member/addMember having a method of POST","service":"auth-service","timestamp":"2025-08-31T14:27:43.949Z"}
{"level":"info","message":"user hit the add group member controller","service":"auth-service","timestamp":"2025-08-31T14:27:43.950Z"}
{"level":"info","message":"checking if user already exist in group","service":"auth-service","timestamp":"2025-08-31T14:27:44.003Z"}
{"level":"info","message":"user with id 68b41979b93d55d1b25fc754 is added to group Gold","service":"auth-service","timestamp":"2025-08-31T14:27:44.107Z"}
{"level":"warn","message":"Checking for rate limit","service":"auth-service","timestamp":"2025-08-31T14:28:19.219Z"}
{"level":"info","message":"request from /api/member/addMember having a method of POST","service":"auth-service","timestamp":"2025-08-31T14:28:19.221Z"}
{"level":"info","message":"user hit the add group member controller","service":"auth-service","timestamp":"2025-08-31T14:28:19.221Z"}
{"level":"info","message":"checking if user already exist in group","service":"auth-service","timestamp":"2025-08-31T14:28:19.256Z"}
{"level":"info","message":"user with id 68b41997b93d55d1b25fc758 is added to group Gold","service":"auth-service","timestamp":"2025-08-31T14:28:19.360Z"}
{"level":"warn","message":"Checking for rate limit","service":"auth-service","timestamp":"2025-08-31T14:28:21.730Z"}
{"level":"info","message":"request from /api/member/addMember having a method of POST","service":"auth-service","timestamp":"2025-08-31T14:28:21.732Z"}
{"level":"info","message":"user hit the add group member controller","service":"auth-service","timestamp":"2025-08-31T14:28:21.733Z"}
{"level":"warn","message":"Checking for rate limit","service":"auth-service","timestamp":"2025-08-31T14:29:52.166Z"}
{"level":"info","message":"request from /api/member/addMember having a method of POST","service":"auth-service","timestamp":"2025-08-31T14:29:52.176Z"}
{"level":"info","message":"user hit the add group member controller","service":"auth-service","timestamp":"2025-08-31T14:29:52.177Z"}
{"level":"info","message":"DB connection started","service":"auth-service","timestamp":"2025-08-31T14:30:56.805Z"}
{"level":"info","message":"Successfully connected to Redis","service":"auth-service","timestamp":"2025-08-31T14:30:56.837Z"}
{"level":"info","message":"Redis client is ready","service":"auth-service","timestamp":"2025-08-31T14:30:56.840Z"}
{"level":"info","message":"MongoDb  connected successfully","service":"auth-service","timestamp":"2025-08-31T14:30:57.499Z"}
{"level":"info","message":"App started at port 8001","service":"auth-service","timestamp":"2025-08-31T14:30:57.499Z"}
{"level":"info","message":"DB connection started","service":"auth-service","timestamp":"2025-08-31T14:31:01.864Z"}
{"level":"info","message":"Successfully connected to Redis","service":"auth-service","timestamp":"2025-08-31T14:31:01.872Z"}
{"level":"info","message":"Redis client is ready","service":"auth-service","timestamp":"2025-08-31T14:31:01.876Z"}
{"level":"info","message":"MongoDb  connected successfully","service":"auth-service","timestamp":"2025-08-31T14:31:02.316Z"}
{"level":"info","message":"App started at port 8001","service":"auth-service","timestamp":"2025-08-31T14:31:02.317Z"}
{"level":"info","message":"DB connection started","service":"auth-service","timestamp":"2025-08-31T14:34:38.548Z"}
{"level":"info","message":"Successfully connected to Redis","service":"auth-service","timestamp":"2025-08-31T14:34:38.576Z"}
{"level":"info","message":"Redis client is ready","service":"auth-service","timestamp":"2025-08-31T14:34:38.594Z"}
{"level":"info","message":"MongoDb  connected successfully","service":"auth-service","timestamp":"2025-08-31T14:34:39.064Z"}
{"level":"info","message":"App started at port 8001","service":"auth-service","timestamp":"2025-08-31T14:34:39.064Z"}
{"level":"info","message":"DB connection started","service":"auth-service","timestamp":"2025-08-31T14:35:23.158Z"}
{"level":"info","message":"Successfully connected to Redis","service":"auth-service","timestamp":"2025-08-31T14:35:23.184Z"}
{"level":"info","message":"Redis client is ready","service":"auth-service","timestamp":"2025-08-31T14:35:23.192Z"}
{"level":"info","message":"MongoDb  connected successfully","service":"auth-service","timestamp":"2025-08-31T14:35:23.674Z"}
{"level":"info","message":"App started at port 8001","service":"auth-service","timestamp":"2025-08-31T14:35:23.674Z"}
{"level":"info","message":"DB connection started","service":"auth-service","timestamp":"2025-08-31T14:37:44.046Z"}
{"level":"info","message":"Successfully connected to Redis","service":"auth-service","timestamp":"2025-08-31T14:37:44.064Z"}
{"level":"info","message":"Redis client is ready","service":"auth-service","timestamp":"2025-08-31T14:37:44.066Z"}
{"level":"info","message":"MongoDb  connected successfully","service":"auth-service","timestamp":"2025-08-31T14:37:44.661Z"}
{"level":"info","message":"App started at port 8001","service":"auth-service","timestamp":"2025-08-31T14:37:44.662Z"}
{"level":"warn","message":"Checking for rate limit","service":"auth-service","timestamp":"2025-08-31T14:38:33.700Z"}
{"level":"info","message":"request from /api/group/members/68b4512793966bab036982f9 having a method of GET","service":"auth-service","timestamp":"2025-08-31T14:38:33.709Z"}
{"level":"info","message":"user hits the delteGroup controller","service":"auth-service","timestamp":"2025-08-31T14:38:33.710Z"}
{"level":"info","message":"group deleted:","service":"auth-service","timestamp":"2025-08-31T14:38:33.749Z"}
{"level":"warn","message":"Checking for rate limit","service":"auth-service","timestamp":"2025-08-31T14:38:47.385Z"}
{"level":"info","message":"request from /api/group/groups having a method of GET","service":"auth-service","timestamp":"2025-08-31T14:38:47.392Z"}
{"level":"info","message":"user hits the getGroups controller","service":"auth-service","timestamp":"2025-08-31T14:38:47.393Z"}
{"level":"info","message":"user fetched all groups controller","service":"auth-service","timestamp":"2025-08-31T14:38:47.432Z"}
{"level":"warn","message":"Checking for rate limit","service":"auth-service","timestamp":"2025-08-31T14:39:11.032Z"}
{"level":"info","message":"request from /api/group/68b45a98526aa6518d64792a having a method of GET","service":"auth-service","timestamp":"2025-08-31T14:39:11.036Z"}
{"level":"info","message":"user hits the getGroup controller","service":"auth-service","timestamp":"2025-08-31T14:39:11.037Z"}
{"$__":{"activePaths":{"paths":{"__v":"init","_id":"init","createdAt":"init","groupMembersId":"init","groupName":"init","monthlyContribution":"init","numberOfMembers":"init","status":"init","updatedAt":"init"},"states":{"default":{},"init":{"__v":true,"_id":true,"createdAt":true,"groupMembersId":true,"groupName":true,"monthlyContribution":true,"numberOfMembers":true,"status":true,"updatedAt":true},"require":{}}},"skipId":true},"$isNew":false,"_doc":{"__v":0,"_id":"68b45a98526aa6518d64792a","createdAt":"2025-08-31T14:22:16.338Z","groupMembersId":["68b41901b93d55d1b25fc74c","68b41979b93d55d1b25fc754","68b41997b93d55d1b25fc758"],"groupName":"Gold","monthlyContribution":9000,"numberOfMembers":3,"status":"active","updatedAt":"2025-08-31T14:28:19.324Z"},"level":"info","message":"group fetched","service":"auth-service","timestamp":"2025-08-31T14:39:11.075Z"}
{"level":"warn","message":"Checking for rate limit","service":"auth-service","timestamp":"2025-08-31T14:39:54.395Z"}
{"level":"info","message":"request from /api/group/members/68b45a98526aa6518d64792a having a method of GET","service":"auth-service","timestamp":"2025-08-31T14:39:54.399Z"}
{"level":"info","message":"user hits the delteGroup controller","service":"auth-service","timestamp":"2025-08-31T14:39:54.400Z"}
{"0":{"__v":0,"_id":"68b45b33526aa6518d647933","createdAt":"2025-08-31T14:24:51.043Z","groupId":"68b45a98526aa6518d64792a","status":"pending","updatedAt":"2025-08-31T14:24:51.043Z","userId":"68b41901b93d55d1b25fc74c"},"1":{"__v":0,"_id":"68b45be06f012585713f48a0","createdAt":"2025-08-31T14:27:44.037Z","groupId":"68b45a98526aa6518d64792a","status":"pending","updatedAt":"2025-08-31T14:27:44.037Z","userId":"68b41979b93d55d1b25fc754"},"2":{"__v":0,"_id":"68b45c036f012585713f48a5","createdAt":"2025-08-31T14:28:19.289Z","groupId":"68b45a98526aa6518d64792a","status":"pending","updatedAt":"2025-08-31T14:28:19.289Z","userId":"68b41997b93d55d1b25fc758"},"level":"info","message":"group deleted:","service":"auth-service","timestamp":"2025-08-31T14:39:54.440Z"}
{"level":"info","message":"DB connection started","service":"auth-service","timestamp":"2025-08-31T14:44:25.457Z"}
{"level":"info","message":"Successfully connected to Redis","service":"auth-service","timestamp":"2025-08-31T14:44:25.475Z"}
{"level":"info","message":"Redis client is ready","service":"auth-service","timestamp":"2025-08-31T14:44:25.483Z"}
{"level":"info","message":"MongoDb  connected successfully","service":"auth-service","timestamp":"2025-08-31T14:44:26.005Z"}
{"level":"info","message":"App started at port 8001","service":"auth-service","timestamp":"2025-08-31T14:44:26.006Z"}
{"level":"warn","message":"Checking for rate limit","service":"auth-service","timestamp":"2025-08-31T14:45:48.304Z"}
{"level":"info","message":"request from /api/group/groups having a method of GET","service":"auth-service","timestamp":"2025-08-31T14:45:48.313Z"}
{"level":"info","message":"user hits the getGroups controller","service":"auth-service","timestamp":"2025-08-31T14:45:48.314Z"}
{"level":"info","message":"user fetched all groups controller","service":"auth-service","timestamp":"2025-08-31T14:45:48.357Z"}
{"level":"warn","message":"Checking for rate limit","service":"auth-service","timestamp":"2025-08-31T14:46:25.036Z"}
{"level":"info","message":"request from /api/group/members/68b45a98526aa6518d64792a having a method of GET","service":"auth-service","timestamp":"2025-08-31T14:46:25.039Z"}
{"level":"info","message":"user hits the delteGroup controller","service":"auth-service","timestamp":"2025-08-31T14:46:25.040Z"}
{"0":{"__v":0,"_id":"68b45b33526aa6518d647933","createdAt":"2025-08-31T14:24:51.043Z","groupId":"68b45a98526aa6518d64792a","status":"pending","updatedAt":"2025-08-31T14:24:51.043Z","userId":"68b41901b93d55d1b25fc74c"},"1":{"__v":0,"_id":"68b45be06f012585713f48a0","createdAt":"2025-08-31T14:27:44.037Z","groupId":"68b45a98526aa6518d64792a","status":"pending","updatedAt":"2025-08-31T14:27:44.037Z","userId":"68b41979b93d55d1b25fc754"},"2":{"__v":0,"_id":"68b45c036f012585713f48a5","createdAt":"2025-08-31T14:28:19.289Z","groupId":"68b45a98526aa6518d64792a","status":"pending","updatedAt":"2025-08-31T14:28:19.289Z","userId":"68b41997b93d55d1b25fc758"},"level":"info","message":"group deleted:","service":"auth-service","timestamp":"2025-08-31T14:46:25.072Z"}
{"level":"info","message":"DB connection started","service":"auth-service","timestamp":"2025-08-31T14:47:43.875Z"}
{"level":"info","message":"Successfully connected to Redis","service":"auth-service","timestamp":"2025-08-31T14:47:43.891Z"}
{"level":"info","message":"Redis client is ready","service":"auth-service","timestamp":"2025-08-31T14:47:43.896Z"}
{"level":"info","message":"MongoDb  connected successfully","service":"auth-service","timestamp":"2025-08-31T14:47:44.452Z"}
{"level":"info","message":"App started at port 8001","service":"auth-service","timestamp":"2025-08-31T14:47:44.453Z"}
{"level":"info","message":"DB connection started","service":"auth-service","timestamp":"2025-08-31T14:48:22.717Z"}
{"level":"info","message":"Successfully connected to Redis","service":"auth-service","timestamp":"2025-08-31T14:48:22.735Z"}
{"level":"info","message":"Redis client is ready","service":"auth-service","timestamp":"2025-08-31T14:48:22.738Z"}
{"level":"info","message":"MongoDb  connected successfully","service":"auth-service","timestamp":"2025-08-31T14:48:23.172Z"}
{"level":"info","message":"App started at port 8001","service":"auth-service","timestamp":"2025-08-31T14:48:23.172Z"}
{"level":"info","message":"DB connection started","service":"auth-service","timestamp":"2025-08-31T14:49:02.036Z"}
{"level":"info","message":"Successfully connected to Redis","service":"auth-service","timestamp":"2025-08-31T14:49:02.053Z"}
{"level":"info","message":"Redis client is ready","service":"auth-service","timestamp":"2025-08-31T14:49:02.054Z"}
{"level":"info","message":"MongoDb  connected successfully","service":"auth-service","timestamp":"2025-08-31T14:49:03.251Z"}
{"level":"info","message":"App started at port 8001","service":"auth-service","timestamp":"2025-08-31T14:49:03.251Z"}
{"level":"info","message":"DB connection started","service":"auth-service","timestamp":"2025-08-31T14:49:24.362Z"}
{"level":"info","message":"Successfully connected to Redis","service":"auth-service","timestamp":"2025-08-31T14:49:24.378Z"}
{"level":"info","message":"Redis client is ready","service":"auth-service","timestamp":"2025-08-31T14:49:24.380Z"}
{"level":"info","message":"MongoDb  connected successfully","service":"auth-service","timestamp":"2025-08-31T14:49:24.848Z"}
{"level":"info","message":"App started at port 8001","service":"auth-service","timestamp":"2025-08-31T14:49:24.848Z"}
{"level":"info","message":"DB connection started","service":"auth-service","timestamp":"2025-08-31T14:49:48.888Z"}
{"level":"info","message":"Successfully connected to Redis","service":"auth-service","timestamp":"2025-08-31T14:49:48.927Z"}
{"level":"info","message":"Redis client is ready","service":"auth-service","timestamp":"2025-08-31T14:49:48.929Z"}
{"level":"info","message":"MongoDb  connected successfully","service":"auth-service","timestamp":"2025-08-31T14:49:49.375Z"}
{"level":"info","message":"App started at port 8001","service":"auth-service","timestamp":"2025-08-31T14:49:49.375Z"}
{"level":"info","message":"DB connection started","service":"auth-service","timestamp":"2025-08-31T14:50:04.934Z"}
{"level":"info","message":"Successfully connected to Redis","service":"auth-service","timestamp":"2025-08-31T14:50:04.943Z"}
{"level":"info","message":"Redis client is ready","service":"auth-service","timestamp":"2025-08-31T14:50:04.944Z"}
{"level":"info","message":"MongoDb  connected successfully","service":"auth-service","timestamp":"2025-08-31T14:50:05.426Z"}
{"level":"info","message":"App started at port 8001","service":"auth-service","timestamp":"2025-08-31T14:50:05.426Z"}
{"level":"info","message":"DB connection started","service":"auth-service","timestamp":"2025-08-31T14:50:29.164Z"}
{"level":"info","message":"Successfully connected to Redis","service":"auth-service","timestamp":"2025-08-31T14:50:29.180Z"}
{"level":"info","message":"Redis client is ready","service":"auth-service","timestamp":"2025-08-31T14:50:29.192Z"}
{"level":"info","message":"MongoDb  connected successfully","service":"auth-service","timestamp":"2025-08-31T14:50:29.780Z"}
{"level":"info","message":"App started at port 8001","service":"auth-service","timestamp":"2025-08-31T14:50:29.780Z"}
{"level":"info","message":"DB connection started","service":"auth-service","timestamp":"2025-08-31T14:50:58.415Z"}
{"level":"info","message":"Successfully connected to Redis","service":"auth-service","timestamp":"2025-08-31T14:50:58.437Z"}
{"level":"info","message":"Redis client is ready","service":"auth-service","timestamp":"2025-08-31T14:50:58.439Z"}
{"level":"info","message":"MongoDb  connected successfully","service":"auth-service","timestamp":"2025-08-31T14:50:58.884Z"}
{"level":"info","message":"App started at port 8001","service":"auth-service","timestamp":"2025-08-31T14:50:58.884Z"}
{"level":"info","message":"DB connection started","service":"auth-service","timestamp":"2025-08-31T14:51:49.375Z"}
{"level":"info","message":"Successfully connected to Redis","service":"auth-service","timestamp":"2025-08-31T14:51:49.399Z"}
{"level":"info","message":"Redis client is ready","service":"auth-service","timestamp":"2025-08-31T14:51:49.400Z"}
{"level":"info","message":"MongoDb  connected successfully","service":"auth-service","timestamp":"2025-08-31T14:51:50.079Z"}
{"level":"info","message":"App started at port 8001","service":"auth-service","timestamp":"2025-08-31T14:51:50.079Z"}
{"level":"info","message":"DB connection started","service":"auth-service","timestamp":"2025-08-31T14:52:07.280Z"}
{"level":"info","message":"Successfully connected to Redis","service":"auth-service","timestamp":"2025-08-31T14:52:07.297Z"}
{"level":"info","message":"Redis client is ready","service":"auth-service","timestamp":"2025-08-31T14:52:07.298Z"}
{"level":"info","message":"MongoDb  connected successfully","service":"auth-service","timestamp":"2025-08-31T14:52:07.740Z"}
{"level":"info","message":"App started at port 8001","service":"auth-service","timestamp":"2025-08-31T14:52:07.740Z"}
{"level":"info","message":"DB connection started","service":"auth-service","timestamp":"2025-08-31T14:52:29.001Z"}
{"level":"info","message":"Successfully connected to Redis","service":"auth-service","timestamp":"2025-08-31T14:52:29.024Z"}
{"level":"info","message":"Redis client is ready","service":"auth-service","timestamp":"2025-08-31T14:52:29.026Z"}
{"level":"info","message":"MongoDb  connected successfully","service":"auth-service","timestamp":"2025-08-31T14:52:29.656Z"}
{"level":"info","message":"App started at port 8001","service":"auth-service","timestamp":"2025-08-31T14:52:29.656Z"}
{"level":"info","message":"DB connection started","service":"auth-service","timestamp":"2025-08-31T14:52:37.030Z"}
{"level":"info","message":"Successfully connected to Redis","service":"auth-service","timestamp":"2025-08-31T14:52:37.046Z"}
{"level":"info","message":"Redis client is ready","service":"auth-service","timestamp":"2025-08-31T14:52:37.048Z"}
{"level":"info","message":"DB connection started","service":"auth-service","timestamp":"2025-08-31T14:52:41.481Z"}
{"level":"info","message":"Successfully connected to Redis","service":"auth-service","timestamp":"2025-08-31T14:52:41.498Z"}
{"level":"info","message":"Redis client is ready","service":"auth-service","timestamp":"2025-08-31T14:52:41.499Z"}
{"level":"info","message":"MongoDb  connected successfully","service":"auth-service","timestamp":"2025-08-31T14:52:41.912Z"}
{"level":"info","message":"App started at port 8001","service":"auth-service","timestamp":"2025-08-31T14:52:41.913Z"}
{"level":"info","message":"DB connection started","service":"auth-service","timestamp":"2025-08-31T14:53:01.497Z"}
{"level":"info","message":"Successfully connected to Redis","service":"auth-service","timestamp":"2025-08-31T14:53:01.516Z"}
{"level":"info","message":"Redis client is ready","service":"auth-service","timestamp":"2025-08-31T14:53:01.518Z"}
{"level":"info","message":"MongoDb  connected successfully","service":"auth-service","timestamp":"2025-08-31T14:53:02.035Z"}
{"level":"info","message":"App started at port 8001","service":"auth-service","timestamp":"2025-08-31T14:53:02.035Z"}
{"level":"info","message":"DB connection started","service":"auth-service","timestamp":"2025-08-31T14:53:08.125Z"}
{"level":"info","message":"Successfully connected to Redis","service":"auth-service","timestamp":"2025-08-31T14:53:08.146Z"}
{"level":"info","message":"Redis client is ready","service":"auth-service","timestamp":"2025-08-31T14:53:08.149Z"}
{"level":"info","message":"MongoDb  connected successfully","service":"auth-service","timestamp":"2025-08-31T14:53:08.653Z"}
{"level":"info","message":"App started at port 8001","service":"auth-service","timestamp":"2025-08-31T14:53:08.653Z"}
{"level":"info","message":"DB connection started","service":"auth-service","timestamp":"2025-08-31T14:53:11.091Z"}
{"level":"info","message":"Successfully connected to Redis","service":"auth-service","timestamp":"2025-08-31T14:53:11.106Z"}
{"level":"info","message":"Redis client is ready","service":"auth-service","timestamp":"2025-08-31T14:53:11.107Z"}
{"level":"info","message":"MongoDb  connected successfully","service":"auth-service","timestamp":"2025-08-31T14:53:11.548Z"}
{"level":"info","message":"App started at port 8001","service":"auth-service","timestamp":"2025-08-31T14:53:11.549Z"}
{"level":"info","message":"DB connection started","service":"auth-service","timestamp":"2025-08-31T14:53:35.352Z"}
{"level":"info","message":"Successfully connected to Redis","service":"auth-service","timestamp":"2025-08-31T14:53:35.368Z"}
{"level":"info","message":"Redis client is ready","service":"auth-service","timestamp":"2025-08-31T14:53:35.369Z"}
{"level":"info","message":"MongoDb  connected successfully","service":"auth-service","timestamp":"2025-08-31T14:53:35.878Z"}
{"level":"info","message":"App started at port 8001","service":"auth-service","timestamp":"2025-08-31T14:53:35.879Z"}
{"level":"warn","message":"Checking for rate limit","service":"auth-service","timestamp":"2025-08-31T14:53:47.258Z"}
{"level":"info","message":"request from /api/group/members/68b45a98526aa6518d64792a having a method of GET","service":"auth-service","timestamp":"2025-08-31T14:53:47.266Z"}
{"level":"info","message":"user hits the getGRoup members controller","service":"auth-service","timestamp":"2025-08-31T14:53:47.268Z"}
{"level":"info","message":"attempt to get all members in a group","service":"auth-service","timestamp":"2025-08-31T14:53:47.269Z"}
{"level":"info","message":"group found:","service":"auth-service","timestamp":"2025-08-31T14:53:47.309Z"}
{"level":"info","message":"DB connection started","service":"auth-service","timestamp":"2025-08-31T14:54:02.285Z"}
{"level":"info","message":"Successfully connected to Redis","service":"auth-service","timestamp":"2025-08-31T14:54:02.303Z"}
{"level":"info","message":"Redis client is ready","service":"auth-service","timestamp":"2025-08-31T14:54:02.309Z"}
{"level":"info","message":"MongoDb  connected successfully","service":"auth-service","timestamp":"2025-08-31T14:54:02.728Z"}
{"level":"info","message":"App started at port 8001","service":"auth-service","timestamp":"2025-08-31T14:54:02.729Z"}
{"level":"info","message":"DB connection started","service":"auth-service","timestamp":"2025-08-31T14:54:19.352Z"}
{"level":"info","message":"Successfully connected to Redis","service":"auth-service","timestamp":"2025-08-31T14:54:19.369Z"}
{"level":"info","message":"Redis client is ready","service":"auth-service","timestamp":"2025-08-31T14:54:19.370Z"}
{"level":"info","message":"MongoDb  connected successfully","service":"auth-service","timestamp":"2025-08-31T14:54:19.815Z"}
{"level":"info","message":"App started at port 8001","service":"auth-service","timestamp":"2025-08-31T14:54:19.815Z"}
{"level":"info","message":"DB connection started","service":"auth-service","timestamp":"2025-08-31T14:54:29.584Z"}
{"level":"info","message":"Successfully connected to Redis","service":"auth-service","timestamp":"2025-08-31T14:54:29.603Z"}
{"level":"info","message":"Redis client is ready","service":"auth-service","timestamp":"2025-08-31T14:54:29.610Z"}
{"level":"info","message":"MongoDb  connected successfully","service":"auth-service","timestamp":"2025-08-31T14:54:30.119Z"}
{"level":"info","message":"App started at port 8001","service":"auth-service","timestamp":"2025-08-31T14:54:30.119Z"}
{"level":"info","message":"DB connection started","service":"auth-service","timestamp":"2025-08-31T14:54:43.724Z"}
{"level":"info","message":"Successfully connected to Redis","service":"auth-service","timestamp":"2025-08-31T14:54:43.737Z"}
{"level":"info","message":"Redis client is ready","service":"auth-service","timestamp":"2025-08-31T14:54:43.738Z"}
{"level":"info","message":"MongoDb  connected successfully","service":"auth-service","timestamp":"2025-08-31T14:54:44.202Z"}
{"level":"info","message":"App started at port 8001","service":"auth-service","timestamp":"2025-08-31T14:54:44.202Z"}
{"level":"warn","message":"Checking for rate limit","service":"auth-service","timestamp":"2025-08-31T14:55:31.435Z"}
{"level":"info","message":"request from /api/group/groups having a method of GET","service":"auth-service","timestamp":"2025-08-31T14:55:31.468Z"}
{"level":"info","message":"user hits the getGroups controller","service":"auth-service","timestamp":"2025-08-31T14:55:31.469Z"}
{"level":"info","message":"user fetched all groups controller","service":"auth-service","timestamp":"2025-08-31T14:55:31.511Z"}
{"level":"warn","message":"Checking for rate limit","service":"auth-service","timestamp":"2025-08-31T14:56:07.259Z"}
{"level":"info","message":"request from /api/group/members/68b45a98526aa6518d64792a having a method of GET","service":"auth-service","timestamp":"2025-08-31T14:56:07.262Z"}
{"level":"info","message":"user hits the getGRoup members controller","service":"auth-service","timestamp":"2025-08-31T14:56:07.264Z"}
{"level":"info","message":"attempt to get all members in a group","service":"auth-service","timestamp":"2025-08-31T14:56:07.265Z"}
{"level":"info","message":"group found:","service":"auth-service","timestamp":"2025-08-31T14:56:07.303Z"}
{"level":"warn","message":"Checking for rate limit","service":"auth-service","timestamp":"2025-08-31T14:56:08.694Z"}
{"level":"info","message":"request from /api/group/members/68b45a98526aa6518d64792a having a method of GET","service":"auth-service","timestamp":"2025-08-31T14:56:08.696Z"}
{"level":"info","message":"user hits the getGRoup members controller","service":"auth-service","timestamp":"2025-08-31T14:56:08.697Z"}
{"level":"info","message":"attempt to get all members in a group","service":"auth-service","timestamp":"2025-08-31T14:56:08.697Z"}
{"level":"info","message":"group found:","service":"auth-service","timestamp":"2025-08-31T14:56:08.730Z"}
{"level":"info","message":"DB connection started","service":"auth-service","timestamp":"2025-08-31T14:58:50.184Z"}
{"level":"info","message":"Successfully connected to Redis","service":"auth-service","timestamp":"2025-08-31T14:58:50.207Z"}
{"level":"info","message":"Redis client is ready","service":"auth-service","timestamp":"2025-08-31T14:58:50.215Z"}
{"level":"info","message":"MongoDb  connected successfully","service":"auth-service","timestamp":"2025-08-31T14:58:50.726Z"}
{"level":"info","message":"App started at port 8001","service":"auth-service","timestamp":"2025-08-31T14:58:50.726Z"}
{"level":"warn","message":"Checking for rate limit","service":"auth-service","timestamp":"2025-08-31T14:59:08.975Z"}
{"level":"info","message":"request from /api/group/members/68b45a98526aa6518d64792a having a method of GET","service":"auth-service","timestamp":"2025-08-31T14:59:08.980Z"}
{"level":"info","message":"user hits the getGRoup members controller","service":"auth-service","timestamp":"2025-08-31T14:59:08.981Z"}
{"level":"info","message":"attempt to get all members in a group","service":"auth-service","timestamp":"2025-08-31T14:59:08.982Z"}
{"level":"info","message":"group found:","service":"auth-service","timestamp":"2025-08-31T14:59:09.027Z"}
{"level":"info","message":"DB connection started","service":"auth-service","timestamp":"2025-08-31T15:01:49.314Z"}
{"level":"info","message":"Successfully connected to Redis","service":"auth-service","timestamp":"2025-08-31T15:01:49.350Z"}
{"level":"info","message":"Redis client is ready","service":"auth-service","timestamp":"2025-08-31T15:01:49.363Z"}
{"level":"info","message":"DB connection started","service":"auth-service","timestamp":"2025-08-31T15:02:38.360Z"}
{"level":"info","message":"Successfully connected to Redis","service":"auth-service","timestamp":"2025-08-31T15:02:38.376Z"}
{"level":"info","message":"Redis client is ready","service":"auth-service","timestamp":"2025-08-31T15:02:38.380Z"}
{"level":"info","message":"MongoDb  connected successfully","service":"auth-service","timestamp":"2025-08-31T15:02:38.937Z"}
{"level":"info","message":"App started at port 8001","service":"auth-service","timestamp":"2025-08-31T15:02:38.938Z"}
{"level":"info","message":"DB connection started","service":"auth-service","timestamp":"2025-08-31T15:04:42.367Z"}
{"level":"info","message":"Successfully connected to Redis","service":"auth-service","timestamp":"2025-08-31T15:04:42.384Z"}
{"level":"info","message":"Redis client is ready","service":"auth-service","timestamp":"2025-08-31T15:04:42.390Z"}
{"level":"info","message":"MongoDb  connected successfully","service":"auth-service","timestamp":"2025-08-31T15:04:42.918Z"}
{"level":"info","message":"App started at port 8001","service":"auth-service","timestamp":"2025-08-31T15:04:42.918Z"}
{"level":"warn","message":"Checking for rate limit","service":"auth-service","timestamp":"2025-08-31T15:05:02.825Z"}
{"level":"info","message":"request from /api/group/members/68b45a98526aa6518d64792a having a method of GET","service":"auth-service","timestamp":"2025-08-31T15:05:02.849Z"}
{"level":"info","message":"user hits the getGRoup members controller","service":"auth-service","timestamp":"2025-08-31T15:05:02.850Z"}
{"level":"info","message":"attempt to get all members in a group","service":"auth-service","timestamp":"2025-08-31T15:05:02.850Z"}
{"level":"info","message":"DB connection started","service":"auth-service","timestamp":"2025-08-31T15:05:45.948Z"}
{"level":"info","message":"Successfully connected to Redis","service":"auth-service","timestamp":"2025-08-31T15:05:45.966Z"}
{"level":"info","message":"Redis client is ready","service":"auth-service","timestamp":"2025-08-31T15:05:45.973Z"}
{"level":"info","message":"MongoDb  connected successfully","service":"auth-service","timestamp":"2025-08-31T15:05:46.566Z"}
{"level":"info","message":"App started at port 8001","service":"auth-service","timestamp":"2025-08-31T15:05:46.567Z"}
{"level":"info","message":"DB connection started","service":"auth-service","timestamp":"2025-08-31T15:05:53.932Z"}
{"level":"info","message":"Successfully connected to Redis","service":"auth-service","timestamp":"2025-08-31T15:05:53.953Z"}
{"level":"info","message":"Redis client is ready","service":"auth-service","timestamp":"2025-08-31T15:05:53.956Z"}
{"level":"info","message":"DB connection started","service":"auth-service","timestamp":"2025-08-31T15:05:57.475Z"}
{"level":"info","message":"Successfully connected to Redis","service":"auth-service","timestamp":"2025-08-31T15:05:57.483Z"}
{"level":"info","message":"Redis client is ready","service":"auth-service","timestamp":"2025-08-31T15:05:57.489Z"}
{"level":"info","message":"MongoDb  connected successfully","service":"auth-service","timestamp":"2025-08-31T15:05:57.985Z"}
{"level":"info","message":"App started at port 8001","service":"auth-service","timestamp":"2025-08-31T15:05:57.985Z"}
{"level":"warn","message":"Checking for rate limit","service":"auth-service","timestamp":"2025-08-31T15:06:08.494Z"}
{"level":"info","message":"request from /api/group/members/68b45a98526aa6518d64792a having a method of GET","service":"auth-service","timestamp":"2025-08-31T15:06:08.500Z"}
{"level":"info","message":"user hits the getGRoup members controller","service":"auth-service","timestamp":"2025-08-31T15:06:08.504Z"}
{"level":"info","message":"attempt to get all members in a group","service":"auth-service","timestamp":"2025-08-31T15:06:08.505Z"}
{"level":"error","message":"Schema hasn't been registered for model \"User\".\nUse mongoose.model(name, schema)","service":"auth-service","stack":"MissingSchemaError: Schema hasn't been registered for model \"User\".\nUse mongoose.model(name, schema)\n    at NativeConnection.model (/Users/home/Desktop/projects/ROSCA/rusca-microservices-server/contribution-services/node_modules/mongoose/lib/connection.js:1493:13)\n    at _getModelFromConn (/Users/home/Desktop/projects/ROSCA/rusca-microservices-server/contribution-services/node_modules/mongoose/lib/helpers/populate/getModelsMapForPopulate.js:579:15)\n    at addModelNamesToMap (/Users/home/Desktop/projects/ROSCA/rusca-microservices-server/contribution-services/node_modules/mongoose/lib/helpers/populate/getModelsMapForPopulate.js:507:17)\n    at getModelsMapForPopulate (/Users/home/Desktop/projects/ROSCA/rusca-microservices-server/contribution-services/node_modules/mongoose/lib/helpers/populate/getModelsMapForPopulate.js:208:7)\n    at _populatePath (/Users/home/Desktop/projects/ROSCA/rusca-microservices-server/contribution-services/node_modules/mongoose/lib/model.js:4469:21)\n    at model.populate (/Users/home/Desktop/projects/ROSCA/rusca-microservices-server/contribution-services/node_modules/mongoose/lib/model.js:4436:21)\n    at /Users/home/Desktop/projects/ROSCA/rusca-microservices-server/contribution-services/node_modules/mongoose/lib/query.js:2631:11\n    at _init (/Users/home/Desktop/projects/ROSCA/rusca-microservices-server/contribution-services/node_modules/mongoose/lib/query.js:3307:5)\n    at model.Document.init (/Users/home/Desktop/projects/ROSCA/rusca-microservices-server/contribution-services/node_modules/mongoose/lib/document.js:654:5)\n    at model.Document.$init (/Users/home/Desktop/projects/ROSCA/rusca-microservices-server/contribution-services/node_modules/mongoose/lib/document.js:667:42)","timestamp":"2025-08-31T15:06:08.571Z"}
{"level":"error","message":"Schema hasn't been registered for model \"User\".\nUse mongoose.model(name, schema)","service":"auth-service","timestamp":"2025-08-31T15:06:08.575Z"}
{"level":"info","message":"DB connection started","service":"auth-service","timestamp":"2025-08-31T15:20:50.117Z"}
{"level":"info","message":"Successfully connected to Redis","service":"auth-service","timestamp":"2025-08-31T15:20:50.140Z"}
{"level":"info","message":"Redis client is ready","service":"auth-service","timestamp":"2025-08-31T15:20:50.169Z"}
{"level":"info","message":"MongoDb  connected successfully","service":"auth-service","timestamp":"2025-08-31T15:20:50.631Z"}
{"level":"info","message":"App started at port 8001","service":"auth-service","timestamp":"2025-08-31T15:20:50.632Z"}
{"level":"warn","message":"Checking for rate limit","service":"auth-service","timestamp":"2025-08-31T15:21:18.005Z"}
{"level":"info","message":"request from /api/group/members/68b45a98526aa6518d64792a having a method of GET","service":"auth-service","timestamp":"2025-08-31T15:21:18.013Z"}
{"level":"info","message":"user hits the getGRoup members controller","service":"auth-service","timestamp":"2025-08-31T15:21:18.014Z"}
{"level":"info","message":"attempt to get all members in a group","service":"auth-service","timestamp":"2025-08-31T15:21:18.015Z"}
{"0":{"_id":"68b45a98526aa6518d64792a","members":[{"_id":"68b41901b93d55d1b25fc74c","email":"sam@gmail.com"},{"_id":"68b41979b93d55d1b25fc754","email":"james@gmail.com"},{"_id":"68b41997b93d55d1b25fc758","email":"samuel@gmail.com"}]},"level":"info","message":"group found:","service":"auth-service","timestamp":"2025-08-31T15:21:18.051Z"}
{"level":"info","message":"DB connection started","service":"auth-service","timestamp":"2025-08-31T15:21:48.100Z"}
{"level":"info","message":"Successfully connected to Redis","service":"auth-service","timestamp":"2025-08-31T15:21:48.148Z"}
{"level":"info","message":"Redis client is ready","service":"auth-service","timestamp":"2025-08-31T15:21:48.194Z"}
{"level":"info","message":"MongoDb  connected successfully","service":"auth-service","timestamp":"2025-08-31T15:21:48.625Z"}
{"level":"info","message":"App started at port 8001","service":"auth-service","timestamp":"2025-08-31T15:21:48.625Z"}
{"level":"info","message":"DB connection started","service":"auth-service","timestamp":"2025-08-31T15:21:52.228Z"}
{"level":"info","message":"Successfully connected to Redis","service":"auth-service","timestamp":"2025-08-31T15:21:52.237Z"}
{"level":"info","message":"Redis client is ready","service":"auth-service","timestamp":"2025-08-31T15:21:52.240Z"}
{"level":"info","message":"MongoDb  connected successfully","service":"auth-service","timestamp":"2025-08-31T15:21:52.743Z"}
{"level":"info","message":"App started at port 8001","service":"auth-service","timestamp":"2025-08-31T15:21:52.743Z"}
{"level":"warn","message":"Checking for rate limit","service":"auth-service","timestamp":"2025-08-31T15:22:22.264Z"}
{"level":"info","message":"request from /api/group/members/68b45a98526aa6518d64792a having a method of GET","service":"auth-service","timestamp":"2025-08-31T15:22:22.268Z"}
{"level":"info","message":"user hits the getGRoup members controller","service":"auth-service","timestamp":"2025-08-31T15:22:22.269Z"}
{"level":"info","message":"attempt to get all members in a group","service":"auth-service","timestamp":"2025-08-31T15:22:22.269Z"}
{"0":{"__v":0,"_id":"68b45a98526aa6518d64792a","createdAt":"2025-08-31T14:22:16.338Z","groupMembersId":["68b41901b93d55d1b25fc74c","68b41979b93d55d1b25fc754","68b41997b93d55d1b25fc758"],"groupName":"Gold","members":[{"__v":0,"_id":"68b41901b93d55d1b25fc74c","createdAt":"2025-08-31T09:42:25.634Z","email":"sam@gmail.com","email_token":"d648fa6b9864e58cb91718db3f83e3af2f5a6f08","email_token_expires":"2025-08-31T09:52:25.728Z","email_verified":false,"failedLoginCount":0,"fullName":"sam","is_deleted":false,"password":"$argon2id$v=19$m=65536,t=3,p=4$5T+vZFXupDN6k3Up4dIY1w$LDOO0bRd5z9fLBwQhWuz47nomt/w0dyc4LIo9VdEQBY","password_reset_expires":null,"password_reset_token":null,"phone":"07881168250","role":"user","status":"pending","updatedAt":"2025-08-31T09:42:25.745Z"},{"__v":0,"_id":"68b41979b93d55d1b25fc754","createdAt":"2025-08-31T09:44:25.604Z","email":"james@gmail.com","email_token":"cc468443e83b5201d3c68971c7f75924b15fcd0d","email_token_expires":"2025-08-31T09:54:25.703Z","email_verified":false,"failedLoginCount":0,"fullName":"james","is_deleted":false,"password":"$argon2id$v=19$m=65536,t=3,p=4$KP4VvczBDnRmAyziKA+kkQ$pB2FvEUEG71hlfPHP7VONsDCOFdHjOSawlsKc14H5Ns","password_reset_expires":null,"password_reset_token":null,"phone":"07881168250","role":"user","status":"pending","updatedAt":"2025-08-31T09:44:25.705Z"},{"__v":0,"_id":"68b41997b93d55d1b25fc758","createdAt":"2025-08-31T09:44:55.354Z","email":"samuel@gmail.com","email_token":"342b48dcdc3ec79e083dbb4488af1b40522c5e1a","email_token_expires":"2025-08-31T09:54:55.470Z","email_verified":false,"failedLoginCount":0,"fullName":"samuel","is_deleted":false,"password":"$argon2id$v=19$m=65536,t=3,p=4$1q6BZazs0npqmpiIFEeD/g$bSXXt0lo6zxidiThR/8DMxClBsUTtDKTh39ldeYLGeU","password_reset_expires":null,"password_reset_token":null,"phone":"07881168250","role":"user","status":"pending","updatedAt":"2025-08-31T09:44:55.471Z"}],"monthlyContribution":9000,"numberOfMembers":3,"status":"active","updatedAt":"2025-08-31T14:28:19.324Z"},"level":"info","message":"group found:","service":"auth-service","timestamp":"2025-08-31T15:22:22.313Z"}
{"level":"info","message":"DB connection started","service":"auth-service","timestamp":"2025-08-31T15:25:54.245Z"}
{"level":"info","message":"Successfully connected to Redis","service":"auth-service","timestamp":"2025-08-31T15:25:54.262Z"}
{"level":"info","message":"Redis client is ready","service":"auth-service","timestamp":"2025-08-31T15:25:54.265Z"}
{"level":"info","message":"DB connection started","service":"auth-service","timestamp":"2025-08-31T15:25:56.816Z"}
{"level":"info","message":"Successfully connected to Redis","service":"auth-service","timestamp":"2025-08-31T15:25:56.833Z"}
{"level":"info","message":"Redis client is ready","service":"auth-service","timestamp":"2025-08-31T15:25:56.834Z"}
{"level":"info","message":"MongoDb  connected successfully","service":"auth-service","timestamp":"2025-08-31T15:25:57.251Z"}
{"level":"info","message":"App started at port 8001","service":"auth-service","timestamp":"2025-08-31T15:25:57.252Z"}
{"level":"info","message":"DB connection started","service":"auth-service","timestamp":"2025-08-31T15:26:02.338Z"}
{"level":"info","message":"Successfully connected to Redis","service":"auth-service","timestamp":"2025-08-31T15:26:02.358Z"}
{"level":"info","message":"Redis client is ready","service":"auth-service","timestamp":"2025-08-31T15:26:02.361Z"}
{"level":"info","message":"MongoDb  connected successfully","service":"auth-service","timestamp":"2025-08-31T15:26:02.864Z"}
{"level":"info","message":"App started at port 8001","service":"auth-service","timestamp":"2025-08-31T15:26:02.865Z"}
{"level":"warn","message":"Checking for rate limit","service":"auth-service","timestamp":"2025-08-31T15:26:08.455Z"}
{"level":"info","message":"request from /api/group/members/68b45a98526aa6518d64792a having a method of GET","service":"auth-service","timestamp":"2025-08-31T15:26:08.464Z"}
{"level":"info","message":"user hits the getGRoup members controller","service":"auth-service","timestamp":"2025-08-31T15:26:08.466Z"}
{"level":"info","message":"attempt to get all members in a group","service":"auth-service","timestamp":"2025-08-31T15:26:08.468Z"}
{"0":{"__v":0,"_id":"68b45a98526aa6518d64792a","createdAt":"2025-08-31T14:22:16.338Z","groupMembersId":["68b41901b93d55d1b25fc74c","68b41979b93d55d1b25fc754","68b41997b93d55d1b25fc758"],"groupName":"Gold","members":[{"__v":0,"_id":"68b41901b93d55d1b25fc74c","createdAt":"2025-08-31T09:42:25.634Z","email":"sam@gmail.com","email_token":"d648fa6b9864e58cb91718db3f83e3af2f5a6f08","email_token_expires":"2025-08-31T09:52:25.728Z","email_verified":false,"failedLoginCount":0,"fullName":"sam","is_deleted":false,"password":"$argon2id$v=19$m=65536,t=3,p=4$5T+vZFXupDN6k3Up4dIY1w$LDOO0bRd5z9fLBwQhWuz47nomt/w0dyc4LIo9VdEQBY","password_reset_expires":null,"password_reset_token":null,"phone":"07881168250","role":"user","status":"pending","updatedAt":"2025-08-31T09:42:25.745Z"},{"__v":0,"_id":"68b41979b93d55d1b25fc754","createdAt":"2025-08-31T09:44:25.604Z","email":"james@gmail.com","email_token":"cc468443e83b5201d3c68971c7f75924b15fcd0d","email_token_expires":"2025-08-31T09:54:25.703Z","email_verified":false,"failedLoginCount":0,"fullName":"james","is_deleted":false,"password":"$argon2id$v=19$m=65536,t=3,p=4$KP4VvczBDnRmAyziKA+kkQ$pB2FvEUEG71hlfPHP7VONsDCOFdHjOSawlsKc14H5Ns","password_reset_expires":null,"password_reset_token":null,"phone":"07881168250","role":"user","status":"pending","updatedAt":"2025-08-31T09:44:25.705Z"},{"__v":0,"_id":"68b41997b93d55d1b25fc758","createdAt":"2025-08-31T09:44:55.354Z","email":"samuel@gmail.com","email_token":"342b48dcdc3ec79e083dbb4488af1b40522c5e1a","email_token_expires":"2025-08-31T09:54:55.470Z","email_verified":false,"failedLoginCount":0,"fullName":"samuel","is_deleted":false,"password":"$argon2id$v=19$m=65536,t=3,p=4$1q6BZazs0npqmpiIFEeD/g$bSXXt0lo6zxidiThR/8DMxClBsUTtDKTh39ldeYLGeU","password_reset_expires":null,"password_reset_token":null,"phone":"07881168250","role":"user","status":"pending","updatedAt":"2025-08-31T09:44:55.471Z"}],"monthlyContribution":9000,"numberOfMembers":3,"status":"active","updatedAt":"2025-08-31T14:28:19.324Z"},"level":"info","message":"group found:","service":"auth-service","timestamp":"2025-08-31T15:26:08.509Z"}
{"level":"error","message":"Cannot read properties of undefined (reading 'members')","service":"auth-service","stack":"TypeError: Cannot read properties of undefined (reading 'members')\n    at getGroupMembers (/Users/home/Desktop/projects/ROSCA/rusca-microservices-server/contribution-services/src/controllers/groupController.ts:245:20)\n    at processTicksAndRejections (node:internal/process/task_queues:105:5)","timestamp":"2025-08-31T15:26:08.511Z"}
{"level":"error","message":"Cannot read properties of undefined (reading 'members')","service":"auth-service","timestamp":"2025-08-31T15:26:08.516Z"}
{"level":"info","message":"DB connection started","service":"auth-service","timestamp":"2025-08-31T15:26:25.374Z"}
{"level":"info","message":"Successfully connected to Redis","service":"auth-service","timestamp":"2025-08-31T15:26:25.402Z"}
{"level":"info","message":"Redis client is ready","service":"auth-service","timestamp":"2025-08-31T15:26:25.406Z"}
{"level":"warn","message":"Checking for rate limit","service":"auth-service","timestamp":"2025-08-31T15:26:25.855Z"}
{"level":"info","message":"request from /api/group/members/68b45a98526aa6518d64792a having a method of GET","service":"auth-service","timestamp":"2025-08-31T15:26:25.857Z"}
{"level":"info","message":"user hits the getGRoup members controller","service":"auth-service","timestamp":"2025-08-31T15:26:25.858Z"}
{"level":"info","message":"attempt to get all members in a group","service":"auth-service","timestamp":"2025-08-31T15:26:25.858Z"}
{"level":"info","message":"MongoDb  connected successfully","service":"auth-service","timestamp":"2025-08-31T15:26:25.907Z"}
{"level":"info","message":"App started at port 8001","service":"auth-service","timestamp":"2025-08-31T15:26:25.907Z"}
{"0":{"__v":0,"_id":"68b45a98526aa6518d64792a","createdAt":"2025-08-31T14:22:16.338Z","groupMembersId":["68b41901b93d55d1b25fc74c","68b41979b93d55d1b25fc754","68b41997b93d55d1b25fc758"],"groupName":"Gold","members":[{"__v":0,"_id":"68b41901b93d55d1b25fc74c","createdAt":"2025-08-31T09:42:25.634Z","email":"sam@gmail.com","email_token":"d648fa6b9864e58cb91718db3f83e3af2f5a6f08","email_token_expires":"2025-08-31T09:52:25.728Z","email_verified":false,"failedLoginCount":0,"fullName":"sam","is_deleted":false,"password":"$argon2id$v=19$m=65536,t=3,p=4$5T+vZFXupDN6k3Up4dIY1w$LDOO0bRd5z9fLBwQhWuz47nomt/w0dyc4LIo9VdEQBY","password_reset_expires":null,"password_reset_token":null,"phone":"07881168250","role":"user","status":"pending","updatedAt":"2025-08-31T09:42:25.745Z"},{"__v":0,"_id":"68b41979b93d55d1b25fc754","createdAt":"2025-08-31T09:44:25.604Z","email":"james@gmail.com","email_token":"cc468443e83b5201d3c68971c7f75924b15fcd0d","email_token_expires":"2025-08-31T09:54:25.703Z","email_verified":false,"failedLoginCount":0,"fullName":"james","is_deleted":false,"password":"$argon2id$v=19$m=65536,t=3,p=4$KP4VvczBDnRmAyziKA+kkQ$pB2FvEUEG71hlfPHP7VONsDCOFdHjOSawlsKc14H5Ns","password_reset_expires":null,"password_reset_token":null,"phone":"07881168250","role":"user","status":"pending","updatedAt":"2025-08-31T09:44:25.705Z"},{"__v":0,"_id":"68b41997b93d55d1b25fc758","createdAt":"2025-08-31T09:44:55.354Z","email":"samuel@gmail.com","email_token":"342b48dcdc3ec79e083dbb4488af1b40522c5e1a","email_token_expires":"2025-08-31T09:54:55.470Z","email_verified":false,"failedLoginCount":0,"fullName":"samuel","is_deleted":false,"password":"$argon2id$v=19$m=65536,t=3,p=4$1q6BZazs0npqmpiIFEeD/g$bSXXt0lo6zxidiThR/8DMxClBsUTtDKTh39ldeYLGeU","password_reset_expires":null,"password_reset_token":null,"phone":"07881168250","role":"user","status":"pending","updatedAt":"2025-08-31T09:44:55.471Z"}],"monthlyContribution":9000,"numberOfMembers":3,"status":"active","updatedAt":"2025-08-31T14:28:19.324Z"},"level":"info","message":"group found:","service":"auth-service","timestamp":"2025-08-31T15:26:25.940Z"}
{"level":"warn","message":"Checking for rate limit","service":"auth-service","timestamp":"2025-08-31T15:26:29.475Z"}
{"level":"info","message":"request from /api/group/members/68b45a98526aa6518d64792a having a method of GET","service":"auth-service","timestamp":"2025-08-31T15:26:29.478Z"}
{"level":"info","message":"user hits the getGRoup members controller","service":"auth-service","timestamp":"2025-08-31T15:26:29.479Z"}
{"level":"info","message":"attempt to get all members in a group","service":"auth-service","timestamp":"2025-08-31T15:26:29.479Z"}
{"0":{"__v":0,"_id":"68b45a98526aa6518d64792a","createdAt":"2025-08-31T14:22:16.338Z","groupMembersId":["68b41901b93d55d1b25fc74c","68b41979b93d55d1b25fc754","68b41997b93d55d1b25fc758"],"groupName":"Gold","members":[{"__v":0,"_id":"68b41901b93d55d1b25fc74c","createdAt":"2025-08-31T09:42:25.634Z","email":"sam@gmail.com","email_token":"d648fa6b9864e58cb91718db3f83e3af2f5a6f08","email_token_expires":"2025-08-31T09:52:25.728Z","email_verified":false,"failedLoginCount":0,"fullName":"sam","is_deleted":false,"password":"$argon2id$v=19$m=65536,t=3,p=4$5T+vZFXupDN6k3Up4dIY1w$LDOO0bRd5z9fLBwQhWuz47nomt/w0dyc4LIo9VdEQBY","password_reset_expires":null,"password_reset_token":null,"phone":"07881168250","role":"user","status":"pending","updatedAt":"2025-08-31T09:42:25.745Z"},{"__v":0,"_id":"68b41979b93d55d1b25fc754","createdAt":"2025-08-31T09:44:25.604Z","email":"james@gmail.com","email_token":"cc468443e83b5201d3c68971c7f75924b15fcd0d","email_token_expires":"2025-08-31T09:54:25.703Z","email_verified":false,"failedLoginCount":0,"fullName":"james","is_deleted":false,"password":"$argon2id$v=19$m=65536,t=3,p=4$KP4VvczBDnRmAyziKA+kkQ$pB2FvEUEG71hlfPHP7VONsDCOFdHjOSawlsKc14H5Ns","password_reset_expires":null,"password_reset_token":null,"phone":"07881168250","role":"user","status":"pending","updatedAt":"2025-08-31T09:44:25.705Z"},{"__v":0,"_id":"68b41997b93d55d1b25fc758","createdAt":"2025-08-31T09:44:55.354Z","email":"samuel@gmail.com","email_token":"342b48dcdc3ec79e083dbb4488af1b40522c5e1a","email_token_expires":"2025-08-31T09:54:55.470Z","email_verified":false,"failedLoginCount":0,"fullName":"samuel","is_deleted":false,"password":"$argon2id$v=19$m=65536,t=3,p=4$1q6BZazs0npqmpiIFEeD/g$bSXXt0lo6zxidiThR/8DMxClBsUTtDKTh39ldeYLGeU","password_reset_expires":null,"password_reset_token":null,"phone":"07881168250","role":"user","status":"pending","updatedAt":"2025-08-31T09:44:55.471Z"}],"monthlyContribution":9000,"numberOfMembers":3,"status":"active","updatedAt":"2025-08-31T14:28:19.324Z"},"level":"info","message":"group found:","service":"auth-service","timestamp":"2025-08-31T15:26:29.512Z"}
{"level":"warn","message":"Checking for rate limit","service":"auth-service","timestamp":"2025-08-31T15:26:32.796Z"}
{"level":"info","message":"request from /api/group/members/68b45a98526aa6518d64792a having a method of GET","service":"auth-service","timestamp":"2025-08-31T15:26:32.798Z"}
{"level":"info","message":"user hits the getGRoup members controller","service":"auth-service","timestamp":"2025-08-31T15:26:32.799Z"}
{"level":"info","message":"attempt to get all members in a group","service":"auth-service","timestamp":"2025-08-31T15:26:32.799Z"}
{"0":{"__v":0,"_id":"68b45a98526aa6518d64792a","createdAt":"2025-08-31T14:22:16.338Z","groupMembersId":["68b41901b93d55d1b25fc74c","68b41979b93d55d1b25fc754","68b41997b93d55d1b25fc758"],"groupName":"Gold","members":[{"__v":0,"_id":"68b41901b93d55d1b25fc74c","createdAt":"2025-08-31T09:42:25.634Z","email":"sam@gmail.com","email_token":"d648fa6b9864e58cb91718db3f83e3af2f5a6f08","email_token_expires":"2025-08-31T09:52:25.728Z","email_verified":false,"failedLoginCount":0,"fullName":"sam","is_deleted":false,"password":"$argon2id$v=19$m=65536,t=3,p=4$5T+vZFXupDN6k3Up4dIY1w$LDOO0bRd5z9fLBwQhWuz47nomt/w0dyc4LIo9VdEQBY","password_reset_expires":null,"password_reset_token":null,"phone":"07881168250","role":"user","status":"pending","updatedAt":"2025-08-31T09:42:25.745Z"},{"__v":0,"_id":"68b41979b93d55d1b25fc754","createdAt":"2025-08-31T09:44:25.604Z","email":"james@gmail.com","email_token":"cc468443e83b5201d3c68971c7f75924b15fcd0d","email_token_expires":"2025-08-31T09:54:25.703Z","email_verified":false,"failedLoginCount":0,"fullName":"james","is_deleted":false,"password":"$argon2id$v=19$m=65536,t=3,p=4$KP4VvczBDnRmAyziKA+kkQ$pB2FvEUEG71hlfPHP7VONsDCOFdHjOSawlsKc14H5Ns","password_reset_expires":null,"password_reset_token":null,"phone":"07881168250","role":"user","status":"pending","updatedAt":"2025-08-31T09:44:25.705Z"},{"__v":0,"_id":"68b41997b93d55d1b25fc758","createdAt":"2025-08-31T09:44:55.354Z","email":"samuel@gmail.com","email_token":"342b48dcdc3ec79e083dbb4488af1b40522c5e1a","email_token_expires":"2025-08-31T09:54:55.470Z","email_verified":false,"failedLoginCount":0,"fullName":"samuel","is_deleted":false,"password":"$argon2id$v=19$m=65536,t=3,p=4$1q6BZazs0npqmpiIFEeD/g$bSXXt0lo6zxidiThR/8DMxClBsUTtDKTh39ldeYLGeU","password_reset_expires":null,"password_reset_token":null,"phone":"07881168250","role":"user","status":"pending","updatedAt":"2025-08-31T09:44:55.471Z"}],"monthlyContribution":9000,"numberOfMembers":3,"status":"active","updatedAt":"2025-08-31T14:28:19.324Z"},"level":"info","message":"group found:","service":"auth-service","timestamp":"2025-08-31T15:26:32.837Z"}
{"level":"info","message":"DB connection started","service":"auth-service","timestamp":"2025-08-31T15:26:43.423Z"}
{"level":"info","message":"Successfully connected to Redis","service":"auth-service","timestamp":"2025-08-31T15:26:43.442Z"}
{"level":"info","message":"Redis client is ready","service":"auth-service","timestamp":"2025-08-31T15:26:43.444Z"}
{"level":"info","message":"MongoDb  connected successfully","service":"auth-service","timestamp":"2025-08-31T15:26:43.915Z"}
{"level":"info","message":"App started at port 8001","service":"auth-service","timestamp":"2025-08-31T15:26:43.916Z"}
{"level":"warn","message":"Checking for rate limit","service":"auth-service","timestamp":"2025-08-31T15:26:47.060Z"}
{"level":"info","message":"request from /api/group/members/68b45a98526aa6518d64792a having a method of GET","service":"auth-service","timestamp":"2025-08-31T15:26:47.064Z"}
{"level":"info","message":"user hits the getGRoup members controller","service":"auth-service","timestamp":"2025-08-31T15:26:47.064Z"}
{"level":"info","message":"attempt to get all members in a group","service":"auth-service","timestamp":"2025-08-31T15:26:47.065Z"}
{"0":{"__v":0,"_id":"68b45a98526aa6518d64792a","createdAt":"2025-08-31T14:22:16.338Z","groupMembersId":["68b41901b93d55d1b25fc74c","68b41979b93d55d1b25fc754","68b41997b93d55d1b25fc758"],"groupName":"Gold","members":[{"__v":0,"_id":"68b41901b93d55d1b25fc74c","createdAt":"2025-08-31T09:42:25.634Z","email":"sam@gmail.com","email_token":"d648fa6b9864e58cb91718db3f83e3af2f5a6f08","email_token_expires":"2025-08-31T09:52:25.728Z","email_verified":false,"failedLoginCount":0,"fullName":"sam","is_deleted":false,"password":"$argon2id$v=19$m=65536,t=3,p=4$5T+vZFXupDN6k3Up4dIY1w$LDOO0bRd5z9fLBwQhWuz47nomt/w0dyc4LIo9VdEQBY","password_reset_expires":null,"password_reset_token":null,"phone":"07881168250","role":"user","status":"pending","updatedAt":"2025-08-31T09:42:25.745Z"},{"__v":0,"_id":"68b41979b93d55d1b25fc754","createdAt":"2025-08-31T09:44:25.604Z","email":"james@gmail.com","email_token":"cc468443e83b5201d3c68971c7f75924b15fcd0d","email_token_expires":"2025-08-31T09:54:25.703Z","email_verified":false,"failedLoginCount":0,"fullName":"james","is_deleted":false,"password":"$argon2id$v=19$m=65536,t=3,p=4$KP4VvczBDnRmAyziKA+kkQ$pB2FvEUEG71hlfPHP7VONsDCOFdHjOSawlsKc14H5Ns","password_reset_expires":null,"password_reset_token":null,"phone":"07881168250","role":"user","status":"pending","updatedAt":"2025-08-31T09:44:25.705Z"},{"__v":0,"_id":"68b41997b93d55d1b25fc758","createdAt":"2025-08-31T09:44:55.354Z","email":"samuel@gmail.com","email_token":"342b48dcdc3ec79e083dbb4488af1b40522c5e1a","email_token_expires":"2025-08-31T09:54:55.470Z","email_verified":false,"failedLoginCount":0,"fullName":"samuel","is_deleted":false,"password":"$argon2id$v=19$m=65536,t=3,p=4$1q6BZazs0npqmpiIFEeD/g$bSXXt0lo6zxidiThR/8DMxClBsUTtDKTh39ldeYLGeU","password_reset_expires":null,"password_reset_token":null,"phone":"07881168250","role":"user","status":"pending","updatedAt":"2025-08-31T09:44:55.471Z"}],"monthlyContribution":9000,"numberOfMembers":3,"status":"active","updatedAt":"2025-08-31T14:28:19.324Z"},"level":"info","message":"group found:","service":"auth-service","timestamp":"2025-08-31T15:26:47.104Z"}
{"level":"info","message":"DB connection started","service":"auth-service","timestamp":"2025-08-31T15:27:09.926Z"}
{"level":"info","message":"Successfully connected to Redis","service":"auth-service","timestamp":"2025-08-31T15:27:09.936Z"}
{"level":"info","message":"Redis client is ready","service":"auth-service","timestamp":"2025-08-31T15:27:09.937Z"}
{"level":"info","message":"MongoDb  connected successfully","service":"auth-service","timestamp":"2025-08-31T15:27:10.388Z"}
{"level":"info","message":"App started at port 8001","service":"auth-service","timestamp":"2025-08-31T15:27:10.388Z"}
{"level":"warn","message":"Checking for rate limit","service":"auth-service","timestamp":"2025-08-31T15:27:12.779Z"}
{"level":"info","message":"request from /api/group/members/68b45a98526aa6518d64792a having a method of GET","service":"auth-service","timestamp":"2025-08-31T15:27:12.782Z"}
{"level":"info","message":"user hits the getGRoup members controller","service":"auth-service","timestamp":"2025-08-31T15:27:12.783Z"}
{"level":"info","message":"attempt to get all members in a group","service":"auth-service","timestamp":"2025-08-31T15:27:12.783Z"}
{"0":{"__v":0,"_id":"68b45a98526aa6518d64792a","createdAt":"2025-08-31T14:22:16.338Z","groupMembersId":["68b41901b93d55d1b25fc74c","68b41979b93d55d1b25fc754","68b41997b93d55d1b25fc758"],"groupName":"Gold","members":[{"__v":0,"_id":"68b41901b93d55d1b25fc74c","createdAt":"2025-08-31T09:42:25.634Z","email":"sam@gmail.com","email_token":"d648fa6b9864e58cb91718db3f83e3af2f5a6f08","email_token_expires":"2025-08-31T09:52:25.728Z","email_verified":false,"failedLoginCount":0,"fullName":"sam","is_deleted":false,"password":"$argon2id$v=19$m=65536,t=3,p=4$5T+vZFXupDN6k3Up4dIY1w$LDOO0bRd5z9fLBwQhWuz47nomt/w0dyc4LIo9VdEQBY","password_reset_expires":null,"password_reset_token":null,"phone":"07881168250","role":"user","status":"pending","updatedAt":"2025-08-31T09:42:25.745Z"},{"__v":0,"_id":"68b41979b93d55d1b25fc754","createdAt":"2025-08-31T09:44:25.604Z","email":"james@gmail.com","email_token":"cc468443e83b5201d3c68971c7f75924b15fcd0d","email_token_expires":"2025-08-31T09:54:25.703Z","email_verified":false,"failedLoginCount":0,"fullName":"james","is_deleted":false,"password":"$argon2id$v=19$m=65536,t=3,p=4$KP4VvczBDnRmAyziKA+kkQ$pB2FvEUEG71hlfPHP7VONsDCOFdHjOSawlsKc14H5Ns","password_reset_expires":null,"password_reset_token":null,"phone":"07881168250","role":"user","status":"pending","updatedAt":"2025-08-31T09:44:25.705Z"},{"__v":0,"_id":"68b41997b93d55d1b25fc758","createdAt":"2025-08-31T09:44:55.354Z","email":"samuel@gmail.com","email_token":"342b48dcdc3ec79e083dbb4488af1b40522c5e1a","email_token_expires":"2025-08-31T09:54:55.470Z","email_verified":false,"failedLoginCount":0,"fullName":"samuel","is_deleted":false,"password":"$argon2id$v=19$m=65536,t=3,p=4$1q6BZazs0npqmpiIFEeD/g$bSXXt0lo6zxidiThR/8DMxClBsUTtDKTh39ldeYLGeU","password_reset_expires":null,"password_reset_token":null,"phone":"07881168250","role":"user","status":"pending","updatedAt":"2025-08-31T09:44:55.471Z"}],"monthlyContribution":9000,"numberOfMembers":3,"status":"active","updatedAt":"2025-08-31T14:28:19.324Z"},"level":"info","message":"group found:","service":"auth-service","timestamp":"2025-08-31T15:27:12.818Z"}
{"level":"info","message":"DB connection started","service":"auth-service","timestamp":"2025-08-31T15:28:07.365Z"}
{"level":"info","message":"Successfully connected to Redis","service":"auth-service","timestamp":"2025-08-31T15:28:07.389Z"}
{"level":"info","message":"Redis client is ready","service":"auth-service","timestamp":"2025-08-31T15:28:07.397Z"}
{"level":"info","message":"MongoDb  connected successfully","service":"auth-service","timestamp":"2025-08-31T15:28:07.884Z"}
{"level":"info","message":"App started at port 8001","service":"auth-service","timestamp":"2025-08-31T15:28:07.884Z"}
{"level":"info","message":"DB connection started","service":"auth-service","timestamp":"2025-08-31T15:35:01.424Z"}
{"level":"info","message":"Successfully connected to Redis","service":"auth-service","timestamp":"2025-08-31T15:35:01.452Z"}
{"level":"info","message":"Redis client is ready","service":"auth-service","timestamp":"2025-08-31T15:35:01.505Z"}
{"level":"info","message":"MongoDb  connected successfully","service":"auth-service","timestamp":"2025-08-31T15:35:01.992Z"}
{"level":"info","message":"App started at port 8001","service":"auth-service","timestamp":"2025-08-31T15:35:01.993Z"}
{"level":"info","message":"DB connection started","service":"auth-service","timestamp":"2025-08-31T15:51:49.597Z"}
{"level":"info","message":"Successfully connected to Redis","service":"auth-service","timestamp":"2025-08-31T15:51:49.611Z"}
{"level":"info","message":"Redis client is ready","service":"auth-service","timestamp":"2025-08-31T15:51:49.628Z"}
{"level":"info","message":"MongoDb  connected successfully","service":"auth-service","timestamp":"2025-08-31T15:51:50.546Z"}
{"level":"info","message":"App started at port 8001","service":"auth-service","timestamp":"2025-08-31T15:51:50.547Z"}
{"level":"info","message":"DB connection started","service":"auth-service","timestamp":"2025-08-31T15:51:59.660Z"}
{"level":"info","message":"Successfully connected to Redis","service":"auth-service","timestamp":"2025-08-31T15:51:59.669Z"}
{"level":"info","message":"Redis client is ready","service":"auth-service","timestamp":"2025-08-31T15:51:59.673Z"}
{"level":"info","message":"MongoDb  connected successfully","service":"auth-service","timestamp":"2025-08-31T15:52:00.193Z"}
{"level":"info","message":"App started at port 8001","service":"auth-service","timestamp":"2025-08-31T15:52:00.193Z"}
{"level":"info","message":"DB connection started","service":"auth-service","timestamp":"2025-08-31T15:52:07.744Z"}
{"level":"info","message":"Successfully connected to Redis","service":"auth-service","timestamp":"2025-08-31T15:52:07.761Z"}
{"level":"info","message":"Redis client is ready","service":"auth-service","timestamp":"2025-08-31T15:52:07.763Z"}
{"level":"info","message":"MongoDb  connected successfully","service":"auth-service","timestamp":"2025-08-31T15:52:08.202Z"}
{"level":"info","message":"App started at port 8001","service":"auth-service","timestamp":"2025-08-31T15:52:08.202Z"}
{"level":"info","message":"DB connection started","service":"auth-service","timestamp":"2025-08-31T15:52:21.841Z"}
{"level":"info","message":"Successfully connected to Redis","service":"auth-service","timestamp":"2025-08-31T15:52:21.858Z"}
{"level":"info","message":"Redis client is ready","service":"auth-service","timestamp":"2025-08-31T15:52:21.862Z"}
{"level":"info","message":"MongoDb  connected successfully","service":"auth-service","timestamp":"2025-08-31T15:52:22.300Z"}
{"level":"info","message":"App started at port 8001","service":"auth-service","timestamp":"2025-08-31T15:52:22.300Z"}
{"level":"info","message":"DB connection started","service":"auth-service","timestamp":"2025-08-31T15:52:32.462Z"}
{"level":"info","message":"Successfully connected to Redis","service":"auth-service","timestamp":"2025-08-31T15:52:32.483Z"}
{"level":"info","message":"Redis client is ready","service":"auth-service","timestamp":"2025-08-31T15:52:32.486Z"}
{"level":"info","message":"DB connection started","service":"auth-service","timestamp":"2025-08-31T15:52:34.329Z"}
{"level":"info","message":"Successfully connected to Redis","service":"auth-service","timestamp":"2025-08-31T15:52:34.347Z"}
{"level":"info","message":"Redis client is ready","service":"auth-service","timestamp":"2025-08-31T15:52:34.350Z"}
{"level":"info","message":"MongoDb  connected successfully","service":"auth-service","timestamp":"2025-08-31T15:52:34.787Z"}
{"level":"info","message":"App started at port 8001","service":"auth-service","timestamp":"2025-08-31T15:52:34.787Z"}
{"level":"info","message":"DB connection started","service":"auth-service","timestamp":"2025-08-31T15:52:57.778Z"}
{"level":"info","message":"Successfully connected to Redis","service":"auth-service","timestamp":"2025-08-31T15:52:57.798Z"}
{"level":"info","message":"Redis client is ready","service":"auth-service","timestamp":"2025-08-31T15:52:57.810Z"}
{"level":"info","message":"MongoDb  connected successfully","service":"auth-service","timestamp":"2025-08-31T15:52:58.253Z"}
{"level":"info","message":"App started at port 8001","service":"auth-service","timestamp":"2025-08-31T15:52:58.254Z"}
{"level":"info","message":"DB connection started","service":"auth-service","timestamp":"2025-08-31T15:53:06.129Z"}
{"level":"info","message":"Successfully connected to Redis","service":"auth-service","timestamp":"2025-08-31T15:53:06.156Z"}
{"level":"info","message":"Redis client is ready","service":"auth-service","timestamp":"2025-08-31T15:53:06.158Z"}
{"level":"info","message":"MongoDb  connected successfully","service":"auth-service","timestamp":"2025-08-31T15:53:06.580Z"}
{"level":"info","message":"App started at port 8001","service":"auth-service","timestamp":"2025-08-31T15:53:06.580Z"}
{"level":"info","message":"DB connection started","service":"auth-service","timestamp":"2025-08-31T15:53:20.248Z"}
{"level":"info","message":"Successfully connected to Redis","service":"auth-service","timestamp":"2025-08-31T15:53:20.266Z"}
{"level":"info","message":"Redis client is ready","service":"auth-service","timestamp":"2025-08-31T15:53:20.270Z"}
{"level":"info","message":"MongoDb  connected successfully","service":"auth-service","timestamp":"2025-08-31T15:53:20.718Z"}
{"level":"info","message":"App started at port 8001","service":"auth-service","timestamp":"2025-08-31T15:53:20.719Z"}
{"level":"info","message":"DB connection started","service":"auth-service","timestamp":"2025-08-31T15:53:37.928Z"}
{"level":"info","message":"Successfully connected to Redis","service":"auth-service","timestamp":"2025-08-31T15:53:37.938Z"}
{"level":"info","message":"Redis client is ready","service":"auth-service","timestamp":"2025-08-31T15:53:37.939Z"}
{"level":"info","message":"MongoDb  connected successfully","service":"auth-service","timestamp":"2025-08-31T15:53:38.426Z"}
{"level":"info","message":"App started at port 8001","service":"auth-service","timestamp":"2025-08-31T15:53:38.426Z"}
{"level":"info","message":"DB connection started","service":"auth-service","timestamp":"2025-08-31T15:53:43.020Z"}
{"level":"info","message":"Successfully connected to Redis","service":"auth-service","timestamp":"2025-08-31T15:53:43.031Z"}
{"level":"info","message":"Redis client is ready","service":"auth-service","timestamp":"2025-08-31T15:53:43.036Z"}
{"level":"info","message":"MongoDb  connected successfully","service":"auth-service","timestamp":"2025-08-31T15:53:43.486Z"}
{"level":"info","message":"App started at port 8001","service":"auth-service","timestamp":"2025-08-31T15:53:43.486Z"}
{"level":"info","message":"DB connection started","service":"auth-service","timestamp":"2025-08-31T15:53:52.770Z"}
{"level":"info","message":"Successfully connected to Redis","service":"auth-service","timestamp":"2025-08-31T15:53:52.797Z"}
{"level":"info","message":"Redis client is ready","service":"auth-service","timestamp":"2025-08-31T15:53:52.799Z"}
{"level":"info","message":"MongoDb  connected successfully","service":"auth-service","timestamp":"2025-08-31T15:53:53.296Z"}
{"level":"info","message":"App started at port 8001","service":"auth-service","timestamp":"2025-08-31T15:53:53.296Z"}
{"level":"info","message":"DB connection started","service":"auth-service","timestamp":"2025-08-31T15:53:59.247Z"}
{"level":"info","message":"Successfully connected to Redis","service":"auth-service","timestamp":"2025-08-31T15:53:59.263Z"}
{"level":"info","message":"Redis client is ready","service":"auth-service","timestamp":"2025-08-31T15:53:59.266Z"}
{"level":"info","message":"MongoDb  connected successfully","service":"auth-service","timestamp":"2025-08-31T15:53:59.756Z"}
{"level":"info","message":"App started at port 8001","service":"auth-service","timestamp":"2025-08-31T15:53:59.756Z"}
{"level":"warn","message":"Checking for rate limit","service":"auth-service","timestamp":"2025-08-31T15:54:40.000Z"}
{"level":"info","message":"request from /api/group/groups having a method of GET","service":"auth-service","timestamp":"2025-08-31T15:54:40.030Z"}
{"level":"info","message":"user hits the getGroups controller","service":"auth-service","timestamp":"2025-08-31T15:54:40.034Z"}
{"level":"info","message":"user fetched all groups controller","service":"auth-service","timestamp":"2025-08-31T15:54:40.130Z"}
{"level":"warn","message":"Checking for rate limit","service":"auth-service","timestamp":"2025-08-31T15:56:13.956Z"}
{"level":"info","message":"request from /api/group/68b45a98526aa6518d64792a having a method of DELETE","service":"auth-service","timestamp":"2025-08-31T15:56:13.962Z"}
{"level":"info","message":"user hits the delteGroup controller","service":"auth-service","timestamp":"2025-08-31T15:56:13.963Z"}
{"$__":{"activePaths":{"paths":{"__v":"init","_id":"init","createdAt":"init","groupMembersId":"init","groupName":"init","monthlyContribution":"init","numberOfMembers":"init","status":"init","updatedAt":"init"},"states":{"default":{},"init":{"__v":true,"_id":true,"createdAt":true,"groupMembersId":true,"groupName":true,"monthlyContribution":true,"numberOfMembers":true,"status":true,"updatedAt":true},"require":{}}},"skipId":true},"$isNew":false,"_doc":{"__v":0,"_id":"68b45a98526aa6518d64792a","createdAt":"2025-08-31T14:22:16.338Z","groupMembersId":["68b41901b93d55d1b25fc74c","68b41979b93d55d1b25fc754","68b41997b93d55d1b25fc758"],"groupName":"Gold","monthlyContribution":9000,"numberOfMembers":3,"status":"active","updatedAt":"2025-08-31T14:28:19.324Z"},"level":"info","message":"group deleted:","service":"auth-service","timestamp":"2025-08-31T15:56:14.016Z"}
{"level":"info","message":"attempt to delete all associated members to group","service":"auth-service","timestamp":"2025-08-31T15:56:14.016Z"}
{"level":"info","message":"all associated members deleted","service":"auth-service","timestamp":"2025-08-31T15:56:14.057Z"}
{"level":"warn","message":"Checking for rate limit","service":"auth-service","timestamp":"2025-08-31T15:56:38.316Z"}
{"level":"info","message":"request from /api/member/members/all having a method of GET","service":"auth-service","timestamp":"2025-08-31T15:56:38.320Z"}
{"level":"info","message":"user hits the getAllMembers controller","service":"auth-service","timestamp":"2025-08-31T15:56:38.320Z"}
{"level":"info","message":"All members fetched from Db","service":"auth-service","timestamp":"2025-08-31T15:56:38.353Z"}
{"level":"warn","message":"Checking for rate limit","service":"auth-service","timestamp":"2025-08-31T15:56:39.946Z"}
{"level":"info","message":"request from /api/member/members/all having a method of GET","service":"auth-service","timestamp":"2025-08-31T15:56:39.958Z"}
{"level":"info","message":"user hits the getAllMembers controller","service":"auth-service","timestamp":"2025-08-31T15:56:39.959Z"}
{"level":"info","message":"All members fetched from Db","service":"auth-service","timestamp":"2025-08-31T15:56:39.996Z"}
{"level":"warn","message":"Checking for rate limit","service":"auth-service","timestamp":"2025-08-31T15:56:44.624Z"}
{"level":"info","message":"request from /api/group/68b45a98526aa6518d64792a having a method of GET","service":"auth-service","timestamp":"2025-08-31T15:56:44.637Z"}
{"level":"info","message":"user hits the getGroup controller","service":"auth-service","timestamp":"2025-08-31T15:56:44.647Z"}
{"level":"warn","message":"Checking for rate limit","service":"auth-service","timestamp":"2025-08-31T15:56:51.801Z"}
{"level":"info","message":"request from /api/group/groups having a method of GET","service":"auth-service","timestamp":"2025-08-31T15:56:51.803Z"}
{"level":"info","message":"user hits the getGroups controller","service":"auth-service","timestamp":"2025-08-31T15:56:51.804Z"}
{"level":"info","message":"user fetched all groups controller","service":"auth-service","timestamp":"2025-08-31T15:56:51.834Z"}
{"level":"info","message":"DB connection started","service":"auth-service","timestamp":"2025-08-31T15:58:58.445Z"}
{"level":"info","message":"Successfully connected to Redis","service":"auth-service","timestamp":"2025-08-31T15:58:58.474Z"}
{"level":"info","message":"Redis client is ready","service":"auth-service","timestamp":"2025-08-31T15:58:58.505Z"}
{"level":"info","message":"DB connection started","service":"auth-service","timestamp":"2025-08-31T16:04:12.487Z"}
{"level":"info","message":"Successfully connected to Redis","service":"auth-service","timestamp":"2025-08-31T16:04:12.508Z"}
{"level":"info","message":"Redis client is ready","service":"auth-service","timestamp":"2025-08-31T16:04:12.516Z"}
{"level":"info","message":"MongoDb  connected successfully","service":"auth-service","timestamp":"2025-08-31T16:04:13.071Z"}
{"level":"info","message":"App started at port 8001","service":"auth-service","timestamp":"2025-08-31T16:04:13.071Z"}
{"level":"info","message":"DB connection started","service":"auth-service","timestamp":"2025-08-31T16:04:24.957Z"}
{"level":"info","message":"Successfully connected to Redis","service":"auth-service","timestamp":"2025-08-31T16:04:24.980Z"}
{"level":"info","message":"Redis client is ready","service":"auth-service","timestamp":"2025-08-31T16:04:24.983Z"}
{"level":"info","message":"MongoDb  connected successfully","service":"auth-service","timestamp":"2025-08-31T16:04:25.451Z"}
{"level":"info","message":"App started at port 8001","service":"auth-service","timestamp":"2025-08-31T16:04:25.451Z"}
{"level":"info","message":"DB connection started","service":"auth-service","timestamp":"2025-08-31T16:04:32.540Z"}
{"level":"info","message":"Successfully connected to Redis","service":"auth-service","timestamp":"2025-08-31T16:04:32.558Z"}
{"level":"info","message":"Redis client is ready","service":"auth-service","timestamp":"2025-08-31T16:04:32.561Z"}
{"level":"info","message":"MongoDb  connected successfully","service":"auth-service","timestamp":"2025-08-31T16:04:32.995Z"}
{"level":"info","message":"App started at port 8001","service":"auth-service","timestamp":"2025-08-31T16:04:32.995Z"}
{"level":"info","message":"DB connection started","service":"auth-service","timestamp":"2025-08-31T16:05:06.189Z"}
{"level":"info","message":"Successfully connected to Redis","service":"auth-service","timestamp":"2025-08-31T16:05:06.207Z"}
{"level":"info","message":"Redis client is ready","service":"auth-service","timestamp":"2025-08-31T16:05:06.208Z"}
{"level":"info","message":"MongoDb  connected successfully","service":"auth-service","timestamp":"2025-08-31T16:05:06.665Z"}
{"level":"info","message":"App started at port 8001","service":"auth-service","timestamp":"2025-08-31T16:05:06.665Z"}
{"level":"info","message":"DB connection started","service":"auth-service","timestamp":"2025-08-31T16:05:12.076Z"}
{"level":"info","message":"Successfully connected to Redis","service":"auth-service","timestamp":"2025-08-31T16:05:12.100Z"}
{"level":"info","message":"Redis client is ready","service":"auth-service","timestamp":"2025-08-31T16:05:12.103Z"}
{"level":"info","message":"MongoDb  connected successfully","service":"auth-service","timestamp":"2025-08-31T16:05:12.546Z"}
{"level":"info","message":"App started at port 8001","service":"auth-service","timestamp":"2025-08-31T16:05:12.547Z"}
{"level":"info","message":"DB connection started","service":"auth-service","timestamp":"2025-08-31T16:05:21.725Z"}
{"level":"info","message":"Successfully connected to Redis","service":"auth-service","timestamp":"2025-08-31T16:05:21.745Z"}
{"level":"info","message":"Redis client is ready","service":"auth-service","timestamp":"2025-08-31T16:05:21.748Z"}
{"level":"info","message":"MongoDb  connected successfully","service":"auth-service","timestamp":"2025-08-31T16:05:22.316Z"}
{"level":"info","message":"App started at port 8001","service":"auth-service","timestamp":"2025-08-31T16:05:22.317Z"}
{"level":"info","message":"DB connection started","service":"auth-service","timestamp":"2025-08-31T16:05:39.409Z"}
{"level":"info","message":"Successfully connected to Redis","service":"auth-service","timestamp":"2025-08-31T16:05:39.418Z"}
{"level":"info","message":"Redis client is ready","service":"auth-service","timestamp":"2025-08-31T16:05:39.420Z"}
{"level":"info","message":"MongoDb  connected successfully","service":"auth-service","timestamp":"2025-08-31T16:05:39.949Z"}
{"level":"info","message":"App started at port 8001","service":"auth-service","timestamp":"2025-08-31T16:05:39.949Z"}
{"level":"info","message":"DB connection started","service":"auth-service","timestamp":"2025-08-31T16:05:46.617Z"}
{"level":"info","message":"Successfully connected to Redis","service":"auth-service","timestamp":"2025-08-31T16:05:46.636Z"}
{"level":"info","message":"Redis client is ready","service":"auth-service","timestamp":"2025-08-31T16:05:46.639Z"}
{"level":"info","message":"MongoDb  connected successfully","service":"auth-service","timestamp":"2025-08-31T16:05:47.080Z"}
{"level":"info","message":"App started at port 8001","service":"auth-service","timestamp":"2025-08-31T16:05:47.081Z"}
{"level":"info","message":"DB connection started","service":"auth-service","timestamp":"2025-08-31T16:05:57.511Z"}
{"level":"info","message":"Successfully connected to Redis","service":"auth-service","timestamp":"2025-08-31T16:05:57.520Z"}
{"level":"info","message":"Redis client is ready","service":"auth-service","timestamp":"2025-08-31T16:05:57.521Z"}
{"level":"info","message":"MongoDb  connected successfully","service":"auth-service","timestamp":"2025-08-31T16:05:57.967Z"}
{"level":"info","message":"App started at port 8001","service":"auth-service","timestamp":"2025-08-31T16:05:57.967Z"}
{"level":"info","message":"DB connection started","service":"auth-service","timestamp":"2025-08-31T16:06:08.452Z"}
{"level":"info","message":"Successfully connected to Redis","service":"auth-service","timestamp":"2025-08-31T16:06:08.470Z"}
{"level":"info","message":"Redis client is ready","service":"auth-service","timestamp":"2025-08-31T16:06:08.471Z"}
{"level":"info","message":"DB connection started","service":"auth-service","timestamp":"2025-08-31T16:06:13.241Z"}
{"level":"info","message":"Successfully connected to Redis","service":"auth-service","timestamp":"2025-08-31T16:06:13.263Z"}
{"level":"info","message":"Redis client is ready","service":"auth-service","timestamp":"2025-08-31T16:06:13.273Z"}
{"level":"info","message":"MongoDb  connected successfully","service":"auth-service","timestamp":"2025-08-31T16:06:13.679Z"}
{"level":"info","message":"App started at port 8001","service":"auth-service","timestamp":"2025-08-31T16:06:13.679Z"}
{"level":"info","message":"DB connection started","service":"auth-service","timestamp":"2025-08-31T16:06:26.214Z"}
{"level":"info","message":"Successfully connected to Redis","service":"auth-service","timestamp":"2025-08-31T16:06:26.226Z"}
{"level":"info","message":"Redis client is ready","service":"auth-service","timestamp":"2025-08-31T16:06:26.229Z"}
{"level":"info","message":"MongoDb  connected successfully","service":"auth-service","timestamp":"2025-08-31T16:06:26.869Z"}
{"level":"info","message":"App started at port 8001","service":"auth-service","timestamp":"2025-08-31T16:06:26.869Z"}
{"level":"info","message":"DB connection started","service":"auth-service","timestamp":"2025-08-31T16:06:47.962Z"}
{"level":"info","message":"Successfully connected to Redis","service":"auth-service","timestamp":"2025-08-31T16:06:47.981Z"}
{"level":"info","message":"Redis client is ready","service":"auth-service","timestamp":"2025-08-31T16:06:47.984Z"}
{"level":"info","message":"MongoDb  connected successfully","service":"auth-service","timestamp":"2025-08-31T16:06:48.471Z"}
{"level":"info","message":"App started at port 8001","service":"auth-service","timestamp":"2025-08-31T16:06:48.472Z"}
{"level":"info","message":"DB connection started","service":"auth-service","timestamp":"2025-08-31T16:06:52.130Z"}
{"level":"info","message":"Successfully connected to Redis","service":"auth-service","timestamp":"2025-08-31T16:06:52.149Z"}
{"level":"info","message":"Redis client is ready","service":"auth-service","timestamp":"2025-08-31T16:06:52.151Z"}
{"level":"info","message":"MongoDb  connected successfully","service":"auth-service","timestamp":"2025-08-31T16:06:52.619Z"}
{"level":"info","message":"App started at port 8001","service":"auth-service","timestamp":"2025-08-31T16:06:52.620Z"}
{"level":"info","message":"DB connection started","service":"auth-service","timestamp":"2025-08-31T16:07:13.457Z"}
{"level":"info","message":"Successfully connected to Redis","service":"auth-service","timestamp":"2025-08-31T16:07:13.475Z"}
{"level":"info","message":"Redis client is ready","service":"auth-service","timestamp":"2025-08-31T16:07:13.477Z"}
{"level":"info","message":"MongoDb  connected successfully","service":"auth-service","timestamp":"2025-08-31T16:07:13.995Z"}
{"level":"info","message":"App started at port 8001","service":"auth-service","timestamp":"2025-08-31T16:07:13.996Z"}
{"level":"info","message":"DB connection started","service":"auth-service","timestamp":"2025-08-31T16:07:25.092Z"}
{"level":"info","message":"Successfully connected to Redis","service":"auth-service","timestamp":"2025-08-31T16:07:25.110Z"}
{"level":"info","message":"Redis client is ready","service":"auth-service","timestamp":"2025-08-31T16:07:25.115Z"}
{"level":"info","message":"MongoDb  connected successfully","service":"auth-service","timestamp":"2025-08-31T16:07:25.569Z"}
{"level":"info","message":"App started at port 8001","service":"auth-service","timestamp":"2025-08-31T16:07:25.569Z"}
{"level":"info","message":"DB connection started","service":"auth-service","timestamp":"2025-08-31T16:07:32.711Z"}
{"level":"info","message":"Successfully connected to Redis","service":"auth-service","timestamp":"2025-08-31T16:07:32.735Z"}
{"level":"info","message":"Redis client is ready","service":"auth-service","timestamp":"2025-08-31T16:07:32.738Z"}
{"level":"info","message":"MongoDb  connected successfully","service":"auth-service","timestamp":"2025-08-31T16:07:33.191Z"}
{"level":"info","message":"App started at port 8001","service":"auth-service","timestamp":"2025-08-31T16:07:33.192Z"}
{"level":"info","message":"DB connection started","service":"auth-service","timestamp":"2025-08-31T16:07:47.215Z"}
{"level":"info","message":"Successfully connected to Redis","service":"auth-service","timestamp":"2025-08-31T16:07:47.225Z"}
{"level":"info","message":"Redis client is ready","service":"auth-service","timestamp":"2025-08-31T16:07:47.227Z"}
{"level":"info","message":"MongoDb  connected successfully","service":"auth-service","timestamp":"2025-08-31T16:07:47.800Z"}
{"level":"info","message":"App started at port 8001","service":"auth-service","timestamp":"2025-08-31T16:07:47.800Z"}
{"level":"info","message":"DB connection started","service":"auth-service","timestamp":"2025-08-31T16:07:57.716Z"}
{"level":"info","message":"Successfully connected to Redis","service":"auth-service","timestamp":"2025-08-31T16:07:57.734Z"}
{"level":"info","message":"Redis client is ready","service":"auth-service","timestamp":"2025-08-31T16:07:57.738Z"}
{"level":"info","message":"MongoDb  connected successfully","service":"auth-service","timestamp":"2025-08-31T16:07:58.170Z"}
{"level":"info","message":"App started at port 8001","service":"auth-service","timestamp":"2025-08-31T16:07:58.170Z"}
{"level":"warn","message":"Checking for rate limit","service":"auth-service","timestamp":"2025-08-31T16:08:04.459Z"}
{"level":"info","message":"request from /api/group/create having a method of POST","service":"auth-service","timestamp":"2025-08-31T16:08:04.477Z"}
{"level":"info","message":"user hit the create group controller","service":"auth-service","timestamp":"2025-08-31T16:08:04.478Z"}
{"level":"info","message":"creating a new group","service":"auth-service","timestamp":"2025-08-31T16:08:04.480Z"}
{"0":"G","1":"o","2":"l","3":"d","level":"info","message":"new group created with group name","service":"auth-service","timestamp":"2025-08-31T16:08:04.523Z"}
{"level":"warn","message":"Checking for rate limit","service":"auth-service","timestamp":"2025-08-31T16:08:35.095Z"}
{"level":"info","message":"request from /api/member/addMember having a method of POST","service":"auth-service","timestamp":"2025-08-31T16:08:35.100Z"}
{"level":"info","message":"user hit the add group member controller","service":"auth-service","timestamp":"2025-08-31T16:08:35.101Z"}
{"level":"info","message":"checking if user already exist in group","service":"auth-service","timestamp":"2025-08-31T16:08:35.151Z"}
{"level":"info","message":"user with id 68b41997b93d55d1b25fc758 is added to group Gold","service":"auth-service","timestamp":"2025-08-31T16:08:35.255Z"}
{"level":"warn","message":"Checking for rate limit","service":"auth-service","timestamp":"2025-08-31T16:08:40.325Z"}
{"level":"info","message":"request from /api/group/groups having a method of GET","service":"auth-service","timestamp":"2025-08-31T16:08:40.361Z"}
{"level":"info","message":"user hits the getGroups controller","service":"auth-service","timestamp":"2025-08-31T16:08:40.362Z"}
{"level":"info","message":"user fetched all groups controller","service":"auth-service","timestamp":"2025-08-31T16:08:40.401Z"}
{"level":"warn","message":"Checking for rate limit","service":"auth-service","timestamp":"2025-08-31T16:09:13.705Z"}
{"level":"info","message":"request from /api/member/addMember having a method of POST","service":"auth-service","timestamp":"2025-08-31T16:09:13.707Z"}
{"level":"info","message":"user hit the add group member controller","service":"auth-service","timestamp":"2025-08-31T16:09:13.708Z"}
{"level":"info","message":"checking if user already exist in group","service":"auth-service","timestamp":"2025-08-31T16:09:13.752Z"}
{"level":"info","message":"user with id 68b448bdb93d55d1b25fc75c is added to group Gold","service":"auth-service","timestamp":"2025-08-31T16:09:13.853Z"}
{"level":"warn","message":"Checking for rate limit","service":"auth-service","timestamp":"2025-08-31T16:09:23.339Z"}
{"level":"info","message":"request from /api/group/groups having a method of GET","service":"auth-service","timestamp":"2025-08-31T16:09:23.351Z"}
{"level":"info","message":"user hits the getGroups controller","service":"auth-service","timestamp":"2025-08-31T16:09:23.352Z"}
{"level":"info","message":"user fetched all groups controller","service":"auth-service","timestamp":"2025-08-31T16:09:23.385Z"}
{"level":"warn","message":"Checking for rate limit","service":"auth-service","timestamp":"2025-08-31T16:10:53.574Z"}
{"level":"info","message":"request from /api/member/members/all having a method of GET","service":"auth-service","timestamp":"2025-08-31T16:10:53.578Z"}
{"level":"info","message":"user hits the getAllMembers controller","service":"auth-service","timestamp":"2025-08-31T16:10:53.578Z"}
{"level":"info","message":"All members fetched from Db","service":"auth-service","timestamp":"2025-08-31T16:10:53.616Z"}
{"level":"warn","message":"Checking for rate limit","service":"auth-service","timestamp":"2025-08-31T16:11:04.506Z"}
{"level":"info","message":"request from /api/group/members/68b45a98526aa6518d64792a having a method of GET","service":"auth-service","timestamp":"2025-08-31T16:11:04.508Z"}
{"level":"info","message":"user hits the getGRoup members controller","service":"auth-service","timestamp":"2025-08-31T16:11:04.511Z"}
{"level":"info","message":"attempt to get all members in a group","service":"auth-service","timestamp":"2025-08-31T16:11:04.511Z"}
{"level":"info","message":"group found:","service":"auth-service","timestamp":"2025-08-31T16:11:04.546Z"}
{"level":"error","message":"Cannot read properties of undefined (reading 'members')","service":"auth-service","stack":"TypeError: Cannot read properties of undefined (reading 'members')\n    at getGroupMembers (/Users/home/Desktop/projects/ROSCA/rusca-microservices-server/contribution-services/src/controllers/groupController.ts:248:20)\n    at processTicksAndRejections (node:internal/process/task_queues:105:5)","timestamp":"2025-08-31T16:11:04.549Z"}
{"level":"error","message":"Cannot read properties of undefined (reading 'members')","service":"auth-service","timestamp":"2025-08-31T16:11:04.552Z"}
{"level":"warn","message":"Checking for rate limit","service":"auth-service","timestamp":"2025-08-31T16:11:10.898Z"}
{"level":"info","message":"request from /api/group/members/68b45a98526aa6518d64792a having a method of GET","service":"auth-service","timestamp":"2025-08-31T16:11:10.900Z"}
{"level":"info","message":"user hits the getGRoup members controller","service":"auth-service","timestamp":"2025-08-31T16:11:10.900Z"}
{"level":"info","message":"attempt to get all members in a group","service":"auth-service","timestamp":"2025-08-31T16:11:10.901Z"}
{"level":"info","message":"group found:","service":"auth-service","timestamp":"2025-08-31T16:11:10.933Z"}
{"level":"error","message":"Cannot read properties of undefined (reading 'members')","service":"auth-service","stack":"TypeError: Cannot read properties of undefined (reading 'members')\n    at getGroupMembers (/Users/home/Desktop/projects/ROSCA/rusca-microservices-server/contribution-services/src/controllers/groupController.ts:248:20)\n    at processTicksAndRejections (node:internal/process/task_queues:105:5)","timestamp":"2025-08-31T16:11:10.933Z"}
{"level":"error","message":"Cannot read properties of undefined (reading 'members')","service":"auth-service","timestamp":"2025-08-31T16:11:10.933Z"}
{"level":"info","message":"DB connection started","service":"auth-service","timestamp":"2025-08-31T16:12:32.608Z"}
{"level":"info","message":"Successfully connected to Redis","service":"auth-service","timestamp":"2025-08-31T16:12:32.632Z"}
{"level":"info","message":"Redis client is ready","service":"auth-service","timestamp":"2025-08-31T16:12:32.637Z"}
{"level":"info","message":"MongoDb  connected successfully","service":"auth-service","timestamp":"2025-08-31T16:12:33.170Z"}
{"level":"info","message":"App started at port 8001","service":"auth-service","timestamp":"2025-08-31T16:12:33.171Z"}
{"level":"info","message":"DB connection started","service":"auth-service","timestamp":"2025-08-31T16:12:38.032Z"}
{"level":"info","message":"Successfully connected to Redis","service":"auth-service","timestamp":"2025-08-31T16:12:38.048Z"}
{"level":"info","message":"Redis client is ready","service":"auth-service","timestamp":"2025-08-31T16:12:38.050Z"}
{"level":"info","message":"MongoDb  connected successfully","service":"auth-service","timestamp":"2025-08-31T16:12:38.551Z"}
{"level":"info","message":"App started at port 8001","service":"auth-service","timestamp":"2025-08-31T16:12:38.551Z"}
{"level":"info","message":"DB connection started","service":"auth-service","timestamp":"2025-08-31T16:12:41.743Z"}
{"level":"info","message":"Successfully connected to Redis","service":"auth-service","timestamp":"2025-08-31T16:12:41.764Z"}
{"level":"info","message":"Redis client is ready","service":"auth-service","timestamp":"2025-08-31T16:12:41.766Z"}
{"level":"info","message":"MongoDb  connected successfully","service":"auth-service","timestamp":"2025-08-31T16:12:42.205Z"}
{"level":"info","message":"App started at port 8001","service":"auth-service","timestamp":"2025-08-31T16:12:42.205Z"}
{"level":"warn","message":"Checking for rate limit","service":"auth-service","timestamp":"2025-08-31T16:12:45.494Z"}
{"level":"info","message":"request from /api/group/members/68b45a98526aa6518d64792a having a method of GET","service":"auth-service","timestamp":"2025-08-31T16:12:45.497Z"}
{"level":"info","message":"user hits the getGRoup members controller","service":"auth-service","timestamp":"2025-08-31T16:12:45.498Z"}
{"level":"info","message":"attempt to get all members in a group","service":"auth-service","timestamp":"2025-08-31T16:12:45.498Z"}
{"level":"warn","message":"Checking for rate limit","service":"auth-service","timestamp":"2025-08-31T16:12:56.964Z"}
{"level":"info","message":"request from /api/group/68b45a98526aa6518d64792a having a method of GET","service":"auth-service","timestamp":"2025-08-31T16:12:56.974Z"}
{"level":"info","message":"user hits the getGroup controller","service":"auth-service","timestamp":"2025-08-31T16:12:56.974Z"}
{"level":"warn","message":"Checking for rate limit","service":"auth-service","timestamp":"2025-08-31T16:13:21.825Z"}
{"level":"info","message":"request from /api/member/68b41997b93d55d1b25fc758 having a method of DELETE","service":"auth-service","timestamp":"2025-08-31T16:13:21.828Z"}
{"level":"info","message":"user hits the delteGroup controller","service":"auth-service","timestamp":"2025-08-31T16:13:21.828Z"}
{"level":"info","message":"member deleted from a group:","service":"auth-service","timestamp":"2025-08-31T16:13:21.863Z"}
{"level":"warn","message":"Checking for rate limit","service":"auth-service","timestamp":"2025-08-31T16:14:06.117Z"}
{"level":"info","message":"request from /api/member/68b41997b93d55d1b25fc758 having a method of DELETE","service":"auth-service","timestamp":"2025-08-31T16:14:06.120Z"}
{"level":"info","message":"user hits the delteGroup controller","service":"auth-service","timestamp":"2025-08-31T16:14:06.121Z"}
{"level":"info","message":"member deleted from a group:","service":"auth-service","timestamp":"2025-08-31T16:14:06.154Z"}
{"level":"info","message":"DB connection started","service":"auth-service","timestamp":"2025-08-31T16:14:35.736Z"}
{"level":"info","message":"Successfully connected to Redis","service":"auth-service","timestamp":"2025-08-31T16:14:35.754Z"}
{"level":"info","message":"Redis client is ready","service":"auth-service","timestamp":"2025-08-31T16:14:35.758Z"}
{"level":"info","message":"MongoDb  connected successfully","service":"auth-service","timestamp":"2025-08-31T16:14:36.246Z"}
{"level":"info","message":"App started at port 8001","service":"auth-service","timestamp":"2025-08-31T16:14:36.247Z"}
{"level":"warn","message":"Checking for rate limit","service":"auth-service","timestamp":"2025-08-31T16:14:48.412Z"}
{"level":"info","message":"request from /api/member/members/all having a method of GET","service":"auth-service","timestamp":"2025-08-31T16:14:48.417Z"}
{"level":"info","message":"user hits the getAllMembers controller","service":"auth-service","timestamp":"2025-08-31T16:14:48.418Z"}
{"level":"info","message":"All members fetched from Db","service":"auth-service","timestamp":"2025-08-31T16:14:48.458Z"}
{"level":"warn","message":"Checking for rate limit","service":"auth-service","timestamp":"2025-08-31T16:14:50.553Z"}
{"level":"info","message":"request from /api/member/members/all having a method of GET","service":"auth-service","timestamp":"2025-08-31T16:14:50.556Z"}
{"level":"info","message":"user hits the getAllMembers controller","service":"auth-service","timestamp":"2025-08-31T16:14:50.556Z"}
{"level":"info","message":"All members fetched from Db","service":"auth-service","timestamp":"2025-08-31T16:14:50.624Z"}
{"level":"warn","message":"Checking for rate limit","service":"auth-service","timestamp":"2025-08-31T16:16:23.539Z"}
{"level":"info","message":"request from /api/member/68b47383f763f71826952d7d having a method of DELETE","service":"auth-service","timestamp":"2025-08-31T16:16:23.561Z"}
{"level":"info","message":"user hits the delteGroup controller","service":"auth-service","timestamp":"2025-08-31T16:16:23.562Z"}
{"$__":{"activePaths":{"paths":{"__v":"init","_id":"init","createdAt":"init","groupId":"init","status":"init","updatedAt":"init","userId":"init"},"states":{"default":{},"init":{"__v":true,"_id":true,"createdAt":true,"groupId":true,"status":true,"updatedAt":true,"userId":true},"require":{}}},"skipId":true},"$isNew":false,"_doc":{"__v":0,"_id":"68b47383f763f71826952d7d","createdAt":"2025-08-31T16:08:35.182Z","groupId":"68b47364f763f71826952d79","status":"pending","updatedAt":"2025-08-31T16:08:35.182Z","userId":"68b41997b93d55d1b25fc758"},"level":"info","message":"member deleted from a group:","service":"auth-service","timestamp":"2025-08-31T16:16:23.611Z"}
{"level":"warn","message":"intending member to delete not found in DB","service":"auth-service","timestamp":"2025-08-31T16:16:23.611Z"}
{"level":"info","message":"attempt to remove membersId from group","service":"auth-service","timestamp":"2025-08-31T16:16:23.612Z"}
{"level":"info","message":"removed members Id from group","service":"auth-service","timestamp":"2025-08-31T16:16:23.646Z"}
{"level":"warn","message":"Checking for rate limit","service":"auth-service","timestamp":"2025-08-31T16:16:36.834Z"}
{"level":"info","message":"request from /api/group/groups having a method of GET","service":"auth-service","timestamp":"2025-08-31T16:16:36.837Z"}
{"level":"info","message":"user hits the getGroups controller","service":"auth-service","timestamp":"2025-08-31T16:16:36.838Z"}
{"level":"info","message":"user fetched all groups controller","service":"auth-service","timestamp":"2025-08-31T16:16:36.871Z"}
{"level":"warn","message":"Checking for rate limit","service":"auth-service","timestamp":"2025-08-31T16:16:38.142Z"}
{"level":"info","message":"request from /api/group/groups having a method of GET","service":"auth-service","timestamp":"2025-08-31T16:16:38.150Z"}
{"level":"info","message":"user hits the getGroups controller","service":"auth-service","timestamp":"2025-08-31T16:16:38.151Z"}
{"level":"info","message":"user fetched all groups controller","service":"auth-service","timestamp":"2025-08-31T16:16:38.202Z"}
{"level":"warn","message":"Checking for rate limit","service":"auth-service","timestamp":"2025-08-31T16:16:39.026Z"}
{"level":"info","message":"request from /api/group/groups having a method of GET","service":"auth-service","timestamp":"2025-08-31T16:16:39.036Z"}
{"level":"info","message":"user hits the getGroups controller","service":"auth-service","timestamp":"2025-08-31T16:16:39.036Z"}
{"level":"info","message":"user fetched all groups controller","service":"auth-service","timestamp":"2025-08-31T16:16:39.067Z"}
{"level":"warn","message":"Checking for rate limit","service":"auth-service","timestamp":"2025-08-31T16:16:42.955Z"}
{"level":"info","message":"request from /api/member/members/all having a method of GET","service":"auth-service","timestamp":"2025-08-31T16:16:42.964Z"}
{"level":"info","message":"user hits the getAllMembers controller","service":"auth-service","timestamp":"2025-08-31T16:16:42.964Z"}
{"level":"info","message":"All members fetched from Db","service":"auth-service","timestamp":"2025-08-31T16:16:42.999Z"}
